Hospital Name,State,Score_z_readm,Score_z_mort,Performance_Score,Rank
ABBEVILLE AREA MEDICAL CENTER,SC,-0.04159669472870418,-0.32316004854905783,-0.15422203625684566,3332.0
ABBEVILLE GENERAL HOSPITAL,LA,0.07362155181532419,0.06500024541512277,0.07017302925524362,1884.0
ABBOTT NORTHWESTERN HOSPITAL,MN,-0.04854951995118868,-0.4181354396254,-0.1963838878208732,3559.0
ABILENE REGIONAL MEDICAL CENTER,TX,-0.20250493559191618,0.08977643439156012,-0.08559238759852567,2910.0
ABINGTON MEMORIAL HOSPITAL,PA,-0.031167456894977408,-0.4140060747959938,-0.18430290405538396,3493.0
ABRAHAM LINCOLN MEMORIAL HOSPITAL,IL,-0.33493970173447735,0.4098022086705392,-0.037042937572470735,2571.0
ABRAZO ARROWHEAD CAMPUS,AZ,-0.21740384678295427,-0.14559736088459205,-0.1886812524236094,3517.0
ABRAZO CENTRAL CAMPUS,AZ,-0.14290929082776338,-0.24883148161974655,-0.18527816714455664,3499.0
ABRAZO MARYVALE CAMPUS,AZ,0.3318693457933185,-0.04855728739354702,0.1796986925185723,1310.0
ABRAZO SCOTTSDALE CAMPUS,AZ,0.04581025092538616,0.23636888583547935,0.12203370488942344,1597.0
ABRAZO WEST CAMPUS,AZ,0.3068959327492927,-0.38922988581955664,0.028445605321752943,2146.0
ABROM KAPLAN MEMORIAL HOSPITAL,LA,0.6417666985669118,0.14758754200324675,0.4440950359414458,313.0
ACADIA GENERAL HOSPITAL,LA,0.26830065804488906,0.46554863386752243,0.3471998483739424,600.0
ACMH HOSPITAL,PA,-0.26068163643311276,0.10629389370918499,-0.11389142437619365,3087.0
ADAIR COUNTY MEMORIAL HOSPITAL,IA,-0.04358321622084261,0.9486843189080456,0.3533237978307127,573.0
ADAMS COUNTY REGIONAL MEDICAL CENTER,OH,0.6318340911062199,-0.3231600485490578,0.2498364352441088,1029.0
ADAMS MEMORIAL HOSPITAL,IN,-0.02967756577587368,-0.2240552926433095,-0.10742865652284803,3051.0
ADCARE HOSPITAL OF WORCESTER INC,MA,0.2841928299819962,0.0,0.17051569798919772,1363.0
ADENA PIKE MEDICAL CENTER,OH,0.5027101941172225,-0.08365688844349946,0.2681633610929337,944.0
ADENA REGIONAL MEDICAL CENTER,OH,-0.19505547999639705,-0.45942908791946185,-0.30080492316562296,3933.0
ADIRONDACK MEDICAL CENTER,NY,-0.1793288515169679,0.11124913150447222,-0.06309765830839184,2751.0
ADVANCED SURGICAL HOSPITAL,PA,-1.0865069995935126,0.0,-0.6519041997561076,4125.0
ADVENTIST BOLINGBROOK HOSPITAL,IL,0.02878292384991405,0.1261148448903346,0.06771569226608226,1895.0
ADVENTIST GLENOAKS,IL,-0.050677935835622634,0.05178627796102333,-0.009692250316964246,2385.0
ADVENTIST HINSDALE HOSPITAL,IL,-0.16525765761432065,-0.44704099343124315,-0.27797099194108965,3878.0
ADVENTIST LA GRANGE MEMORIAL HOSPITAL,IL,-0.2670668840864147,-0.513110830701742,-0.36548446273254565,4040.0
ADVENTIST MEDICAL CENTER,CA,-0.0024338424551181093,0.6265938622143634,0.2491772394126745,1033.0
ADVENTIST MEDICAL CENTER,OR,-0.22237015051330034,0.16823436615027762,-0.06612834384786914,2774.0
ADVENTIST MEDICAL CENTER - REEDLEY,CA,0.27094935336774034,0.007189137803436441,0.1654452671420188,1391.0
ADVOCATE BROMENN MEDICAL CENTER,IL,-0.23726906170433848,-0.009328321514188184,-0.14609276562827836,3289.0
ADVOCATE CHRIST HOSPITAL & MEDICAL CENTER,IL,0.0035966692174448783,-0.674156059048583,-0.2675044220889663,3838.0
ADVOCATE CONDELL MEDICAL CENTER,IL,-0.27451633968193373,-0.5626632086546162,-0.38977508727100674,4057.0
ADVOCATE EUREKA  HOSPITAL,IL,0.33385586728545685,-0.30664258923143306,0.07765648467870089,1834.0
ADVOCATE GOOD SAMARITAN HOSPITAL,IL,-0.29438155460331794,-0.38097115616074423,-0.3290173952262885,3985.0
ADVOCATE GOOD SHEPHERD HOSPITAL,IL,-0.3887413254798928,-0.4718171824076802,-0.4219716682510078,4078.0
ADVOCATE ILLINOIS MASONIC MEDICAL CENTER,IL,0.12278795874574991,-0.0010695918553755845,0.07324493850529971,1858.0
ADVOCATE LUTHERAN GENERAL HOSPITAL,IL,-0.07834734233326489,-0.31077195406083924,-0.17131718702429463,3428.0
ADVOCATE SOUTH SUBURBAN HOSPITAL,IL,-0.15284189828845562,0.027010088984586213,-0.08090110337923889,2880.0
ADVOCATE TRINITY HOSPITAL,IL,0.17919097968325154,-0.3049908432996705,-0.014481749509917291,2422.0
AFFINITY MEDICAL CENTER,OH,-0.09572940538947614,-0.4222648044548061,-0.2263435650156081,3692.0
AHMC ANAHEIM REGIONAL MEDICAL CENTER,CA,-0.12304407590637939,-0.49246400655471106,-0.2708120481657121,3852.0
AIKEN REGIONAL MEDICAL CENTER,SC,-0.10743569275386311,0.45811577717459145,0.11878489521751873,1615.0
AKRON GENERAL MEDICAL CENTER,OH,-0.19257232813122405,-0.5667925734840225,-0.34226042627234343,4004.0
ALAMANCE REGIONAL MEDICAL CENTER,NC,-0.1556797861343677,0.6612805267813753,0.17110433903192948,1358.0
ALAMEDA HOSPITAL,CA,0.06567546584677052,0.031965326779873585,0.052191410220011746,1988.0
ALASKA NATIVE MEDICAL CENTER,AK,-0.04500216014379861,0.21035388741022065,0.057140258877809096,1954.0
ALASKA REGIONAL HOSPITAL,AK,-0.25216797289537657,-0.09604498293171788,-0.1897187769099131,3521.0
ALBANY AREA HOSPITAL,MN,0.025945036004001974,0.6513700511908005,0.2761150420787214,895.0
ALBANY MEDICAL CENTER HOSPITAL,NY,0.0855406807681546,-0.4552997230900557,-0.13079548077512954,3194.0
ALBANY MEMORIAL HOSPITAL,NY,0.09216241907528272,0.3540557834735556,0.19691976483459186,1240.0
ALBERT EINSTEIN MEDICAL CENTER,PA,0.12278795874574999,-0.26534894093737127,-0.03246680112749853,2543.0
ALEXIAN BROTHERS MEDICAL CENTER 1,IL,-0.21988699864812733,-0.719579072172051,-0.4197638280576968,4076.0
ALHAMBRA HOSPITAL MEDICAL CENTER,CA,0.11533850315023104,-0.3644536968431196,-0.07657837684710925,2850.0
ALICE HYDE MEDICAL CENTER,NY,-0.062029487219270714,0.07656246693746027,-0.0065927055565783155,2370.0
ALICE PECK DAY MEMORIAL HOSPITAL,NH,-0.3018310101988372,-0.15798545537281053,-0.24429278826842654,3780.0
ALLEGAN GENERAL HOSPITAL,MI,-0.06146190965008826,-0.1497267257139982,-0.09676783607565223,2975.0
ALLEGHANY COUNTY MEMORIAL HOSPITAL,NC,0.44311454935306993,0.007189137803436552,0.26874438473321655,938.0
ALLEGHENY GENERAL HOSPITAL,PA,0.04332709906021326,-0.27773703542558986,-0.08509855473410799,2908.0
ALLEGHENY VALLEY HOSPITAL,PA,-0.09892202921612715,0.13602532048090932,-0.0049430893373125576,2356.0
ALLEN COUNTY REGIONAL HOSPITAL,KS,0.5225754090386067,0.7835097257317983,0.6269491357158834,69.0
ALLEN HOSPITAL,IA,-0.036133760625323585,0.11868198819740337,0.0257925389037672,2162.0
ALLEN PARISH HOSPITAL,LA,-0.0038527863780740135,0.527489106308615,0.2086839706966016,1185.0
ALLENDALE COUNTY HOSPITAL,SC,0.05574285838607833,1.444208098436787,0.6111289544063618,86.0
ALLIANCE COMMUNITY HOSPITAL,OH,0.0021067780983410667,-0.009328321514188267,-0.0024672617466706672,2342.0
ALLIANCE HEALTHCARE SYSTEM,MS,0.6020362687241435,0.10629389370918492,0.40373931871816005,428.0
ALLIANCEHEALTH BLACKWELL,OK,0.23651631417067448,0.03815937402398295,0.15717353811199786,1435.0
ALLIANCEHEALTH CLINTON,OK,0.30803108788765765,0.1682343661502776,0.2521123991927056,1021.0
ALLIANCEHEALTH DEACONESS,OK,-0.1776734169401859,-0.0753981587846871,-0.1367633136779864,3231.0
ALLIANCEHEALTH DURANT,OK,0.3040580449033808,-0.2108413251892097,0.0980982968663446,1718.0
ALLIANCEHEALTH MADILL,OK,0.7311601657131408,-0.01758705117300045,0.4316612789586843,340.0
ALLIANCEHEALTH MIDWEST,OK,0.06851335369268245,-0.00767657558242561,0.03803738198263922,2085.0
ALLIANCEHEALTH PONCA CITY,OK,-0.07338103860291881,0.3540557834735557,0.09759369022767102,1721.0
ALLIANCEHEALTH PRYOR,OK,-0.02967756577587366,-0.45529972309005545,-0.19992642870154637,3582.0
ALLIANCEHEALTH SEMINOLE,OK,0.5424406239599909,-0.3727124265019319,0.1763794037752218,1331.0
ALLIANCEHEALTH WOODWARD,OK,-0.16939624405627565,0.3478617362294464,0.03750694805801316,2088.0
ALTA BATES SUMMIT MEDICAL CENTER,CA,-0.023718001299458377,-0.6535092349015521,-0.2756344947402959,3872.0
ALTA BATES SUMMIT MEDICAL CENTER - ALTA BATES CAMP,CA,-0.1443282347507196,0.10133865591389743,-0.04606147848487278,2635.0
ALTA VIEW HOSPITAL,UT,-0.1329766833670714,-0.1084330774199365,-0.12315924098821744,3148.0
ALTA VISTA REGIONAL HOSPITAL,NM,0.296111958934827,-0.04236324014943765,0.1607218793011211,1414.0
ALTON MEMORIAL HOSPITAL,IL,-0.11878724413751134,0.3094586433159689,0.05251111084388077,1986.0
ALTRU HOSPITAL,ND,-0.23975221356951143,-0.07126879395528096,-0.17235884572381924,3435.0
ALVARADO HOSPITAL MEDICAL CENTER,CA,-0.21527543089852022,-0.1315575204646111,-0.18178826672495657,3481.0
AMERICAN FORK HOSPITAL,UT,-0.520348374334063,0.27972721654424454,-0.20031813798274,3583.0
AMERY HOSPITAL & CLINIC,WI,-0.10913842546141037,0.2301748385913701,0.026586880159701842,2159.0
ANAHEIM GLOBAL MEDICAL CENTER,CA,0.1550689329929993,0.8991319409551717,0.4526941361778683,294.0
ANDALUSIA REGIONAL HOSPITAL,AL,-0.08662451521717505,-0.17863227951984156,-0.12342762093824167,3150.0
ANDERSON COUNTY HOSPITAL,KS,0.0855406807681545,0.502712917332178,0.25240957539376396,1017.0
ANDERSON HOSPITAL,IL,-0.16419344967210378,0.3491005456782682,0.04112414846804503,2069.0
ANDERSON REGIONAL MEDICAL CTR,MS,-0.051032671816361744,-0.07539815878468709,-0.06077886660369188,2735.0
ANDROSCOGGIN VALLEY HOSPITAL,NH,-0.301831010198837,0.29954816772539405,-0.06127933902914458,2737.0
ANGEL MEDICAL CENTER,NC,-0.28338473920040885,0.3738767346547052,-0.0204801496583632,2464.0
"ANIMAS SURGICAL HOSPITAL, LLC",CO,-1.364620008492891,0.0,-0.8187720050957346,4168.0
ANMED HEALTH,SC,-0.15532505015362866,-0.24883148161974647,-0.1927276227400758,3543.0
ANNA JAQUES HOSPITAL,MA,0.12527111061092308,-0.0671394291258747,0.04830689471620396,2018.0
ANNIE JEFFREY MEMORIAL COUNTY HEALTH CENTER,NE,0.05574285838607833,1.1964462086724164,0.5120241985006135,187.0
ANSON GENERAL HOSPITAL,TX,0.5027101941172226,-0.40161798030777524,0.14097892434722345,1502.0
ANTELOPE MEMORIAL HOSPITAL,NE,0.12527111061092305,0.34166768898533717,0.2118297419606887,1173.0
ANTELOPE VALLEY HOSPITAL,CA,0.011755596774441903,0.453160539379304,0.18831757381638675,1274.0
ANTHONY MEDICAL CENTER,KS,0.44311454935307,0.40360816142642963,0.42731199418241383,355.0
APPLING HOSPITAL,GA,0.47787867546549223,-0.058880699467062515,0.26317492549247035,961.0
ARBUCKLE MEMORIAL HOSPITAL AUTHORITY,OK,0.547406927690337,0.3457970538147432,0.4667629781400995,267.0
ARIA HEALTH,PA,0.023461884138829103,-0.281866400254996,-0.09866942961870094,2983.0
ARISE AUSTIN MEDICAL CENTER,TX,-1.255361326425278,0.0,-0.7532167958551669,4153.0
ARIZONA ORTHOPEDIC AND SURGICAL SPECIALITY HOSP,AZ,-0.8878548503796706,0.0,-0.5327129102278023,4114.0
ARIZONA SPINE AND JOINT HOSPITAL,AZ,-1.2950917562680464,0.0,-0.7770550537608278,4159.0
"ARKANSAS HEART HOSPITAL, LLC",AR,0.16500154045369136,-0.3479362375254948,-0.040173570737983125,2596.0
ARKANSAS METHODIST MEDICAL CENTER,AR,0.18770464322098754,0.5869519598520642,0.3474035698734182,597.0
ARKANSAS SURGICAL HOSPITAL,AR,-1.6129351950101933,0.0,-0.967761117006116,4184.0
ARKANSAS VALLEY REGIONAL MEDICAL CENTER,CO,-0.2819657952774528,0.22026436300079544,-0.08107373196615349,2883.0
ARNOT OGDEN MEDICAL CENTER,NY,0.043327099060213196,-0.1868910091786539,-0.04876014423533365,2655.0
AROOSTOOK MEDICAL CENTER,ME,-0.15000401044254358,0.05178627796102322,-0.06928789508111687,2807.0
ARROWHEAD REGIONAL MEDICAL CENTER,CA,0.29213891595055025,-0.037408002354150226,0.16032014862867006,1417.0
ARTESIA GENERAL HOSPITAL,NM,-0.2256810196668643,0.5894295787497079,0.10036321969976461,1696.0
ASANTE ASHLAND COMMUNITY HOSPITAL,OR,-0.18065319917839356,-0.11669180707874884,-0.15506864233853568,3343.0
ASANTE ROGUE REGIONAL MEDICAL CENTER,OR,-0.3639098068281627,-0.19514973883746614,-0.2964057796318841,3922.0
ASANTE THREE RIVERS MEDICAL CENTER,OR,-0.19824810382304814,0.6513700511908005,0.1415991581824913,1498.0
ASHE MEMORIAL HOSPITAL,NC,0.30405804490338073,0.07532365748863848,0.21256428993748383,1172.0
ASHLAND HEALTH CENTER,KS,-0.09324625352430307,0.0,-0.05594775211458184,2706.0
ASHLEY COUNTY MEDICAL CENTER,AR,0.28021978699771977,0.18062246063849607,0.2403808564540303,1075.0
ASHLEY MEDICAL CENTER,ND,-0.09324625352430307,0.0,-0.05594775211458184,2706.0
ASHLEY REGIONAL MEDICAL CENTER,UT,-0.11708451142996412,0.11455262336799736,-0.02442965751077953,2491.0
ASHTABULA COUNTY MEDICAL CENTER,OH,0.19338041891281163,-0.1117365692834615,0.07133362363430237,1878.0
"ASOCIACION HOSPITAL DEL MAESTRO, INC",PR,0.49873715113294564,0.38874244804056757,0.45473926989599445,292.0
ASPEN VALLEY HOSPITAL,CO,-0.8415026822297742,0.6513700511908005,-0.24435358886154435,3781.0
ASPIRUS GRAND VIEW HOSPITAL,MI,0.08554068076815469,0.3292795944971185,0.18303624625974022,1295.0
"ASPIRUS IRON RIVER HOSPITAL & CLINICS, INC",MI,0.21267805626501338,0.274771978748957,0.23751562525859082,1089.0
ASPIRUS KEWEENAW HOSPITAL,MI,-0.0677052629110948,0.32432435670183113,0.08910658493407558,1758.0
ASPIRUS LANGLADE HOSPITAL,WI,0.17294762642224507,0.34166768898533706,0.24043565144748186,1074.0
"ASPIRUS MEDFORD HOSPITAL & CLINICS, INC",WI,0.4381482456227238,-0.10843307741993635,0.21951571640565973,1153.0
"ASPIRUS ONTONAGON HOSPITAL, INC",MI,-0.013785393838766438,0.8248033740258602,0.32165011330708426,709.0
ASPIRUS RIVERVIEW HOSPITAL & CLINICS INC,WI,-0.14290929082776352,0.707116476387784,0.19710101605845548,1238.0
ASPIRUS WAUSAU HOSPITAL,WI,-0.3142467695247022,-0.2529608464491528,-0.28973240029448244,3908.0
ASSUMPTION COMMUNITY HOSPITAL,LA,-0.1131114684456872,0.0,-0.06786688106741232,2794.0
ATCHISON HOSPITAL,KS,-0.049542780697257836,-0.2157965629844971,-0.11604429361215354,3100.0
ATHENS REGIONAL MEDICAL CENTER,GA,-0.2447185172998575,-0.4718171824076804,-0.3355579833429867,3992.0
ATHENS-LIMESTONE HOSPITAL,AL,0.03256677431113015,0.3602498307176649,0.16363999687374406,1399.0
ATHOL MEMORIAL HOSPITAL,MA,0.5523732314206831,0.04848278609749834,0.35081705329140916,585.0
ATLANTICARE REGIONAL MEDICAL CENTER - CITY CAMPUS,NJ,0.11782165501540384,-0.5048521010429297,-0.13124784740792955,3196.0
ATMORE COMMUNITY HOSPITAL,AL,0.24843544312350505,-0.23437870471682487,0.05530978398737306,1971.0
ATOKA COUNTY MEDICAL CENTER,OK,0.6368003948365658,-0.2405727519609344,0.28585113611756574,864.0
ATRIUM MEDICAL CENTER,OH,-0.2695500359515878,-0.19102037400806005,-0.23813817117417668,3755.0
AUBURN COMMUNITY HOSPITAL,NY,0.07135124153859453,0.046831040165735846,0.061543160989451055,1927.0
AUDUBON COUNTY MEMORIAL HOSPITAL,IA,0.07560807330746244,0.9734605078844821,0.43474904713827034,330.0
AUGUSTA HEALTH,VA,-0.3287909447350013,0.4482053015840165,-0.01799244620739418,2443.0
AULTMAN HOSPITAL,OH,-0.2720331878167607,-0.4263941692842123,-0.3337775804037414,3989.0
AULTMAN ORRVILLE HOSPITAL,OH,0.3768971662817895,0.8124152795376415,0.5511044115841304,128.0
AURELIA OSBORN FOX MEMORIAL HOSPITAL,NY,-0.025136945222414435,0.2846824543395317,0.09879081460236402,1711.0
AURORA BAYCARE MEDICAL CTR,WI,-0.1702239613446667,-0.24057275196093433,-0.19836347759117376,3567.0
AURORA LAKELAND MEDICAL CENTER,WI,-0.28622262704632095,0.30945864331596884,-0.04795011890140502,2650.0
AURORA MEDICAL CENTER,WI,-0.18065319917839354,-0.24057275196093417,-0.2046210202914098,3605.0
AURORA MEDICAL CTR KENOSHA,WI,-0.14290929082776352,0.20044341181964595,-0.005568209768799723,2363.0
AURORA MEDICAL CTR MANITOWOC COUNTY,WI,-0.31176361765952915,0.13107008268562184,-0.13463013752146874,3216.0
AURORA MEDICAL CTR OSHKOSH,WI,-0.2635195242790247,0.27972721654424454,-0.046220827949717005,2636.0
AURORA MEDICAL CTR WASHINGTON COUNTY,WI,-0.09324625352430302,0.06912961024452932,-0.028295908016770083,2512.0
AURORA MEMORIAL HOSPITAL BURLINGTON,WI,-0.15851767398027963,0.27972721654424426,0.01678028222952993,2222.0
AURORA SHEBOYGAN MEMORIAL MEDICAL CTR,WI,-0.3344667204268253,0.27477197874895687,-0.09077124075651243,2938.0
AURORA ST LUKES MEDICAL CENTER,WI,-0.19753863186157006,-0.7980370039307685,-0.43773798068924946,4088.0
AURORA WEST ALLIS MEDICAL CENTER,WI,-0.16135556182619173,0.061696753551598024,-0.07213463567507582,2821.0
AUXILIO MUTUO HOSPITAL,PR,-0.2748710756626726,0.5968624354426391,0.07382232877945208,1856.0
AVENTURA HOSPITAL AND MEDICAL CENTER,FL,0.2841928299819966,-0.6204743162663028,-0.07767402851732319,2854.0
AVERA CREIGHTON HOSPITAL,NE,0.27094935336774034,1.023012885837357,0.5717747663555871,114.0
AVERA DELLS AREA HOSPITAL  - CAH,SD,0.0060798210826180366,1.2955509645781644,0.5218682784808366,167.0
AVERA FLANDREAU HOSPITAL - CAH,SD,0.0160124285433101,0.9982366968609196,0.4089021358703539,411.0
AVERA GREGORY HOSPITAL,SD,0.6682536517954244,-0.25709021127855897,0.298116106565831,796.0
AVERA HAND COUNTY MEMORIAL HOSPITAL AND CLINIC,SD,0.3785526008585714,-0.07539815878468696,0.19697229700126803,1239.0
AVERA HEART HOSPITAL OF SOUTH DAKOTA,SD,-0.11807777217603332,-1.041669528865733,-0.4875144748519132,4107.0
AVERA HOLY FAMILY HOSPITAL,IA,-0.13297668336707144,0.17566722284320868,-0.009519120882959392,2384.0
AVERA MARSHALL REGIONAL MEDICAL CTR,MN,-0.0654349526343653,-0.009328321514188165,-0.04299230018629444,2623.0
AVERA MCKENNAN HOSPITAL & UNIVERSITY HEALTH CENTER,SD,-0.413927580112362,0.16575674725263392,-0.18205384916636363,3483.0
AVERA QUEEN OF PEACE,SD,-0.43426577634139824,0.027010088984586254,-0.2497554302110044,3800.0
AVERA SACRED HEART HOSPITAL,SD,-0.28338473920040885,0.2599062653630947,-0.06606833737500742,2773.0
AVERA ST ANTHONY'S HOSPITAL,NE,0.006079821082617974,0.007189137803436589,0.00652354777094542,2289.0
AVERA ST BENEDICT HEALTH CENTER - CAH,SD,0.5159536707314789,0.6761462401672376,0.5800306985057824,103.0
AVERA ST LUKES,SD,-0.36568348673185763,-0.19597561180334747,-0.2978003367604536,3926.0
AVERA ST MARY'S HOSPITAL,SD,-0.3216962251202211,0.2053986496149331,-0.11085827522615942,3074.0
AVERA TYLER HOSPITAL,MN,0.13520371807161516,0.0,0.08112223084296909,1812.0
AVERA WESKOTA MEMORIAL MEDICAL CENTER - CAH,SD,-0.023718001299458488,1.072565263790231,0.41479530473641735,395.0
AVOYELLES HOSPITAL,LA,0.7162612545221028,-0.19927910366687243,0.35004511124651266,588.0
BACON COUNTY HOSPITAL,GA,-0.0574888666658115,0.056741515756310666,-0.01179671369696263,2398.0
"BAILEY MEDICAL CENTER, LLC",OK,-0.4160559959967962,-0.09191561810231202,-0.2863998448390025,3900.0
BAKERSFIELD HEART HOSPITAL,CA,-0.038616912490496626,-0.2405727519609341,-0.11939924827867163,3121.0
BAKERSFIELD MEMORIAL HOSPITAL,CA,0.05325970652090528,-0.058880699467062404,0.008403544125718206,2282.0
BALDWIN AREA MEDICAL CENTER,WI,0.39345151204960954,-0.1579854553728106,0.17287672508064145,1349.0
BALLINGER MEMORIAL HOSPITAL,TX,0.4828449791958383,0.3045034055206815,0.41150834972577555,403.0
BANNER - UNIVERSITY MEDICAL CENTER PHOENIX,AZ,-0.1975386318615701,-0.14972672571399828,-0.1784138694025414,3468.0
BANNER BAYWOOD MEDICAL CENTER,AZ,-0.18405866459348805,-0.052273715740012404,-0.1313446850520978,3197.0
BANNER BOSWELL MEDICAL CENTER,AZ,-0.17519026507501273,-0.3603243320137133,-0.24924389185049295,3797.0
BANNER CASA GRANDE MEDICAL CENTER,AZ,-0.0506779358356226,0.32927959449711847,0.10130507629747385,1693.0
BANNER CHURCHILL COMMUNITY HOSPITAL,NV,0.07362155181532425,-0.07539815878468696,0.014013667575319761,2244.0
BANNER DEL E WEBB MEDICAL CENTER,AZ,-0.25216797289537657,0.17566722284320863,-0.0810338945999425,2882.0
BANNER DESERT MEDICAL CENTER,AZ,-0.01626854570393928,-0.31077195406083924,-0.13406990904669927,3213.0
BANNER ESTRELLA MEDICAL CENTER,AZ,-0.19257232813122405,-0.43878226377243085,-0.2910563023877068,3914.0
BANNER GATEWAY MEDICAL CENTER,AZ,-0.06344843114222679,0.05178627796102329,-0.017354547500926753,2438.0
BANNER GOLDFIELD MEDICAL CENTER,AZ,0.330544998131893,-0.41400607479599383,0.03272456896073822,2119.0
BANNER HEART HOSPITAL,AZ,-0.0005419172245102374,-0.5230213062923169,-0.20953367285163293,3623.0
BANNER IRONWOOD MEDICAL CENTER,AZ,-0.18065319917839343,-0.3066425892314331,-0.2310489551996093,3711.0
BANNER LASSEN MEDICAL CENTER,CA,0.4033841195103016,-0.10017434776112417,0.2019607326017313,1213.0
BANNER PAYSON MEDICAL CENTER,AZ,-0.087570477832479,-0.07704990471644947,-0.0833622485860672,2895.0
BANNER THUNDERBIRD MEDICAL CENTER,AZ,-0.20250493559191612,-0.3644536968431196,-0.26728444009239755,3837.0
BANNER-UNIVERSITY MEDICAL CENTER SOUTH CAMPUS,AZ,0.24446240013922815,0.14098055827619677,0.2030696633940156,1206.0
BANNER-UNIVERSITY MEDICAL CENTER TUCSON CAMPUS,AZ,-0.09076310165913004,-0.4552997230900555,-0.23657775023150024,3746.0
BAPTIST BEAUMONT HOSPITAL,TX,-0.01626854570393925,-0.046492604978843804,-0.028358169413901076,2513.0
BAPTIST EASLEY HOSPITAL,SC,0.01459348462035386,0.0815177047327477,0.0413631726653114,2066.0
BAPTIST EMERGENCY HOSPITAL,TX,0.1716232787608194,-0.37684179133133805,-0.0477627492760436,2649.0
BAPTIST HEALTH CORBIN,KY,-0.07054315075700682,0.16575674725263384,0.023976808446849456,2178.0
BAPTIST HEALTH LA GRANGE,KY,-0.10317886098499518,0.09390579922096642,-0.02434499690261053,2490.0
BAPTIST HEALTH LEXINGTON,KY,-0.2769994915471069,-0.2157965629844971,-0.252518320122063,3807.0
BAPTIST HEALTH LOUISVILLE,KY,-0.3713592624236817,-0.1868910091786539,-0.2975719611256706,3925.0
BAPTIST HEALTH MADISONVILLE,KY,-0.05103267181636176,0.20126928478552708,0.04988811082439379,2008.0
BAPTIST HEALTH MEDICAL CENTER HEBER SPINGS,AR,-0.13297668336707139,0.09390579922096622,-0.042223690331856335,2613.0
BAPTIST HEALTH MEDICAL CENTER NORTH LITTLE ROCK,AR,0.2593613113302663,-0.03410451049062513,0.14197498260190972,1495.0
BAPTIST HEALTH MEDICAL CENTER-ARKADELPHIA,AR,0.30008500191910387,0.4593545866234131,0.36379283580082755,542.0
BAPTIST HEALTH MEDICAL CENTER-HOT SPRINGS COUNTY,AR,0.6973893003467875,0.0939057992209662,0.45599589989645894,290.0
BAPTIST HEALTH MEDICAL CENTER-LITTLE ROCK,AR,0.003596669217444816,-0.05062196980824992,-0.01809078639283308,2445.0
BAPTIST HEALTH MEDICAL CENTER-STUTTGART,AR,0.2603545720763355,0.18062246063849602,0.2284617275011997,1119.0
BAPTIST HEALTH PADUCAH,KY,-0.16774080947949377,0.13107008268562187,-0.0482164526134475,2653.0
BAPTIST HEALTH RICHMOND,KY,0.08885154992171869,0.26733912205602584,0.16024657877544154,1418.0
BAPTIST HOSPITAL,FL,-0.24223536543468446,-0.13320926639637354,-0.1986249258193601,3572.0
BAPTIST HOSPITAL OF MIAMI,FL,-0.15284189828845557,-0.6658973293897708,-0.3580640707289816,4029.0
BAPTIST MEDICAL CENTER,TX,-0.3142467695247022,-0.16624418503162297,-0.2550457357274705,3810.0
BAPTIST MEDICAL CENTER - ATTALA,MS,0.5066832371014994,0.06293556300042,0.32918416746106766,674.0
BAPTIST MEDICAL CENTER - BEACHES,FL,-0.09324625352430307,0.0567415157563107,-0.033251145812057556,2550.0
BAPTIST MEDICAL CENTER - NASSAU,FL,0.2603545720763355,0.23513007638665773,0.2502647738004644,1027.0
BAPTIST MEDICAL CENTER EAST,AL,0.22790805437140804,-0.16624418503162297,0.07024715861019562,1882.0
BAPTIST MEDICAL CENTER JACKSONVILLE,FL,-0.15780820201880172,-0.6328624107545213,-0.3478298855130896,4013.0
BAPTIST MEDICAL CENTER SOUTH,AL,0.03587764346469421,-0.06301006429646865,-0.0036774396397709352,2350.0
BAPTIST MEDICAL CENTER YAZOO,MS,0.5921036612634514,0.19713991995612082,0.4341181647405191,331.0
BAPTIST MEDICAL CENTER-LEAKE,MS,0.6020362687241436,0.15584627166205908,0.42356026989930984,365.0
BAPTIST MEDICAL CENTER-PRINCETON,AL,-0.060965279277053794,0.3540557834735556,0.10504314582318997,1676.0
BAPTIST MEM HOSP/ GOLDEN TRIANGLE INC,MS,-0.07089788673774577,0.048482786097498363,-0.023145617603648118,2482.0
BAPTIST MEMORIAL HOSPITAL,TN,-0.00385278637807418,-0.40574734513718136,-0.16461060988171705,3389.0
BAPTIST MEMORIAL HOSPITAL BOONEVILLE,MS,0.16102849746941467,0.49651887008806883,0.29522464651687635,814.0
BAPTIST MEMORIAL HOSPITAL DESOTO,MS,0.16003523672334535,-0.2653489409373712,-0.010118434340941285,2389.0
BAPTIST MEMORIAL HOSPITAL HUNTINGDON,TN,0.24843544312350505,-0.19102037400806002,0.072653116270879,1865.0
BAPTIST MEMORIAL HOSPITAL NORTH MS,MS,-0.13545983523224453,-0.3892298858195566,-0.23696785546716936,3747.0
BAPTIST MEMORIAL HOSPITAL TIPTON,TN,0.46297976427445414,-0.09191561810231175,0.24102161132374778,1071.0
BAPTIST MEMORIAL HOSPITAL UNION CITY,TN,-0.17601798236340374,0.41351863701700464,0.05979666538875962,1939.0
BAPTIST MEMORIAL HOSPITAL UNION COUNTY,MS,-0.12730090767524743,0.4779367283557412,0.11479414673714802,1632.0
BAPTIST ST ANTHONY'S HOSPITAL,TX,-0.3589435030978166,-0.33967750786668266,-0.35123710500536304,4018.0
BARAGA COUNTY MEMORIAL HOSPITAL,MI,0.6070025724544896,-0.03410451049062524,0.3505597392764437,586.0
BARBOURVILLE ARH HOSPITAL,KY,1.0092731746125194,0.45316053937930373,0.7868281205192331,18.0
BARNES JEWISH HOSPITAL,MO,0.1203048068805769,-0.4429116286018369,-0.10498176731238865,3027.0
BARNES-JEWISH ST PETERS HOSPITAL,MO,0.11959533491909899,0.09142818032332273,0.10832847308078848,1662.0
BARNES-JEWISH WEST COUNTY HOSPITAL,MO,0.0179989500354484,0.3168915000089,0.13755597002482906,1520.0
BARNES-KASSON COUNTY HOSPITAL,PA,0.6467330022972578,0.18062246063849619,0.4602887856337532,283.0
"BARNESVILLE HOSPITAL ASSOCIATION, INC",OH,0.31895695609441876,-0.2405727519609343,0.09514507287227751,1731.0
BARRETT MEMORIAL HOSPITAL,MT,-0.2422353654346844,0.2053986496149331,-0.0631817594148374,2754.0
BARROW REGIONAL MEDICAL CENTER,GA,0.4530471568137622,-0.3892298858195566,0.11613633976043466,1624.0
BARSTOW COMMUNITY HOSPITAL,CA,0.3934515120496096,0.2004434118196458,0.31624827195762406,733.0
BARTLETT REGIONAL HOSPITAL,AK,-0.2356136271275564,0.46554863386752243,0.04485127727047514,2044.0
BARTON COUNTY MEMORIAL HOSPITAL,MO,-0.13628755252063549,-0.060945381881765515,-0.10615068426508749,3038.0
BARTON MEMORIAL HOSPITAL,CA,-0.2283297149897155,-0.0753981587846869,-0.16715709250770405,3403.0
BARTOW REGIONAL MEDICAL CENTER,FL,-0.11973320675281536,-0.16624418503162292,-0.13833759806433837,3242.0
BATES COUNTY MEMORIAL HOSPITAL,MO,0.05772937987821668,-0.05888069946706239,0.011085348140105044,2260.0
BATH COMMUNITY HOSPITAL,VA,0.6914297358703724,0.19301055512671464,0.49206206357290927,225.0
BATON ROUGE GENERAL MEDICAL CENTER,LA,-0.11807777217603328,0.04022405643868606,-0.054757040730145534,2698.0
BAUM HARMON MERCY HOSPITAL,IA,-0.1329766833670713,0.0,-0.07978601002024278,2872.0
BAXTER REGIONAL MEDICAL CENTER,AR,-0.20995439118743525,0.15997563649146537,-0.061982380115874994,2742.0
BAY AREA HOSPITAL,OR,-0.09040836567839101,0.5225338685133278,0.15476852799829655,1444.0
BAY AREA MEDICAL CENTER,WI,-0.1755450010557519,0.07656246693746034,-0.074702013858467,2836.0
"BAY AREA REGIONAL MEDICAL CENTER, LLC",TX,0.31995021684048786,-0.005198956684782055,0.1898905474303799,1270.0
BAY MEDICAL CENTER SACRED HEART HEALTH SYSTEM,FL,-0.2074712393222622,-0.3933592506489627,-0.2818264438529424,3888.0
BAY PARK COMMUNITY HOSPITAL,OH,-0.2554788420489406,0.04187580237044845,-0.136536984281185,3229.0
BAYFRONT HEALTH - ST PETERSBURG,FL,0.0599996901549465,0.30450340552068145,0.1578011763012405,1430.0
BAYFRONT HEALTH BROOKSVILLE,FL,-0.06202948721927074,0.40856339922171714,0.12620766735712444,1576.0
BAYFRONT HEALTH DADE CITY,FL,0.20804283945002386,0.4630710149698788,0.31005410965796587,762.0
BAYFRONT HEALTH PORT CHARLOTTE,FL,0.05822601025125129,-0.49659337138411735,-0.16370174240289617,3380.0
BAYFRONT HEALTH PUNTA GORDA,FL,-0.17838288890166387,0.27972721654424426,0.004861153276699393,2300.0
BAYHEALTH - KENT GENERAL HOSPITAL,DE,0.06567546584677042,-0.5915687624604594,-0.19722222547612153,3562.0
BAYHEALTH - MILFORD MEMORIAL HOSPITAL,DE,-0.12446301982933528,-0.06713942912587476,-0.10153358354795106,3002.0
BAYLOR HEART AND VASCULAR HOSPITAL,TX,0.12527111061092291,0.20539864961493312,0.157322126212527,1434.0
BAYLOR MEDICAL CENTER AT FRISCO,TX,-1.0964396070542048,0.0,-0.6578637642325229,4126.0
BAYLOR MEDICAL CENTER AT IRVING,TX,-0.20250493559191612,-0.34380687269608873,-0.2590257104335852,3817.0
BAYLOR MEDICAL CENTER AT TROPHY CLUB,TX,-1.0865069995935124,0.0,-0.6519041997561074,4124.0
BAYLOR MEDICAL CENTER AT UPTOWN,TX,-1.2851591488073544,0.0,-0.7710954892844126,4158.0
BAYLOR ORTHOPEDIC AND SPINE HOSPITAL AT ARLINGTON,TX,-1.156035251818357,0.0,-0.6936211510910142,4134.0
BAYLOR REGIONAL MEDICAL CENTER AT PLANO,TX,-0.20912667389904416,-0.24057275196093414,-0.22170510512380015,3678.0
BAYLOR SCOTT & WHITE MEDICAL CENTER  GRAPEVINE,TX,-0.25961742849089564,-0.31903068371965165,-0.28338273058239805,3892.0
BAYLOR SCOTT & WHITE MEDICAL CENTER - LLANO,TX,0.3090243486337268,-0.00932832151418809,0.18168328057456085,1300.0
BAYLOR SCOTT & WHITE MEDICAL CENTER -TAYLOR,TX,0.4580134605441083,-0.3149013188902454,0.1488475487703668,1468.0
BAYLOR SCOTT & WHITE MEDICAL CENTER GARLAND,TX,-0.20002178372674304,-0.2240552926433095,-0.20963518729336963,3624.0
BAYLOR SCOTT & WHITE MEDICAL CENTER- COLLEGE STATI,TX,-0.09892202921612718,0.0765624669374604,-0.028728230754692143,2518.0
BAYLOR SCOTT & WHITE MEDICAL CENTER- WAXAHACHIE,TX,-0.22095120659034428,0.13602532048090935,-0.07816059576184284,2857.0
BAYLOR SCOTT AND WHITE  MEDICAL CENTER  MCKINNEY,TX,-0.10743569275386322,-0.1414679960551859,-0.1210486140743923,3135.0
BAYLOR SCOTT AND WHITE ALL SAINTS MEDICAL CENTER,TX,-0.15780820201880166,-0.6452505052427399,-0.35278512330837697,4021.0
BAYLOR SCOTT AND WHITE MEDICAL CENTER CARROLLTON,TX,-0.1273009076752475,0.2648615031583822,0.029564056658204385,2135.0
BAYLOR SCOTT AND WHITE MEDICAL CENTER CENTENNIAL,TX,0.3371667364390208,0.08647294252803525,0.23688921887462658,1093.0
BAYLOR SCOTT AND WHITE MEDICAL CENTER LAKE POINTE,TX,0.3173015215176369,0.32102086483830616,0.3187892588459046,728.0
BAYLOR SCOTT AND WHITE MEDICAL CENTER SUNNYVALE,TX,-0.26068163643311254,0.1657567472526338,-0.09010628295881398,2936.0
BAYLOR SCOTT AND WHITE SURGICAL HOSPITAL AT SHERMA,TX,-1.116304821975589,0.0,-0.6697828931853533,4131.0
BAYLOR SURGICAL HOSPITAL AT FORT WORTH,TX,-1.1858330742004333,0.0,-0.7114998445202599,4139.0
BAYLOR SURGICAL HOSPITAL AT LAS COLINAS,TX,-1.245428718964586,0.0,-0.7472572313787517,4152.0
BAYLOR UNIVERSITY MEDICAL CENTER,TX,-0.4160559959967961,-0.13320926639637362,-0.3029173041566271,3935.0
BAYSHORE COMMUNITY HOSPITAL,NJ,-0.11594935629159932,-0.1811098984174853,-0.1420135731419537,3262.0
BAYSHORE MEDICAL CENTER,TX,0.16216365260777926,-0.1992791036668724,0.017586550097918582,2216.0
BAYSIDE COMMUNITY HOSPITAL,TX,-0.1329766833670713,0.0,-0.07978601002024278,2872.0
BAYSTATE FRANKLIN MEDICAL CENTER,MA,-0.08473258998656706,0.06665199134688563,-0.024178757453185984,2487.0
BAYSTATE MARY LANE HOSPITAL,MA,-0.25878971120250466,0.05674151575631074,-0.1325772204189785,3205.0
BAYSTATE MEDICAL CENTER,MA,-0.22237015051330022,-0.5833100328016472,-0.366746103428639,4042.0
BAYSTATE WING HOSPITAL AND MEDICAL CENTERS,MA,0.29412543744268865,-0.13651275825989853,0.12187015916165377,1599.0
BEACHAM MEMORIAL HOSPITAL,MS,0.2603545720763355,-0.3025132244020269,0.03520745348499052,2106.0
BEAR LAKE MEMORIAL HOSPITAL,ID,-0.057488866665811565,0.3912200669382112,0.12199470677579757,1598.0
BEAR RIVER VALLEY HOSPITAL,UT,-0.09324625352430307,1.122117641743105,0.39289930458266015,462.0
BEAR VALLEY COMMUNITY HOSPITAL,CA,-0.07338103860291896,0.0,-0.04402862316175137,2628.0
BEARTOOTH BILLINGS CLINIC,MT,0.04581025092538627,0.502712917332178,0.228571317488103,1117.0
"BEATRICE COMMUNITY HOSPITAL & HEALTH CENTER, INC",NE,-0.16277450574914773,0.13726412992973114,-0.04275905147759618,2619.0
BEAUFORT COUNTY MEMORIAL HOSPITAL,SC,-0.050677935835622634,0.23513007638665745,0.0636452690532894,1918.0
BEAUMONT HOSPITAL - DEARBORN,MI,0.22708033708301684,-0.5874393976310532,-0.0987275568026112,2984.0
BEAUMONT HOSPITAL - FARMINGTON HILLS,MI,0.13946054984048312,-0.022542288968287937,0.0746594143169747,1850.0
BEAUMONT HOSPITAL - TAYLOR,MI,0.059999690154946377,-0.052273715740012494,0.015090327796962826,2236.0
BEAUMONT HOSPITAL - TRENTON,MI,-0.04216427229788663,-0.07704990471644954,-0.05611852526531179,2708.0
BEAUMONT HOSPITAL - WAYNE,MI,0.335274811208413,0.14098055827619682,0.25755711003552656,993.0
"BEAUMONT HOSPITAL, GROSSE POINTE",MI,0.12243322276501097,-0.4239165503865685,-0.09610668649562085,2971.0
"BEAUMONT HOSPITAL, ROYAL OAK",MI,0.19728251470094071,-0.8228131929072054,-0.2107557683423178,3631.0
"BEAUMONT HOSPITAL, TROY",MI,0.1972825147009408,-0.7278378018308634,-0.17276561191178091,3439.0
BEAUREGARD MEMORIAL HOSPITAL,LA,0.17493414791438333,-0.2405727519609341,0.008731387964256349,2277.0
BEAVER COUNTY MEMORIAL HOSPITAL,OK,0.05574285838607833,0.8000271850494228,0.35345658905141614,571.0
BEAVER DAM COMMUNITY HOSPITAL,WI,-0.3084527485059651,0.26733912205602595,-0.07813600028116868,2856.0
BEAVER VALLEY HOSPITAL,UT,0.006079821082617863,0.6265938622143634,0.2542854375353161,1012.0
BECKLEY ARH HOSPITAL,WV,0.4828449791958384,0.027010088984586213,0.3005110231113375,786.0
BEDFORD MEMORIAL HOSPITAL,VA,0.33186934579331856,0.12611484489033448,0.24956754543212495,1031.0
BEEBE MEDICAL CENTER,DE,-0.12056092404120636,-0.40161798030777524,-0.2329837465478339,3726.0
BELL HOSPITAL,MI,-0.12503059739851768,0.0897764343915602,-0.03910778468248652,2587.0
BELLA VISTA HOSPITAL,PR,-0.6627157479373166,0.9734605078844821,-0.008245245608597074,2379.0
BELLEVUE HOSPITAL,OH,-0.11311146844568727,-0.07952752361409336,-0.0996778905130497,2989.0
BELLEVUE HOSPITAL CENTER,NY,0.47291237173514605,0.30945864331596884,0.4075308803674752,416.0
BELLEVUE MEDICAL CENTER DBA NEBRASKA MEDICINE-BELL,NE,-0.0478400479897105,0.6910119535530999,0.24770075262741367,1044.0
BELLIN HEALTH OCONTO HOSPITAL,WI,-0.07338103860291896,0.0,-0.04402862316175137,2628.0
BELLIN MEMORIAL HOSPITAL,WI,-0.3763255661540278,-0.22818465747271555,-0.3170692026815029,3959.0
BELLVILLE GENERAL HOSPITAL,TX,0.2510841384463564,-0.1290799015669673,0.09901852244102691,1707.0
BELMONT COMMUNITY HOSPITAL,OH,0.05574285838607851,0.6513700511908005,0.2939937355079673,821.0
BELOIT MEMORIAL HOSPITAL,WI,-0.3564603512326436,0.14758754200324664,-0.1548411939382875,3342.0
BELTON REGIONAL MEDICAL CENTER,MO,0.033891121972555685,0.05674151575631085,0.043031279486057755,2055.0
BENEFIS HOSPITALS INC,MT,-0.33162883258091336,-0.33554814303727637,-0.33319655676345855,3987.0
BENEFIS TETON MEDICAL CENTER,MT,-0.07338103860291896,1.0973414527666676,0.3949079579449157,450.0
BENEWAH COMMUNITY HOSPITAL,ID,-0.02371800129945849,1.9645080669419652,0.7715724259971111,24.0
BENSON HOSPITAL,AZ,0.38351890458891713,-0.3768417913313381,0.07937462622081501,1824.0
BERGEN REGIONAL MEDICAL CENTER,NJ,0.11533850315023104,1.6919699882011578,0.7459910971706019,27.0
BERGER HOSPITAL,OH,0.07560807330746244,0.13107008268562204,0.09779287705872627,1720.0
BERKELEY MEDICAL CENTER,WV,-0.09608414137021502,0.3292795944971184,0.07406135297671837,1853.0
BERKSHIRE MEDICAL CENTER INC,MA,-0.025136945222414497,0.0666519913468856,0.011578629405305543,2257.0
BERTRAND CHAFFEE HOSPITAL,NY,0.6864634321400263,-0.0010695918553758111,0.4114502225418654,405.0
BERWICK HOSPITAL CENTER,PA,0.02310714815809004,0.4482053015840165,0.19314640952846063,1257.0
BETH ISRAEL DEACONESS HOSPITAL - NEEDHAM,MA,-0.09892202921612711,-0.09191561810231168,-0.09611946477060093,2972.0
BETH ISRAEL DEACONESS HOSPITAL - PLYMOUTH,MA,-0.22946487012808042,-0.02254228896828785,-0.1466958376641634,3293.0
BETH ISRAEL DEACONESS HOSPITAL-MILTON INC,MA,-0.13865245905889537,-0.3396775078666824,-0.21906247858201017,3664.0
BETH ISRAEL DEACONESS MEDICAL CENTER,MA,0.011046124812964006,-0.5337576548487729,-0.20687538705173078,3610.0
BETH ISRAEL MEDICAL CENTER,NY,0.3562042340720141,-0.6782854238779893,-0.05759162910798729,2721.0
BETHESDA HOSPITAL EAST,FL,-0.1975386318615701,-0.4098767099665876,-0.2824738631035771,3890.0
BETHESDA NORTH,OH,-0.20995439118743514,-0.2529608464491528,-0.2271569732921222,3696.0
BETSY JOHNSON REGIONAL  HOSPITAL,NC,0.12527111061092314,0.022054851189298848,0.08398460684227341,1792.0
BEVERLY HOSPITAL,CA,-0.022299057376502403,-0.3198565566855329,-0.1413220571001146,3259.0
BEVERLY HOSPITAL CORPORATION,MA,-0.06202948721927078,-0.26534894093737127,-0.143357268706511,3273.0
BIBB MEDICAL CENTER,AL,0.13520371807161496,1.493760476389661,0.6786264213988334,48.0
BIENVILLE MEDICAL CENTER,LA,0.6318340911062197,0.8743557519787342,0.7288427554552255,33.0
BIG BEND REGIONAL MEDICAL CENTER,TX,0.6715645209489882,-0.32316004854905794,0.2736746931497697,905.0
BIG HORN CO MEMORIAL HOSPITAL,MT,0.3040580449033807,1.1964462086724164,0.661013310410995,57.0
BIGFORK VALLEY HOSPITAL,MN,-1.1659678592790492,0.0,-0.6995807155674295,4136.0
BILLINGS CLINIC HOSPITAL,MT,-0.3862581736147198,-0.28186640025499604,-0.3445014642708303,4009.0
BINGHAM MEMORIAL HOSPITAL,ID,-0.21641058603688493,-0.0671394291258749,-0.15670212327248093,3350.0
BLACK HILLS SURGICAL HOSPITAL LLP,SD,-1.4738786905605041,0.0,-0.8843272143363025,4176.0
BLACK RIVER COMMUNITY MEDICAL CENTER,MO,0.3835189045889176,0.8991319409551717,0.5897641191354193,98.0
BLACK RIVER MEMORIAL HOSPITAL,WI,-0.13297668336707152,-0.08365688844349939,-0.11324876539764267,3085.0
BLAKE MEDICAL CENTER,FL,0.01849558040848298,0.03196532677987355,0.02388347895703921,2180.0
BLANCHARD VALLEY HOSPITAL,OH,-0.3192130732550482,-0.0919156181023118,-0.22829409119395366,3702.0
BLECKLEY MEMORIAL HOSPITAL,GA,0.18486675537507566,-0.15385609054340438,0.04937761700768364,2011.0
BLESSING HOSPITAL,IL,-0.07338103860291881,-0.021716416002406775,-0.052715189562713996,2685.0
BLOUNT MEMORIAL HOSPITAL,TN,0.03445869954173814,0.23017483859137017,0.11274515516159095,1639.0
BLUE HILL MEMORIAL HOSPITAL,ME,-0.09721929650857988,0.3230855472530094,0.07090264099605584,1881.0
BLUE MOUNTAIN HOSPITAL,OR,0.025945036004001984,2.0883890118241504,0.8509226263320614,11.0
BLUE MOUNTAIN HOSPITAL,UT,-0.03365060876015055,0.9239081299316082,0.349372886716553,590.0
"BLUE RIDGE REGIONAL HOSPITAL, INC",NC,0.19148849368220344,0.06912961024452918,0.14254494030713374,1493.0
BLUEFIELD REGIONAL MEDICAL CENTER,WV,0.0060798210826180045,0.39865292363114235,0.16310906210202775,1400.0
BLUEGRASS COMMUNITY HOSPITAL,KY,0.42987107273881403,0.5151010118203964,0.463963048371447,274.0
BLUFFTON HOSPITAL,OH,-0.1727071132098399,0.0,-0.10362426792590393,3017.0
BLUFFTON REGIONAL MEDICAL CENTER,IN,0.04912112007895023,0.27353316930013505,0.13888593976742417,1511.0
BOB WILSON MEMORIAL GRANT COUNTY HOSPITAL,KS,0.0458102509253861,1.642417610248284,0.6844531946545452,46.0
BOCA RATON REGIONAL HOSPITAL,FL,-0.08579679792878409,-0.37684179133133816,-0.20221479528980574,3594.0
BOLIVAR GENERAL HOSPITAL,TN,0.15506893299299926,1.072565263790231,0.522067465311892,166.0
BOLIVAR MEDICAL CENTER,MS,0.6219014836455278,0.6761462401672376,0.6435993862542118,62.0
BON SECOURS COMMUNITY HOSPITAL,NY,0.045810250925386264,-0.07209466692116218,-0.0013517162132331145,2334.0
BON SECOURS DEPAUL MEDICAL CENTER,VA,-0.010947505992854259,0.3292795944971186,0.12514333420313487,1581.0
BON SECOURS MARYVIEW MEDICAL CENTER,VA,-0.18760602440087798,-0.2199259278139033,-0.2005339857660881,3584.0
BON SECOURS MEMORIAL REGIONAL MEDICAL CENTER,VA,-0.2745163396819339,-0.2612195761079652,-0.26919763425234644,3846.0
BON SECOURS RICHMOND COMMUNITY HOSPITAL,VA,0.6020362687241434,-0.8475893818836425,0.022186008481028974,2190.0
BON SECOURS ST FRANCIS MEDICAL CENTER,VA,-0.17838288890166393,0.1657567472526339,-0.0407270344399448,2601.0
BON SECOURS ST MARYS HOSPITAL,VA,-0.26458373222124165,-0.33554814303727626,-0.2929694965476555,3917.0
BON SECOURS-ST FRANCIS XAVIER HOSPITAL,SC,0.04183720794110947,-0.302513224402027,-0.09590296499614512,2968.0
BONNER GENERAL HOSPITAL,ID,-0.291898402738145,0.2053986496149331,-0.09297958179691375,2955.0
BOONE COUNTY HEALTH CENTER,NE,-0.291898402738145,-0.1290799015669675,-0.226771002269674,3695.0
BOONE COUNTY HOSPITAL,IA,-0.2058158047454801,0.47793672835574097,0.06768520849500834,1896.0
BOONE HOSPITAL CENTER,MO,-0.17270711320983984,-0.1414679960551858,-0.16021146634797823,3361.0
BOONE MEMORIAL HOSPITAL,WV,0.3984178157799555,-0.05062196980824988,0.21880190154467333,1158.0
BORGESS MEDICAL CENTER,MI,-0.3639098068281626,0.20126928478552678,-0.13783817018268685,3238.0
BORGESS-LEE MEMORIAL HOSPITAL,MI,0.45304715681376206,-0.19927910366687232,0.1921166526215083,1262.0
BOSTON MEDICAL CENTER CORPORATION-,MA,-0.02620115316463141,-0.579180667972241,-0.24739295908767525,3792.0
BOTHWELL REGIONAL HEALTH CENTER,MO,0.020269260312177937,-0.09687085589759926,-0.02658678617173294,2500.0
BOULDER CITY HOSPITAL,NV,0.4927775866565305,0.5357478359674276,0.5099656863808893,191.0
BOUNDARY COMMUNITY HOSPITAL,ID,-0.09324625352430307,1.1468938307195424,0.40280978017323515,432.0
BOURBON COMMUNITY HOSPITAL,KY,0.42324933443168583,0.25495102756780724,0.3559300116861344,564.0
BOWIE MEMORIAL HOSPITAL,TX,0.651699306027604,0.27972721654424443,0.5029104702342602,204.0
BOX BUTTE GENERAL HOSPITAL,NE,-0.1250305973985179,-0.23231402230212184,-0.16794396735995948,3409.0
BOZEMAN DEACONESS HOSPITAL,MT,-0.306087841967705,0.24504055197723246,-0.08563648438973,2911.0
BRADFORD REGIONAL MEDICAL CENTER,PA,-0.16277450574914787,0.2983093582765721,0.021659039861140136,2198.0
BRADLEY COUNTY MEDICAL CENTER,AR,0.5424406239599909,-0.02378109841710968,0.3159519350091507,735.0
BRANDON REGIONAL HOSPITAL,FL,-0.028684305029804513,-0.5915687624604594,-0.2538380880020665,3808.0
BRANDYWINE HOSPITAL,PA,-0.01130224197359328,-0.1455973608845921,-0.06502028953799281,2767.0
BRATTLEBORO MEMORIAL HOSPITAL,VT,-0.3680483932701177,0.2797272165442444,-0.10893814934437285,3064.0
BRAXTON COUNTY MEMORIAL HOSPITAL,WV,0.24446240013922818,-0.0919156181023118,0.10991119284261217,1651.0
BRAZOSPORT REGIONAL HEALTH SYSTEM,TX,-0.1840586645934879,0.17566722284320865,-0.04016830961880928,2595.0
BRECKINRIDGE MEMORIAL HOSPITAL,KY,0.6616319134882962,-0.04236324014943771,0.3800338520332026,499.0
BRIDGEPORT HOSPITAL,CT,-0.0013696345129012438,-0.5172401955311483,-0.2077178589202001,3614.0
BRIDGTON HOSPITAL,ME,0.41331672697099375,0.007189137803436552,0.25086569130397085,1025.0
BRIGHAM AND WOMEN'S FAULKNER HOSPITAL,MA,0.1025680078436267,-0.3495879834572573,-0.07829438867672692,2858.0
BRIGHAM AND WOMEN'S HOSPITAL,MA,-0.07586419046809201,-0.6080862217780842,-0.2887530029920889,3906.0
BRIGHAM CITY COMMUNITY HOSPITAL,UT,-0.7289331310085972,1.221222397648853,0.05112908045438286,1999.0
BRISTOL HOSPITAL,CT,0.0032419332367058834,0.4085633992217173,0.16537051963071045,1393.0
BRISTOW MEDICAL CENTER,OK,0.4431145493530702,-0.21579656298449718,0.17955010441804323,1311.0
"BROADDUS HOSPITAL ASSOCIATION, INC",WV,0.2908145682891245,1.0477890748137935,0.5936043708989921,96.0
BROADLAWNS MEDICAL CENTER,IA,-1.126237429436281,0.0,-0.6757424576617685,4132.0
BRODSTONE MEMORIAL HOSP,NE,-0.08132712457147263,-0.06713942912587452,-0.07565204639323339,2840.0
BRONSON BATTLE CREEK HOSPITAL,MI,-0.1755450010557519,0.14593579607148416,-0.046952682204857474,2643.0
BRONSON LAKEVIEW HOSPITAL,MI,0.021971993019725196,0.015447867462248887,0.019362342796734672,2207.0
BRONSON METHODIST HOSPITAL,MI,-0.2248533023784734,0.04435342126809209,-0.11717061291984718,3109.0
BRONX-LEBANON HOSPITAL CENTER,NY,0.6848079975632443,0.1409805582761968,0.4672770218484253,264.0
BROOKDALE HOSPITAL MEDICAL CENTER,NY,0.5954145304170154,0.1905329362290708,0.4334618927418376,333.0
BROOKHAVEN MEMORIAL HOSPITAL MEDICAL CENTER,NY,0.2614897272147002,-0.13651275825989845,0.10228873302486075,1688.0
BROOKINGS HEALTH SYSTEM,SD,-0.2587897112025046,0.4482053015840165,0.02400829391210385,2176.0
BROOKLYN HOSPITAL CENTER AT DOWNTOWN CAMPUS,NY,0.34378847474614904,0.19053293622907103,0.2824862593393178,875.0
BROOKS COUNTY HOSPITAL,GA,-0.08331364606361102,0.5522652952850521,0.1709179304758542,1360.0
BROOKS MEMORIAL HOSPITAL,NY,0.14513632553230735,0.34579705381474307,0.22540061684528162,1132.0
BROOKWOOD MEDICAL CENTER,AL,0.011046124812963798,-0.3396775078666825,-0.12924332825889473,3182.0
BROWARD HEALTH CORAL SPRINGS,FL,0.20473197029645976,0.09638341811861006,0.1613925494253199,1408.0
BROWARD HEALTH IMPERIAL POINT,FL,0.06567546584677054,-0.023781098417109736,0.02989284014121843,2134.0
BROWARD HEALTH MEDICAL CENTER,FL,-0.055998975546707845,-0.3561949671843072,-0.1760773722017476,3456.0
BROWARD HEALTH NORTH,FL,0.057161802309034275,0.3590110212688431,0.17790148989295781,1319.0
BROWN COUNTY HOSPITAL,NE,-0.08331364606361102,1.122117641743105,0.3988588690590754,443.0
BROWNFIELD REGIONAL MEDICAL CENTER,TX,0.5821710538027591,0.04022405643868602,0.3653922548571299,539.0
BROWNWOOD REGIONAL MEDICAL CENTER,TX,-0.10317886098499514,0.8433855157581879,0.2754468897122781,899.0
BRYAN MEDICAL CENTER,NE,-0.4408875146485263,-0.05475133463765595,-0.2864330426441781,3901.0
BRYAN W. WHITFIELD MEMORIAL HOSPITAL,AL,0.5523732314206828,-0.050621969808249956,0.3111751509291097,758.0
BUCHANAN COUNTY HEALTH CENTER,IA,0.3504102130532771,0.5151010118203966,0.41628653256012493,390.0
BUCHANAN GENERAL HOSPITAL,VA,0.8900818850842143,0.09803516405037249,0.5732631966706775,111.0
BUCYRUS COMMUNITY HOSPITAL,OH,0.0021067780983410776,-0.025845780831813065,-0.00907424547372058,2383.0
BUENA VISTA REGIONAL MEDICAL CENTER,IA,-0.1958831972847881,0.2859212637883537,-0.0031614128555313564,2348.0
BUFFALO HOSPITAL,MN,0.06567546584677049,-0.1579854553728106,-0.023788902641061947,2486.0
BULLOCK COUNTY HOSPITAL,AL,0.6368003948365658,0.023706597121061046,0.3915628757503639,470.0
BURGESS HEALTH CENTER,IA,0.18883979835935236,0.4593545866234132,0.29704571366497673,802.0
BURKE MEDICAL CENTER,GA,0.34378847474614893,0.9486843189080456,0.5857468124109076,102.0
BURLESON ST JOSEPH HEALTH CENTER,TX,0.08554068076815469,1.122117641743105,0.5001714651581348,208.0
BURNETT MEDICAL CENTER,WI,0.4878112829261845,-0.11669180707874893,0.2460100469242111,1054.0
BUTLER COUNTY HEALTH CARE CENTER,NE,-0.2769994915471069,0.961072413396264,0.21822927043024148,1160.0
BUTLER MEMORIAL HOSPITAL,PA,-0.29686470646849095,-0.005198956684782041,-0.18019840655500738,3475.0
BYRD REGIONAL HOSPITAL,LA,0.49079106516439214,-0.5461457493369916,0.07601633936383861,1843.0
CABELL HUNTINGTON HOSPITAL INC,WV,-0.03932638445197461,0.8099376606399978,0.3003792335848144,788.0
CABINET PEAKS MEDICAL CENTER,MT,-0.04358321622084255,0.25495102756780735,0.07583048129461742,1844.0
CACHE VALLEY  HOSPITAL,UT,-1.156035251818357,0.0,-0.6936211510910142,4134.0
CALAIS REGIONAL HOSPITAL,ME,0.025945036004002036,-0.29631917715791767,-0.10296064926076584,3012.0
CALDWELL MEDICAL CENTER,KY,0.34378847474614904,0.3457970538147432,0.3445919063735867,614.0
CALDWELL MEMORIAL HOSPITAL,NC,-0.22946487012808037,0.4828919661510285,0.0554778643835632,1968.0
"CALDWELL MEMORIAL HOSPITAL, INC",LA,0.44808085308341605,-0.7030616128544263,-0.012376133291720937,2406.0
CALHOUN HEALTH SERVICES,MS,0.49774389038687666,0.06500024541512284,0.32464643239817514,696.0
CALHOUN-LIBERTY HOSPITAL,FL,0.5325080164992989,0.023706597121061213,0.32898744874800384,675.0
CALIFORNIA HOSPITAL MEDICAL CENTER LA,CA,0.5093319324243506,0.012144375598723833,0.3104569096940999,760.0
CALIFORNIA PACIFIC MEDICAL CTR - ST. LUKE'S CAMPUS,CA,-0.13959842167419945,0.051786277961023267,-0.06304454182011035,2750.0
CALIFORNIA PACIFIC MEDICAL CTR-DAVIES CAMPUS HOSP,CA,-0.03365060876015054,0.39534943176761733,0.1379494074509566,1517.0
CALIFORNIA PACIFIC MEDICAL CTR-PACIFIC CAMPUS HOSP,CA,-0.11311146844568709,-0.5172401955311482,-0.27476295927987154,3869.0
CALLAWAY DISTRICT HOSPITAL,NE,0.3735862971282253,1.2707747756017278,0.7324616885176263,31.0
CALUMET MEDICAL CENTER,WI,-0.07338103860291896,0.4779367283557411,0.14714606818054507,1473.0
CAMBRIDGE HEALTH ALLIANCE,MA,-0.01662328168467821,-0.2851698921185209,-0.12404192585821529,3156.0
CAMBRIDGE MEDICAL CENTER,MN,-0.11311146844568734,-0.23231402230212192,-0.16079248998826118,3364.0
CAMDEN CLARK MEDICAL CENTER,WV,0.0011135173522718055,-0.07126879395528081,-0.027839407170749245,2509.0
CAMDEN GENERAL HOSPITAL,TN,0.6219014836455277,0.1475875420032466,0.43217590698861524,337.0
CAMERON MEMORIAL COMMUNITY HOSPITAL INC,IN,-0.21243754305260829,0.4345783976469762,0.046368833227225514,2033.0
CAMERON REGIONAL MEDICAL CENTER,MO,-0.08000277691004701,0.34166768898533717,0.08866540944810668,1760.0
CAMPBELL COUNTY MEMORIAL HOSPITAL,WY,-0.20250493559191607,0.7009224291436748,0.15886601030232028,1424.0
CAMPBELLTON-GRACEVILLE HOSPITAL,FL,0.3504102130532772,0.37883197244999267,0.3617789168119634,551.0
CANCER TREATMENT CENTERS OF AMERICA,PA,0.02594503600400233,0.0,0.015567021602401398,2232.0
CANDLER COUNTY HOSPITAL,GA,0.4927775866565305,0.21778674410315157,0.3827812496351789,492.0
CANDLER HOSPITAL,GA,-0.34156144004160544,-0.14146799605518587,-0.26152406244703763,3824.0
CANNON MEMORIAL HOSPITAL,SC,0.3040580449033806,0.18062246063849594,0.2546838111974267,1010.0
CANONSBURG GENERAL HOSPITAL,PA,0.02925590515756621,0.21778674410315169,0.1046682407358004,1678.0
CANTON-POTSDAM HOSPITAL,NY,-0.11311146844568722,0.05178627796102333,-0.047152369883003,2646.0
CANYON VISTA MEDICAL CENTER,AZ,-0.027974833068326425,0.22026436300079535,0.07132084535932229,1879.0
CAPE CANAVERAL HOSPITAL,FL,-0.20108599166896016,0.155846271662059,-0.058313086336552494,2727.0
CAPE COD HOSPITAL,MA,-0.16277450574914776,-0.4429116286018371,-0.2748293548902235,3870.0
CAPE CORAL HOSPITAL,FL,0.014593484620353989,0.027010088984586254,0.019560126366046895,2206.0
CAPE FEAR VALLEY MEDICAL CENTER,NC,-0.031167456894977436,-0.4511703582606494,-0.19916861744124623,3576.0
CAPE FEAR VALLEY-BLADEN COUNTY HOSPITAL,NC,0.5374743202296448,-0.017587051173000596,0.3154497716685866,740.0
CAPE REGIONAL MEDICAL CENTER INC,NJ,-0.06486737506518284,-0.04731847794472499,-0.0578478162169997,2722.0
CAPITAL HEALTH MEDICAL CENTER - HOPEWELL,NJ,0.0202692603121782,-0.01263181337771312,0.007108830836221672,2285.0
CAPITAL HEALTH SYSTEM-FULD CAMPUS,NJ,0.7278492965595768,0.10133865591389754,0.4772450403013051,249.0
CAPITAL MEDICAL CENTER,WA,-0.09608414137021508,0.20539864961493315,0.02450897502384422,2172.0
CAPITAL REGION MEDICAL CENTER,MO,-0.18512287253570484,0.02783596195046754,-0.0999393387412359,2992.0
CAPITAL REGIONAL MEDICAL CENTER,FL,0.10540589568953886,-0.1290799015669673,0.011611576786936383,2256.0
CARE REGIONAL MEDICAL CENTER,TX,0.27922652625165034,-0.2736076705961838,0.05809284751251667,1947.0
CAREPOINT HEALTH - BAYONNE MEDICAL CENTER,NJ,0.5457514931135551,0.007189137803436663,0.3303265509895077,668.0
CAREPOINT HEALTH-CHRIST HOSPITAL,NJ,0.8437297169343178,0.02205485118929893,0.5150597706363103,182.0
CAREPOINT HEALTH-HOBOKEN UNIVERSITY MEDICAL CENTER,NJ,0.1678394282996034,-0.10678133148817401,0.05799112438449243,1948.0
CARIBOU MEMORIAL HOSPITAL,ID,-0.053515823681534846,0.0,-0.032109494208920904,2541.0
CARILION FRANKLIN MEMORIAL HOSPITAL,VA,0.06567546584677038,0.2735331693001351,0.14881854722811627,1469.0
CARILION GILES COMMUNITY HOSPITAL,VA,0.10540589568953876,0.06293556300042011,0.0884177626138913,1764.0
CARILION NEW RIVER VALLEY MEDICAL CENTER,VA,-0.17270711320983975,0.1409805582761967,-0.047232044615425156,2647.0
CARILION ROANOKE MEMORIAL HOSPITAL,VA,-0.06344843114222684,-0.17450291469043544,-0.10787022456151027,3056.0
CARILION STONEWALL JACKSON HOSPITAL,VA,0.2563815290920587,0.2599062653630948,0.25779142360047314,992.0
CARILION TAZEWELL COMMUNITY HOSPITAL,VA,0.5623058388813753,0.428384350402867,0.508737243489972,194.0
CARLINVILLE AREA HOSPITAL,IL,0.2941254374426886,0.18062246063849619,0.24872424672101162,1037.0
CARLISLE REGIONAL MEDICAL CENTER,PA,-0.0535158236815347,0.5968624354426392,0.20663547996813486,1196.0
CARLSBAD MEDICAL CENTER,NM,0.24048935715495134,0.05178627796102331,0.16500812547738014,1395.0
CARNEGIE TRI-COUNTY MUNICIPAL HOSPITAL,OK,0.055742858386078314,0.3540557834735557,0.17506802842106928,1335.0
CARNEY HOSPITAL,MA,-0.12635494505994355,-0.26534894093737127,-0.18195254341091466,3482.0
CARO COMMUNITY HOSPITAL,MI,0.06567546584677056,1.221222397648853,0.5278942385676035,157.0
CAROLINA EAST MEDICAL CENTER,NC,-0.3887413254798929,-0.2529608464491528,-0.3344291338675968,3991.0
CAROLINA PINES REGIONAL MEDICAL CENTER,SC,0.00324193323670582,0.22026436300079538,0.09005090514234165,1750.0
CAROLINAS HEALTH CARE SYSTEM ANSON,NC,0.5126428015779146,-0.01758705117300045,0.3005508604775486,785.0
CAROLINAS HEALTHCARE SYSTEM CLEVELAND,NC,-0.23797853366581648,0.5473100574897648,0.07613690279641605,1842.0
CAROLINAS HEALTHCARE SYSTEM KINGS MOUNTAIN,NC,0.22857022820212078,0.21159269685904236,0.22177921566488942,1144.0
CAROLINAS HEALTHCARE SYSTEM LINCOLN,NC,-0.18689655243940004,-0.01758705117300058,-0.11917275193284026,3120.0
CAROLINAS HEALTHCARE SYSTEM NORTHEAST,NC,-0.053515823681534735,-0.054751334637656135,-0.05401002806398329,2693.0
CAROLINAS HEALTHCARE SYSTEM PINEVILLE,NC,-0.22485330237847326,-0.1373386312257798,-0.18984743391739586,3524.0
CAROLINAS HEALTHCARE SYSTEM STANLY,NC,-0.13581457121298332,0.30945864331596895,0.0422947145985976,2063.0
CAROLINAS HEALTHCARE SYSTEM UNION,NC,-0.15000401044254358,0.3441453078829808,0.04765571688766619,2025.0
CAROLINAS HEALTHCARE SYSTEM-BLUE RIDGE,NC,-0.1840586645934879,0.23017483859137014,-0.018365263319544675,2447.0
CAROLINAS HOSPITAL SYSTEM,SC,0.10788904755471176,-0.34380687269608873,-0.07278932054560845,2824.0
CAROLINAS HOSPITAL SYSTEM MARION,SC,0.6318340911062197,0.28963769213481916,0.4949555315176595,218.0
CAROLINAS MED CTR-UNIVERSITY,NC,-0.07905681429474291,0.26486150315838203,0.05851051268650707,1945.0
CAROLINAS MEDICAL CENTER/BEHAV HEALTH,NC,-0.1304935315018983,0.07325897507393546,-0.0489925288715648,2656.0
CAROMONT REGIONAL MEDICAL CENTER,NC,-0.32666252885056724,-0.034104510490625246,-0.20963932150659045,3625.0
CARRINGTON HEALTH CENTER,ND,0.2841928299819966,-0.15798545537281058,0.1073215158400737,1667.0
CARROLL COUNTY MEMORIAL HOSPITAL,KY,0.5027101941172225,-0.0423632401494376,0.2846808204105585,868.0
CARROLL COUNTY MEMORIAL HOSPITAL,MO,0.5871373575331055,-0.005198956684781875,0.3502028318459505,587.0
CARSON TAHOE REGIONAL MEDICAL CENTER,NV,-0.20995439118743517,-0.17037354986102912,-0.19412205465687274,3551.0
CARSON VALLEY MEDICAL CENTER,NV,-0.1727071132098398,0.04022405643868602,-0.08753464535042949,2919.0
CARTERET GENERAL HOSPITAL,NC,-0.050677935835622696,0.4482053015840165,0.148875359132233,1467.0
CARTERSVILLE MEDICAL CENTER,GA,-0.15284189828845568,0.16080150945734656,-0.027384535190134784,2504.0
"CARTHAGE AREA HOSPITAL, INC",NY,-0.1329766833670713,0.0,-0.07978601002024278,2872.0
CARY MEDICAL CENTER,ME,-0.07621892644883098,0.3391900700876932,0.0899446721657787,1752.0
CASCADE MEDICAL CENTER,WA,0.05574285838607833,1.0477890748137935,0.45256134495716444,296.0
CASCADE VALLEY HOSPITAL,WA,-0.09721929650857994,0.221916108932558,0.030434865667875254,2129.0
CASEY COUNTY HOSPITAL,KY,0.5871373575331055,-0.1827616443492477,0.27917775678016415,885.0
CASS COUNTY MEMORIAL HOSPITAL,IA,0.32888956355511106,0.4861954580145534,0.391811921338888,466.0
CASS REGIONAL MEDICAL CENTER,MO,0.002106778098341081,0.007189137803436579,0.00413972198037928,2303.0
CASSIA REGIONAL MEDICAL CENTER,ID,-0.17601798236340374,-0.04855728739354699,-0.12503370437546102,3163.0
CASTLE MEDICAL CENTER,HI,-0.1329766833670715,0.23513007638665773,0.014266020534420207,2243.0
CASTLE ROCK ADVENTIST HOSPITAL,CO,-0.12503059739851774,-0.1992791036668724,-0.15472999990585962,3339.0
CASTLEVIEW HOSPITAL,UT,-0.27203318781676067,0.10629389370918482,-0.12070235520638246,3133.0
CATAWBA VALLEY MEDICAL CENTER,NC,-0.31460150550544114,1.1122071661525301,0.2561219631577474,1002.0
CATHOLIC MEDICAL CENTER,NH,-0.17270711320983978,-0.6535092349015522,-0.36502796188652475,4038.0
CATSKILL REGIONAL MEDICAL CENTER,NY,0.5887927921098873,0.08647294252803528,0.3878648522771465,476.0
CATSKILL REGIONAL MEDICAL CENTER - G HERMANN SITE,NY,0.34378847474614893,-1.0581869881833579,-0.2170017104256538,3655.0
CAVALIER COUNTY MEMORIAL HOSPITAL,ND,0.32392325982476494,-0.25296084644915273,0.09316961731519786,1742.0
CAYUGA MEDICAL CENTER AT ITHACA,NY,-0.28906051489223294,0.8545348007975845,0.16837761138369403,1374.0
CEDAR CITY HOSPITAL,UT,-0.2720331878167607,0.24256293307958876,-0.06619473945822091,2775.0
CEDAR COUNTY MEMORIAL HOSPITAL,MO,0.5275417127689527,0.5646533897732708,0.5423863835706799,140.0
CEDAR PARK REGIONAL MEDICAL CENTER,TX,-0.07054315075700672,0.16575674725263384,0.02397680844684951,2177.0
CEDARS-SINAI MEDICAL CENTER,CA,-0.20250493559191607,-0.992117150912859,-0.5183498217202932,4112.0
CENTEGRA HEALTH SYSTEM - MC HENRY HOSPITAL,IL,-0.31424676952470215,-0.5007227362135236,-0.38883715620023074,4056.0
CENTEGRA HEALTH SYSTEM - WOODSTOCK HOSPITAL,IL,-0.26351952427902464,0.04683104016573582,-0.13937929850112044,3246.0
CENTENNIAL HILLS HOSPITAL MEDICAL CENTER,NV,-0.18122077674757583,0.11124913150447231,-0.06423281344675658,2758.0
CENTERPOINT MEDICAL CENTER,MO,0.15506893299299926,-0.05062196980824985,0.07279257187249961,1863.0
CENTINELA HOSPITAL MEDICAL CENTER,CA,0.2728412785983485,-0.9541269944823221,-0.2179460306339198,3660.0
"CENTRA  HEALTH, INC",VA,-0.10814516471534122,-0.42226480445480624,-0.23379302061112722,3731.0
CENTRA CARE HEALTH PAYNESVILLE,MN,-0.7487983459299814,0.7504748070965488,-0.14908908471936927,3306.0
CENTRACARE HEALTH - MONTICELLO,MN,0.29743630659625275,0.37883197244999267,0.3299945729377487,669.0
CENTRACARE HEALTH SYSTEM - LONG PRAIRIE,MN,0.08554068076815469,0.8743557519787342,0.4010667092523865,437.0
CENTRACARE HEALTH SYSTEM - MELROSE HOSPITAL,MN,0.4298710727388139,0.2797272165442445,0.3698135302609861,527.0
CENTRACARE HEALTH SYSTEM - SAUK CENTRE,MN,-0.03365060876015038,0.0,-0.020190365256090227,2460.0
CENTRAL CAROLINA HOSPITAL,NC,0.18202886752916347,0.40360816142642975,0.27066058508807,925.0
CENTRAL COMMUNITY HOSPITAL,IA,0.43318194189237796,-1.1572917440891062,-0.2030075325002157,3596.0
CENTRAL DUPAGE HOSPITAL,IL,-0.200021783726743,-0.30251322440202677,-0.2410183599968565,3768.0
CENTRAL FLORIDA REGIONAL HOSPITAL,FL,0.17245099604921035,-0.4140060747959938,-0.062131832288871314,2743.0
CENTRAL IOWA HEALTHCARE,IA,-0.15567978613436764,0.4482053015840165,0.08587424895298602,1780.0
CENTRAL LOUISIANA SURGICAL HOSPITAL,LA,-1.3149569711894307,0.0,-0.7889741827136584,4162.0
CENTRAL MAINE MEDICAL CENTER,ME,-0.20002178372674292,-0.10843307741993642,-0.1633863012040203,3378.0
CENTRAL MONTANA MEDICAL CENTER,MT,-0.295209271891709,-0.16624418503162292,-0.24362323714767456,3778.0
CENTRAL TEXAS MEDICAL CENTER,TX,-0.07621892644883088,0.027010088984586234,-0.03492732027546404,2561.0
CENTRAL VALLEY MEDICAL CENTER - CAH,UT,-0.04854951995118878,0.09390579922096645,0.008432607717673315,2281.0
CENTRAL VERMONT MEDICAL CENTER,VT,-0.35433193534820956,0.17566722284320865,-0.14233227207164226,3264.0
CENTRAL WASHINGTON HOSPITAL,WA,-0.48558424822164087,0.14758754200324667,-0.23231553213168585,3723.0
CENTRASTATE MEDICAL CENTER,NJ,0.006079821082617862,-0.0770499047164495,-0.027172069237009086,2502.0
CENTRO CARDIOVASCULAR,PR,0.4232493344316856,-0.5791806679722409,0.022277333470114985,2189.0
CENTRO MEDICO WILMA N VAZQUEZ,PR,-0.1528418982884558,0.0,-0.09170513897307347,2946.0
CENTURA HEALTH-AVISTA ADVENTIST HOSPITAL,CO,-0.08331364606361107,-0.2240552926433094,-0.1396103046954904,3248.0
CENTURA HEALTH-LITTLETON ADVENTIST HOSPITAL,CO,-0.2464921972035524,0.21035388741022057,-0.0637537633580432,2756.0
CENTURA HEALTH-PENROSE ST FRANCIS HEALTH SERVICES,CO,-0.4284717553226613,0.0030597729740304094,-0.2558591440039846,3813.0
CENTURA HEALTH-PORTER ADVENTIST HOSPITAL,CO,-0.30928046579435614,-0.2529608464491527,-0.2867526180562747,3902.0
CENTURA HEALTH-ST ANTHONY HOSPITAL,CO,-0.4259886034574881,-0.30251322440202694,-0.3765984518353036,4050.0
CENTURA HEALTH-ST MARY CORWIN MEDICAL CENTER,CO,-0.4224412436500981,0.26486150315838214,-0.147520144926706,3299.0
CENTURA HEALTH-ST THOMAS MORE HOSPITAL,CO,-0.28196579527745297,0.20539864961493312,-0.08702001732049852,2915.0
CGH MEDICAL CENTER,IL,-0.23514064581990451,0.1707119850479213,-0.07279959347277419,2825.0
CHADRON COMMUNITY HOSPITAL AND HEALTH SERVICES,NE,0.4977438903868766,-0.02584578083181281,0.2883080218994008,849.0
CHAMBERS MEMORIAL HOSPITAL,AR,0.6497127845354654,0.012144375598723934,0.39468542096076886,451.0
CHAMBERSBURG HOSPITAL,PA,-0.07905681429474296,-0.09191561810231179,-0.08420033581777049,2900.0
CHAMPLAIN VALLEY PHYSICIANS HOSPITAL MEDICAL CTR,NY,-0.04358321622084255,-0.4098767099665875,-0.19010061371914053,3528.0
CHANDLER REGIONAL MEDICAL CENTER,AZ,-0.3589435030978166,-0.5502751141663976,-0.435476147525249,4087.0
CHAPMAN GLOBAL MEDICAL CENTER,CA,-0.7885287757727496,1.0477890748137935,-0.05400163553813231,2692.0
CHARLES A CANNON JR MEMORIAL HOSPITAL,NC,0.6467330022972579,-0.1084330774199365,0.3446665704103802,613.0
CHARLES A DEAN MEMORIAL HOSPITAL,ME,0.035877643464694214,1.221222397648853,0.5100155451383578,190.0
CHARLES COLE MEMORIAL HOSPITAL,PA,-0.05919159937335868,0.2698167409536695,0.07241173675745258,1869.0
CHARLESTON AREA MEDICAL CENTER,WV,-0.031167456894977436,-0.3644536968431195,-0.16448195287423428,3388.0
CHARLOTTE HUNGERFORD HOSPITAL,CT,0.0004040453907937661,0.46802625276516635,0.1874529283405428,1275.0
CHASE COUNTY COMMUNITY HOSPITAL,NE,0.06567546584677039,1.221222397648853,0.5278942385676034,158.0
CHATHAM HOSPITAL INC,NC,0.4894667175029665,0.34166768898533695,0.43034710609591464,346.0
CHATUGE REGIONAL HOSPITAL,GA,0.34875477847649516,-0.0010695918553757695,0.2088250303437468,1184.0
"CHENANGO MEMORIAL HOSPITAL, INC",NY,-0.07669190775648278,0.10009984646507558,-0.00597520606785943,2365.0
CHEROKEE INDIAN HOSPITAL AUTHORITY,NC,-0.023718001299458488,0.7256986181201118,0.27604864646836963,896.0
CHEROKEE MEDICAL CENTER,AL,0.3537210822068412,0.15584627166205914,0.2745711579889284,902.0
CHEROKEE REGIONAL MEDICAL CENTER,IA,0.36861999339787943,0.20539864961493318,0.3033314558847009,776.0
CHERRY COUNTY HOSPITAL,NE,-0.7024461777800849,0.9239081299316082,-0.051904454695407665,2681.0
CHESAPEAKE GENERAL HOSPITAL,VA,0.3097338205952047,0.031965326779873626,0.19862642306907227,1233.0
CHESHIRE MEDICAL CENTER,NH,-0.2918984027381448,0.2450405519772326,-0.07712282085199383,2852.0
CHESTATEE REGIONAL HOSPITAL,GA,0.014025907051171594,-0.1084330774199364,-0.03495768673727161,2563.0
CHESTER COUNTY HOSPITAL,PA,-0.19008917626605104,-0.5998274921192719,-0.3539845026073394,4023.0
CHESTER REGIONAL MEDICAL CENTER,SC,0.5921036612634513,0.06912961024452935,0.3829140408558825,490.0
CHESTNUT HILL HOSPITAL,PA,0.06567546584677039,0.5175786307180402,0.2464367317952783,1052.0
CHEYENNE COUNTY HOSPITAL,KS,-0.06344843114222673,0.3292795944971187,0.09364277911351146,1740.0
CHEYENNE REGIONAL MEDICAL CENTER,WY,-0.12552722777155229,-0.1621148202022167,-0.14016226474381804,3252.0
CHI HEALTH  - MERCY CORNING,IA,-0.10317886098499514,1.0973414527666676,0.37702926451567,509.0
CHI HEALTH GOOD SAMARITAN,NE,-0.15284189828845568,-0.24883148161974647,-0.19123773162097202,3535.0
CHI HEALTH IMMANUEL,NE,-0.03932638445197461,0.41351863701700464,0.1418116241356171,1497.0
CHI HEALTH LAKESIDE,NE,-0.1358145712129836,0.3441453078829809,0.05616938042540222,1960.0
CHI HEALTH MERCY COUNCIL BLUFFS,IA,-0.22378909443625639,0.19548817402435828,-0.05607818705201051,2707.0
CHI HEALTH MIDLANDS,NE,0.019323297696874037,0.1682343661502776,0.07888772507823545,1827.0
CHI HEALTH MISSOURI VALLEY,IA,0.5722384463420671,-0.3561949671843074,0.2008650809315173,1223.0
CHI HEALTH NEBRASKA HEART,NE,-0.07338103860291888,-0.7360965314896758,-0.33846723575762167,3998.0
CHI HEALTH PLAINVIEW,NE,0.08554068076815469,1.1468938307195424,0.5100819407487098,189.0
CHI HEALTH SCHUYLER,NE,-0.07338103860291896,0.8743557519787342,0.30571367762974233,772.0
CHI HEALTH ST ELIZABETH,NE,-0.2805468513544968,0.2797272165442443,-0.05643722419500034,2710.0
CHI HEALTH ST FRANCIS,NE,-0.32595305688908927,0.007189137803436552,-0.19269617901207894,3542.0
CHI HEALTH ST MARY'S,NE,-0.3465277437719515,1.592865232295409,0.42922944665499285,350.0
CHI HLTH CREIGHTON UNIVERSITY MED CTR-BERGAN MERCY,NE,-0.2111959671200217,-0.27773703542558986,-0.23781239444224897,3754.0
CHI ST LUKE'S HEALTH BAYLOR COLLEGE OF MEDICINE ME,TX,-0.0212348494342854,-0.5874393976310532,-0.24771666871299253,3795.0
CHI ST VINCENT MORRILTON,AR,0.5176091053082607,0.04848278609749834,0.3299585776239557,670.0
CHI ST. VINCENT HOSPITAL HOT SPRINGS,AR,-0.06593158300739985,0.25495102756780724,0.062421461222683,1922.0
CHI-ST VINCENT INFIRMARY,AR,-0.12304407590637934,0.27146848688543196,0.034760949210345185,2107.0
CHICKASAW NATION MEDICAL CENTER,OK,0.5325080164992988,-0.11669180707874886,0.2728280870680797,910.0
CHICOT MEMORIAL MEDICAL CENTER,AR,0.3120041308719343,0.37883197244999267,0.33873526750315763,637.0
CHILDRESS REGIONAL MEDICAL CENTER,TX,-0.2561410158796536,0.07325897507393542,-0.12438101949821798,3160.0
CHILTON MEDICAL CENTER,NJ,0.17067731614551548,-0.05227371574001248,0.0814969033913043,1809.0
CHINESE HOSPITAL,CA,0.44311454935307,-0.2554384653467964,0.16369334347312342,1398.0
CHINLE COMPREHENSIVE HEALTH CARE FACILITY,AZ,0.5821710538027592,1.1468938307195424,0.8080601645694725,15.0
CHINO VALLEY MEDICAL CENTER,CA,0.25936131133026613,-0.33967750786668255,0.01974578365148666,2204.0
CHIPPEWA COUNTY HOSPITAL,MN,0.6318340911062199,0.04022405643868588,0.3951900772392063,448.0
CHIPPEWA COUNTY WAR MEMORIAL HOSPITAL,MI,-0.12162513198342331,0.2945929299301066,0.04486209278198866,2043.0
CHOCTAW GENERAL HOSPITAL,AL,-0.04358321622084261,1.2459985866252903,0.4722495049176106,255.0
CHOCTAW MEMORIAL HOSPITAL,OK,0.27624674401344285,-0.17863227951984148,0.0942951346001291,1736.0
CHOCTAW NATION HEALTH SERVICES AUTHORITY,OK,0.03587764346469404,0.7256986181201118,0.31180603332686113,756.0
CHOCTAW REGIONAL MEDICAL CENTER,MS,0.00607982108261787,0.8495795630022972,0.34347971785048964,621.0
CHRIST HOSPITAL,OH,-0.29438155460331805,-0.41813543962539995,-0.3438831086121508,4007.0
CHRISTIAN HOSPITAL NORTHEAST-NORTHWEST,MO,0.18983305910542173,-0.3851005209901505,-0.0401403729328072,2594.0
"CHRISTIANA CARE HEALTH SERVICES, INC.",DE,-0.17767341694018593,-0.5956981272898657,-0.3448833010800578,4010.0
CHRISTUS COUSHATTA HEALTH CARE CENTER,LA,0.4977438903868765,-0.12907990156696736,0.24701437360533895,1048.0
CHRISTUS HEALTH SHREVEPORT - BOSSIER,LA,-0.07338103860291897,-0.29012512991380834,-0.16007867512727472,3360.0
CHRISTUS JASPER MEMORIAL HOSPITAL,TX,0.2563815290920586,0.1434581771738405,0.21121218832477134,1175.0
CHRISTUS SANTA ROSA HOSPITAL,TX,-0.25465112476054963,-0.2901251299138084,-0.2688407268218531,3845.0
CHRISTUS SOUTHEAST TEXAS- ST ELIZABETH,TX,-0.07586419046809187,-0.1579854553728106,-0.10871269642997936,3062.0
CHRISTUS SPOHN HOSPITAL ALICE,TX,0.3278963028090418,-0.15385609054340454,0.13519534546806325,1533.0
CHRISTUS SPOHN HOSPITAL BEEVILLE,TX,0.5076764978475687,-0.2405727519609342,0.20837679792416752,1187.0
CHRISTUS SPOHN HOSPITAL CORPUS CHRISTI,TX,-0.11559462031086028,-0.2859957650844021,-0.183755078220277,3490.0
CHRISTUS SPOHN HOSPITAL KLEBERG,TX,0.3120041308719343,-0.22199061022860636,0.09840623443171803,1717.0
CHRISTUS ST FRANCES CABRINI HOSPITAL,LA,-0.24471851729985755,-0.22405529264330948,-0.23645322743723834,3745.0
CHRISTUS ST MICHAEL HEALTH SYSTEM,TX,-0.20498808745708913,-0.4057473451371813,-0.285291790529126,3896.0
CHRISTUS ST PATRICK HOSPITAL,LA,-0.055998975546707686,-0.36858306167252586,-0.18103260999703497,3479.0
CHRISTUS ST VINCENT REGIONAL MEDICAL CENTER,NM,-0.419603355804186,0.2252196007960828,-0.16167417316407845,3370.0
CIBOLA GENERAL HOSPITAL,NM,0.25770587675348416,0.08151770473274794,0.18723060794518967,1277.0
CIMARRON MEMORIAL HOSPITAL,OK,0.04581025092538609,0.0,0.027486150555231653,2152.0
CITIZENS BAPTIST MEDICAL CENTER,AL,0.34776151773042585,0.4234291126075795,0.37802855568128735,506.0
CITIZENS MEDICAL CENTER,KS,0.5772047500724133,0.06500024541512302,0.3723229482094972,519.0
CITIZENS MEDICAL CENTER,LA,0.333855867285457,-0.5296282900193668,-0.011537795636472559,2397.0
CITIZENS MEDICAL CENTER,TX,-0.289415250872972,-0.5048521010429298,-0.37558999094095513,4049.0
CITIZENS MEMORIAL HOSPITAL,MO,-0.16135556182619168,0.6860567157578125,0.17760934920741,1323.0
CITRUS MEMORIAL HOSPITAL,FL,-0.2496848210302036,0.3994787965970237,0.009980626020687333,2271.0
CITRUS VALLEY MEDICAL CENTER-IC CAMPUS,CA,0.0557428583860784,-0.6617679645603646,-0.23126147079249879,3715.0
CJW MEDICAL CENTER,VA,0.1575520848581723,-0.042363240149437646,0.07758595485512831,1835.0
CLAIBORNE COUNTY HOSPITAL,MS,0.6914297358703724,-0.25709021127855897,0.3120217570107998,753.0
CLAIBORNE MEDICAL CENTER,TN,0.17692066940652185,0.46554863386752243,0.29237185519092207,828.0
CLAIBORNE MEMORIAL MEDICAL CENTER,LA,0.22062414223356708,0.1186819881974033,0.17984728061910155,1309.0
CLARA BARTON HOSPITAL,KS,-0.2968647064684909,-0.3025132244020269,-0.2991241136419053,3928.0
CLARA MAASS MEDICAL CENTER,NJ,-0.030812720914238458,-0.08200514251173688,-0.05128968955323783,2677.0
CLAREMORE INDIAN HOSPITAL,OK,0.18486675537507563,0.9734605078844821,0.5003042563788382,207.0
CLARENDON MEMORIAL HOSPITAL,SC,-0.1462201599813275,-0.07333347636998394,-0.11706548653679008,3108.0
CLARINDA REGIONAL HEALTH CENTER,IA,0.46297976427445414,-0.2405727519609342,0.18155875778029879,1301.0
CLARION HOSPITAL,PA,-0.13297668336707144,0.4085633992217172,0.08363934966844401,1797.0
CLARK FORK VALLEY HOSPITAL,MT,0.15175806383943521,-0.1043037125905304,0.04933335326744896,2012.0
CLARK MEMORIAL HOSPITAL,IN,0.04297236307947414,-0.07209466692116206,-0.003054448920780342,2345.0
CLARK REGIONAL MEDICAL CENTER,KY,-0.20108599166896007,0.1459357960714843,-0.062277276572782314,2744.0
CLARKE COUNTY HOSPITAL,IA,-0.1727071132098399,0.2549510275678073,-0.001643856898781007,2336.0
CLAXTON-HEPBURN MEDICAL CENTER,NY,-0.09892202921612712,0.11124913150447216,-0.014853564927887405,2428.0
CLAY COUNTY HOSPITAL,AL,0.42324933443168583,0.10629389370918478,0.2964671581426854,807.0
CLAY COUNTY HOSPITAL,IL,0.8205536328593696,-0.5956981272898657,0.25405292879967545,1013.0
CLAY COUNTY MEDICAL CENTER,KS,0.47787867546549234,-0.06713942912587485,0.2598714336289455,980.0
CLAY COUNTY MEDICAL CENTER,MS,0.24843544312350505,0.0009950905593273385,0.14945930209783395,1463.0
CLAY COUNTY MEMORIAL HOSPITAL,TX,0.3967623812031736,0.9486843189080456,0.6175311562851225,79.0
CLEAR LAKE REGIONAL MEDICAL CENTER,TX,-0.15284189828845557,-0.7360965314896758,-0.38614375156894365,4054.0
CLEARFIELD HOSPITAL,PA,-0.1991940664383521,0.1608015094573465,-0.055195836080072655,2702.0
CLEARVIEW  REGIONAL MEDICAL CENTER,GA,-0.19257232813122402,0.2846824543395317,-0.0016704151429217245,2337.0
CLEARWATER VALLEY HOSPITAL & CLINICS,ID,0.37159977563608687,0.1682343661502775,0.2902536118417631,838.0
CLEVELAND AREA HOSPITAL,OK,0.14513632553230704,0.502712917332178,0.28816696225225547,851.0
CLEVELAND CLINIC,OH,0.09547328822884682,-0.6369917755839275,-0.19751273729626295,3563.0
CLEVELAND CLINIC HOSPITAL,FL,-0.11807777217603335,-0.46355845274886787,-0.25627004440516715,3814.0
CLIFTON FINE HOSPITAL,NY,-0.07338103860291896,0.0,-0.04402862316175137,2628.0
CLIFTON SPRINGS HOSPITAL AND CLINIC,NY,0.636800394836566,0.30450340552068145,0.5038815991102121,203.0
CLINCH MEMORIAL HOSPITAL,GA,0.6318340911062199,-0.24057275196093422,0.28287135387935824,872.0
CLINCH VALLEY MEDICAL CENTER,VA,0.4762232408887102,-0.1166918070787489,0.23905722170172652,1081.0
"CLINTON COUNTY HOSPITAL, INC",KY,0.7510253806345248,0.6926636994848622,0.7276807081746597,35.0
CLINTON HOSPITAL ASSOCIATION,MA,0.6070025724544895,-0.4057473451371813,0.20190260541782115,1215.0
CLINTON MEMORIAL HOSPITAL,OH,-0.1296658142135074,-0.07333347636998389,-0.10713287907609799,3049.0
CLOUD COUNTY HEALTH CENTER,KS,0.22062414223356716,0.07532365748863862,0.16250394833559573,1402.0
CLOVIS COMMUNITY MEDICAL CENTER,CA,-0.1755450010557519,0.7356090937106865,0.1889166368508235,1272.0
COALINGA REGIONAL MEDICAL CENTER,CA,-0.013785393838766258,0.0,-0.008271236303259754,2380.0
COAST PLAZA HOSPITAL,CA,0.5126428015779148,-0.19721442125216931,0.2286999124458811,1114.0
COASTAL CAROLINA HOSPITAL,SC,0.3040580449033807,0.06912961024452935,0.21008667103984013,1180.0
COBLESKILL REGIONAL HOSPITAL,NY,0.28915913371234253,-0.28186640025499593,0.06074892012540714,1930.0
COBRE VALLEY REGIONAL MEDICAL CENTER,AZ,-0.1409227693356251,-0.6865441535368015,-0.35917132301609567,4031.0
COFFEE REGIONAL MEDICAL CENTER,GA,-0.05682669283509856,0.03196532677987367,-0.021309884989109667,2469.0
COFFEY COUNTY HOSPITAL,KS,-0.12105755441424101,-0.2736076705961837,-0.18207760088701808,3485.0
COFFEYVILLE REGIONAL MEDICAL CENTER,KS,-0.28858753358458095,0.025771279535764302,-0.16284400833644283,3375.0
COLEMAN COUNTY MEDICAL CENTER COMPANY,TX,0.8950481888145604,0.3870907021088052,0.6918651941322583,42.0
COLISEUM MEDICAL CENTERS,GA,0.24162451229331608,-0.0753981587846871,0.1148154438621148,1631.0
COLISEUM NORTHSIDE HOSPITAL,GA,-0.033650608760150545,-0.12495053673756114,-0.07017057995111478,2811.0
COLLEGE MEDICAL CENTER,CA,0.035877643464694214,0.7256986181201118,0.31180603332686124,755.0
COLLEGE STATION MEDICAL CENTER,TX,-0.18760602440087798,-0.12907990156696733,-0.1641955752673137,3385.0
COLLETON MEDICAL CENTER,SC,0.002768951929053872,0.1248760354415126,0.05161178533403737,1993.0
COLORADO CANYONS HOSPITAL AND MEDICAL CENTER,CO,0.1650015404536915,0.7009224291436749,0.37936989592968484,501.0
COLORADO PLAINS MEDICAL CENTER,CO,-0.08132712457147254,0.16823436615027754,0.0184974717172275,2209.0
COLORADO RIVER MEDICAL CENTER,CA,0.5722384463420672,-1.1572917440891062,-0.11957362983040215,3124.0
COLQUITT REGIONAL MEDICAL CENTER,GA,0.025945036004002036,0.3168915000089,0.14232362160596124,1494.0
COLUMBIA BASIN HOSPITAL,WA,0.18486675537507546,1.2459985866252903,0.6093194878751614,87.0
COLUMBIA MEMORIAL HOSPITAL,NY,0.04581025092538628,0.31936911890654374,0.15523379811784926,1442.0
COLUMBIA MEMORIAL HOSPITAL,OR,-0.17932885151696798,0.5089069645762874,0.09596547492033418,1727.0
COLUMBIA ST MARYS HOSPITAL MILWAUKEE,WI,-0.11311146844568727,-0.13320926639637345,-0.12115058762596174,3136.0
COLUMBIA ST MARYS HOSPITAL OZAUKEE,WI,-0.34652774377195145,-0.2653489409373713,-0.3140562226381194,3956.0
COLUMBUS COMMUNITY HOSPITAL,NE,-0.2124375430526083,0.2450405519772325,-0.029446305040671972,2524.0
COLUMBUS COMMUNITY HOSPITAL,TX,0.45304715681376206,-0.0010695918553757788,0.2714004573461069,922.0
COLUMBUS COMMUNITY HOSPITAL,WI,0.03389112197255577,0.19920460237082388,0.10001651413186302,1700.0
COLUMBUS REGIONAL HEALTHCARE SYSTEM,NC,0.28021978699771954,0.3491005456782682,0.30777209046993903,767.0
COLUMBUS REGIONAL HOSPITAL,IN,-0.15284189828845568,-0.31903068371965154,-0.219317412460934,3665.0
COLUSA REGIONAL MEDICAL CENTER,CA,0.49774389038687655,-0.025845780831812954,0.28830802189940075,850.0
COMANCHE COUNTY HOSPITAL,KS,0.01601242854330992,1.791074744106906,0.7260373547687484,36.0
COMANCHE COUNTY MEMORIAL HOSPITAL,OK,-0.26706688408641477,-0.02171641600240672,-0.16892669685281153,3413.0
COMMUNITY FIRST MEDICAL CENTER,IL,-0.16419344967210373,-0.1662441850316229,-0.16501374381591138,3390.0
COMMUNITY HEALTH CENTER OF BRANCH COUNTY,MI,0.03445869954173809,0.06665199134688549,0.04733601626379705,2026.0
COMMUNITY HOSPITAL,CO,-0.1727071132098399,-0.04236324014943773,-0.12056956398567903,3132.0
COMMUNITY HOSPITAL,IN,-0.011302241973593294,-0.41813543962539995,-0.17403552103431597,3447.0
COMMUNITY HOSPITAL,NE,-0.3415614400416054,0.12281135302680957,-0.1558123228142394,3348.0
COMMUNITY HOSPITAL,WY,0.4927775866565305,0.38709070210880486,0.45050283283744025,298.0
COMMUNITY HOSPITAL ASSOCIATION,MO,0.6616319134882962,0.08151770473274793,0.4295862299860769,348.0
COMMUNITY HOSPITAL EAST,IN,-0.16277450574914784,0.015447867462248984,-0.09148555646458911,2945.0
COMMUNITY HOSPITAL INC,AL,0.20473197029645976,-0.35825964959901035,-0.020464677661728298,2463.0
COMMUNITY HOSPITAL NORTH,IN,-0.16135556182619165,0.1954881740243584,-0.018618067485971626,2451.0
COMMUNITY HOSPITAL OF ANACONDA,MT,0.02594503600400211,0.08151770473274782,0.04817410349550039,2021.0
COMMUNITY HOSPITAL OF ANDERSON AND MADISON COUNTY,IN,-0.08757047783247913,-0.08696038030702438,-0.08732643882229724,2917.0
COMMUNITY HOSPITAL OF BREMEN INC,IN,0.34378847474614904,0.32927959449711874,0.3379849226465369,640.0
COMMUNITY HOSPITAL OF HUNTINGTON PARK,CA,0.8106210253986774,-0.37684179133133816,0.33563589870667115,648.0
COMMUNITY HOSPITAL OF LONG BEACH,CA,0.29412543744268865,0.274771978748957,0.28638405396519595,859.0
COMMUNITY HOSPITAL OF SAN BERNARDINO,CA,0.5871373575331054,-0.05888069946706224,0.3287301347330383,677.0
COMMUNITY HOSPITAL OF THE MONTEREY PENINSULA,CA,-0.47316848889577573,-0.4222648044548061,-0.45280701511938787,4098.0
COMMUNITY HOSPITAL SOUTH,IN,-0.27487107566267277,0.547310057489765,0.05400137759830237,1981.0
"COMMUNITY HOSPITAL, LLC",OK,-1.4043504383356593,0.0,-0.8426102630013955,4172.0
"COMMUNITY HOSPITAL, ONAGA AND ST MARYS CAMPUS",KS,0.3884852083192634,-0.05062196980824988,0.2128423370682581,1169.0
COMMUNITY HOSPITALS AND WELLNESS CENTERS,OH,-0.18122077674757603,0.7058776669389621,0.17361860072703925,1343.0
COMMUNITY HOWARD REGIONAL HEALTH INC,IN,-0.11311146844568729,0.2846824543395318,0.04600610066840036,2036.0
COMMUNITY MEDICAL CENTER,MT,-0.18405866459348794,0.04187580237044841,-0.09368487780791339,2961.0
COMMUNITY MEDICAL CENTER,NJ,-0.02513694522241448,0.32432435670183113,0.11464757554728376,1635.0
COMMUNITY MEDICAL CENTER IZARD COUNTY,AR,0.8404188477807538,0.23843356825018236,0.5996247359685252,92.0
"COMMUNITY MEDICAL CENTER, INC",NE,-0.13297668336707152,0.0567415157563107,-0.05708940371771863,2715.0
"COMMUNITY MEMORIAL HEALTHCARE, INC",KS,0.48781128292618436,-0.1414679960551859,0.23609957133363627,1100.0
"COMMUNITY MEMORIAL HEALTHCENTER, INC",VA,0.10209502653597481,0.07532365748863856,0.09138647891704031,1748.0
COMMUNITY MEMORIAL HOSPITAL,IL,0.025945036004002164,0.2921153110324629,0.13241314601538648,1543.0
COMMUNITY MEMORIAL HOSPITAL,MN,-0.14092276933562514,0.11455262336799725,-0.03873261225417617,2583.0
COMMUNITY MEMORIAL HOSPITAL,ND,-0.053515823681534846,0.0,-0.032109494208920904,2541.0
COMMUNITY MEMORIAL HOSPITAL,NE,-0.053515823681534486,1.1468938307195424,0.42664803807889634,358.0
COMMUNITY MEMORIAL HOSPITAL,OH,-0.09324625352430309,0.048482786097498315,-0.03655463767558253,2567.0
COMMUNITY MEMORIAL HOSPITAL,SD,0.30008500191910387,0.09803516405037264,0.21926506677161137,1155.0
COMMUNITY MEMORIAL HOSPITAL,WI,-0.16774080947949396,0.044353421268092164,-0.0829031171804595,2892.0
COMMUNITY MEMORIAL HOSPITAL MEDICAL CENTER,IA,-0.16277450574914765,0.8743557519787342,0.25207759734200513,1022.0
COMMUNITY MEMORIAL HOSPITAL SAN BUENAVENTURA,CA,-0.25465112476054963,-0.14146799605518598,-0.20937787327840418,3622.0
"COMMUNITY MEMORIAL HOSPITAL, INC",NY,0.03786416495683246,0.04848278609749849,0.04211161341309887,2064.0
COMMUNITY REGIONAL MEDICAL CENTER,CA,0.1848667553750756,-0.1373386312257797,0.055984600734733485,1963.0
CONCORD HOSPITAL,NH,-0.30679731392918314,-0.2901251299138083,-0.3001284403230332,3931.0
CONEMAUGH MINERS MEDICAL CENTER,PA,0.41828303070133976,-0.07539815878468696,0.22081055490692905,1148.0
CONEY ISLAND HOSPITAL,NY,0.6219014836455278,-0.037408002354150184,0.35817768924565657,559.0
CONFLUENCE HEALTH- WENATCHEE VALLEY HOSP & CLINICS,WA,-1.2354961115038938,0.0,-0.7412976669023362,4149.0
CONNALLY MEMORIAL MEDICAL CENTER,TX,-0.0932462535243031,0.16204031890616816,0.008868375447885407,2275.0
CONROE REGIONAL MEDICAL CENTER,TX,0.08305752890298161,-0.17863227951984148,-0.021618394466147633,2471.0
CONTRA COSTA REGIONAL MEDICAL CENTER,CA,0.3189569560944189,0.007189137803436644,0.194249828778026,1251.0
CONWAY MEDICAL CENTER,SC,-0.2748710756626728,0.3391900700876934,-0.029246617362526317,2523.0
CONWAY REGIONAL MEDICAL CENTER,AR,-0.13297668336707147,0.15584627166205914,-0.017447501355419226,2439.0
COOK  MEDICAL CENTER  A CAMPUS OF TIFT REG MED CTR,GA,0.2113537086035878,0.36644387796177413,0.27338977634686235,906.0
COOK COUNTY NORTHSHORE HOSPITAL,MN,-0.1131114684456872,0.0,-0.06786688106741232,2794.0
COOK HOSPITAL,MN,0.025945036004001984,0.4779367283557411,0.20674171294469765,1194.0
COOKEVILLE REGIONAL MEDICAL CENTER,TN,-0.04110006435566968,-0.09191561810231175,-0.06142628585432651,2740.0
"COOLEY DICKINSON HOSPITAL INC,THE",MA,-0.17270711320983986,-0.03245276455886281,-0.11660537374944904,3104.0
COON MEMORIAL HOSPITAL,TX,-0.2621005803560686,0.21778674410315157,-0.07014565057238052,2810.0
COOPER COUNTY MEMORIAL HOSPITAL,MO,0.47291237173514633,0.8495795630022972,0.6235792482420067,72.0
COOPER UNIVERSITY HOSPITAL,NJ,0.21963088148749776,-0.2447021167903403,0.03389768217636255,2112.0
COOPERSTOWN MEDICAL CENTER,ND,0.07560807330746244,0.527489106308615,0.2563604865079235,998.0
COORDINATED HEALTH ORTHOPEDIC HOSPITAL,PA,-1.3646200084928912,0.0,-0.8187720050957347,4169.0
COOSA VALLEY MEDICAL CENTER,AL,-0.08757047783247908,0.21035388741022049,0.03159926826460076,2125.0
COPLEY HOSPITAL,VT,-0.0005419172245101911,0.48289196615102836,0.19283163612570522,1259.0
COPLEY MEMORIAL HOSPITAL,IL,-0.3490108956371245,0.08151770473274776,-0.17679945548917558,3461.0
COPPER BASIN MEDICAL CENTER,TN,0.7460590769041786,-0.09191561810231168,0.41086919890158247,408.0
COPPER QUEEN COMMUNITY HOSPITAL,AZ,0.27094935336774023,0.5770414842614895,0.39338620572523997,457.0
COQUILLE VALLEY HOSPITAL DISTRICT,OR,-0.11311146844568735,0.4159962559146483,0.0985316212984469,1713.0
CORAL GABLES HOSPITAL,FL,0.02310714815808996,-0.10678133148817404,-0.02884824370041564,2520.0
CORDELL MEMORIAL HOSPITAL,OK,0.4828449791958384,0.42838435040286665,0.4610607276786497,278.0
"CORE INSTITUTE SPECIALTY HOSPITAL, THE",AZ,-1.1063722145148966,0.0,-0.663823328708938,4128.0
CORNERSTONE MEDICAL CENTER,GA,0.30902434863372674,0.3974141141823204,0.3443802548531642,615.0
CORNERSTONE REGIONAL HOSPITAL,TX,-1.235496111503894,0.0,-0.7412976669023364,4150.0
CORNING HOSPITAL,NY,0.09689223215180273,-0.08696038030702427,0.023351187168271927,2183.0
CORONA REGIONAL MEDICAL CENTER,CA,-0.00716365553163828,0.031965326779873626,0.008487937392966483,2280.0
"CORPUS CHRISTI MEDICAL CENTER,THE",TX,-0.296864706468491,-0.19102037400806005,-0.25452697348431863,3809.0
CORRY MEMORIAL HOSPITAL,PA,0.3040580449033808,-0.3479362375254949,0.043260331931830515,2052.0
"CORTLAND REGIONAL MEDICAL CENTER, INC",NY,0.5258862781921707,-0.05722895353529989,0.2926401855011825,826.0
CORYELL MEMORIAL HEALTHCARE SYSTEM,TX,0.01601242854330974,0.7256986181201118,0.29988690437403054,790.0
COSHOCTON COUNTY MEMORIAL HOSPITAL,OH,0.35968064668325644,0.2549510275678073,0.3177887990370768,731.0
COTTAGE HOSPITAL,NH,-0.053515823681534666,-0.3149013188902455,-0.158070021765019,3354.0
COULEE COMMUNITY HOSPITAL,WA,0.19148849368220366,0.30450340552068145,0.2366944584175948,1095.0
COVENANT HOSPITAL LEVELLAND,TX,0.48284497919583824,-0.15798545537281064,0.2265128053683787,1128.0
COVENANT HOSPITAL PLAINVIEW,TX,-0.005839307870212673,0.13726412992973117,0.051402067249764864,1996.0
COVENANT MEDICAL CENTER,IA,-0.206761767360784,0.17071198504792118,-0.05577226639730193,2705.0
COVENANT MEDICAL CENTER,MI,0.19728251470094063,-0.3438068726960888,-0.01915324025787113,2456.0
COVENANT MEDICAL CENTER,TX,-0.28693209900779904,-0.2694783057667775,-0.2799505817113904,3882.0
COVINGTON COUNTY HOSPITAL CAH,MS,0.6566656097579501,0.32927959449711847,0.5257112036536175,162.0
COX MEDICAL CENTER BRANSON,MO,-0.1727071132098398,-0.29508036770909574,-0.2216564150095422,3677.0
COX MEDICAL CENTERS,MO,-0.15035874642328256,-0.15798545537281064,-0.1534094300030938,3330.0
COX MONETT HOSPITAL,MO,0.1517580638394352,-0.12907990156696747,0.03942287767687412,2073.0
COZAD COMMUNITY HOSPITAL,NE,0.4927775866565305,0.6265938622143632,0.5463040968796635,136.0
CRAIG GENERAL HOSPITAL,OK,0.6467330022972579,0.08771175197685713,0.4231245021690976,370.0
CRANE COUNTY HOSPITAL DISTRICT,TX,0.5325080164992988,0.4531605393793041,0.5007690256513009,206.0
CRAWFORD COUNTY MEMORIAL HOSPITAL,IA,0.006079821082617953,0.9734605078844828,0.3930320958033639,461.0
CRAWFORD MEMORIAL HOSPITAL,IL,-0.11973320675281533,0.3478617362294465,0.06730477044008941,1899.0
CREEK NATION COMMUNITY HOSPITAL,OK,0.3636536896675333,1.122117641743105,0.667039270497762,54.0
CRENSHAW COMMUNITY HOSPITAL,AL,0.5027101941172225,-0.06713942912587484,0.2747703448199836,900.0
CRESCENT MEDICAL CENTER LANCASTER,TX,-0.1528418982884558,0.0,-0.09170513897307347,2946.0
CRESTWOOD MEDICAL CENTER,AL,-0.06486737506518277,0.5126233929227528,0.16612893212999147,1384.0
CRETE AREA MEDICAL CENTER,NE,-0.05351582368153467,1.1468938307195424,0.42664803807889623,359.0
CRISP REGIONAL HOSPITAL,GA,0.2411515309856642,-0.0027213377871383115,0.1436023834765432,1489.0
CRITTENDEN HEALTH SYSTEM,KY,0.5523732314206831,0.32308554725300914,0.4606581577536135,281.0
CRITTENTON HOSPITAL MEDICAL CENTER,MI,-0.08579679792878403,-0.31903068371965165,-0.1790903522451311,3471.0
CROOK COUNTY HOSPITAL,WY,0.09547328822884657,1.1468938307195424,0.5160415052251249,179.0
CROSSING RIVERS HEALTH MEDICAL CENTER,WI,-0.12304407590637934,0.07532365748863849,-0.043696982548372204,2627.0
CROSSRIDGE COMMUNITY HOSPITAL,AR,0.3596806466832564,0.000995090559327283,0.21620642423368475,1164.0
CROSSROADS COMMUNITY HOSPITAL,IL,0.016012428543310087,0.2301748385913702,0.10167739256253414,1691.0
CROUSE HOSPITAL,NY,0.05432391446312236,0.10133865591389742,0.07312981104343239,1859.0
CROWNPOINT HEALTHCARE FACILITY,NM,-0.06344843114222672,0.8991319409551717,0.32158371769673266,710.0
CROZER CHESTER MEDICAL CENTER,PA,-0.07834734233326496,-0.20340846849627858,-0.1283717927984704,3177.0
CRYSTAL CLINIC ORTHOPAEDIC CENTER,OH,-1.364620008492891,0.0,-0.8187720050957346,4168.0
"CUBA MEMORIAL HOSPITAL, INC",NY,0.06567546584677056,1.1964462086724164,0.517983762977029,177.0
CUERO COMMUNITY HOSPITAL,TX,0.2990917411730347,0.15584627166205886,0.24179355336864436,1066.0
CULBERSON HOSPITAL,TX,-0.07338103860291896,0.0,-0.04402862316175137,2628.0
CULLMAN REGIONAL MEDICAL CENTER,AL,-0.10175991706203913,0.5522652952850522,0.1598501678767974,1419.0
CUMBERLAND COUNTY HOSPITAL,KY,0.6566656097579501,-0.33967750786668244,0.258128362708097,989.0
CUMBERLAND MEDICAL CENTER,TN,-0.2862226270463209,0.20539864961493307,-0.08957411638181931,2929.0
CUMBERLAND MEMORIAL HOSPITAL,WI,0.5623058388813753,0.5770414842614895,0.568200097033421,118.0
CURRY GENERAL HOSPITAL,OR,0.48284497919583835,0.34579705381474307,0.42802580904340026,353.0
CUSTER REGIONAL HOSPITAL - CAH,SD,0.06567546584677056,1.2459985866252903,0.5378047141581785,143.0
CUYUNA REGIONAL MEDICAL CENTER,MN,0.01402590705117147,0.023706597121061396,0.017898183079127442,2214.0
CYPRESS FAIRBANKS MEDICAL CENTER,TX,0.24115153098566408,-0.032452764558862854,0.1317098127678533,1545.0
CYPRESS POINTE SURGICAL HOSPITAL,LA,-1.1759004667397415,0.0,-0.7055402800438448,4138.0
D C H REGIONAL MEDICAL CENTER,AL,0.03091133973434823,0.08564706956215379,0.052805631665470455,1985.0
D W MCMILLAN MEMORIAL HOSPITAL,AL,0.3239232598247649,0.5175786307180402,0.401385408182075,436.0
DAKOTA PLAINS SURGICAL CENTER LLP,SD,-1.1858330742004333,0.0,-0.7114998445202599,4139.0
DALE MEDICAL CENTER,AL,-0.09324625352430316,-0.029975145661219022,-0.06793781037906951,2795.0
DALLAS COUNTY HOSPITAL,IA,-0.1528418982884556,1.0477890748137935,0.32741049095244407,685.0
DALLAS COUNTY MEDICAL CENTER,AR,0.6169351799151817,0.08977643439155998,0.406071681705733,424.0
DALLAS MEDICAL CENTER,TX,-0.005839307870212629,-0.537887019678179,-0.2186583925933992,3662.0
DALLAS REGIONAL MEDICAL CENTER,TX,-0.1187872441375114,0.4382948259934416,0.1040455839148698,1682.0
DAMERON HOSPITAL,CA,-0.05351582368153464,0.4036081614264299,0.1293337703616512,1564.0
DANBURY HOSPITAL,CT,-0.0783473423332649,-0.19102037400805996,-0.12341655500318294,3149.0
DANVILLE REGIONAL MEDICAL CENTER,VA,0.05574285838607829,0.052612150926904515,0.05449057540240878,1979.0
DAUTERIVE HOSPITAL,LA,-0.20959965520669607,0.17071198504792132,-0.057474999104849114,2719.0
DAVIESS COMMUNITY HOSPITAL,IN,-0.08189470214065493,0.180622460638496,0.02311216297100544,2188.0
DAVIS COUNTY HOSPITAL,IA,-0.1776734169401859,0.7009224291436744,0.17376492149335823,1341.0
DAVIS HOSPITAL AND MEDICAL CENTER,UT,-0.13581457121298346,0.4630710149698786,0.10373966326016139,1683.0
DAVIS MEDICAL CENTER,WV,-0.1301387955211594,0.4135186370170046,0.08732417749410622,1769.0
DAVIS REGIONAL MEDICAL CENTER,NC,-0.13297668336707147,-0.09191561810231183,-0.11655225726116761,3102.0
DAY KIMBALL HOSPITAL,CT,-0.16703133751801574,0.12115960709504706,-0.05175495967279062,2679.0
DAYTON GENERAL HOSPITAL,WA,0.025945036004001984,1.1468938307195424,0.4743245538902182,253.0
"DE QUEEN MEDICAL CENTER, INC",AR,0.7162612545221025,0.14758754200324656,0.48879176951456016,231.0
DEACONESS HOSPITAL,WA,-0.16029135388397475,-0.31903068371965154,-0.22378708581824547,3683.0
DEACONESS HOSPITAL INC,IN,0.05077655465573232,-0.03410451049062516,0.016824128597189323,2221.0
DEARBORN COUNTY HOSPITAL,IN,0.04581025092538634,0.0963834181186101,0.06603951780267585,1907.0
DEBORAH HEART AND LUNG CENTER,NJ,0.38020803543535336,-0.5329317818828917,0.014952108508055312,2237.0
DECATUR COUNTY GENERAL HOSPITAL,TN,0.6070025724544894,0.19920460237082394,0.4438833844210232,314.0
DECATUR COUNTY HOSPITAL,IA,0.1054058956895388,0.9486843189080456,0.4427172649769416,316.0
DECATUR COUNTY HOSPITAL,KS,-0.07338103860291878,0.7009224291436749,0.23634034849571867,1099.0
DECATUR COUNTY MEMORIAL HOSPITAL,IN,-0.20846450006833134,0.056741515756310666,-0.10238209373847454,3008.0
DECATUR MEMORIAL HOSPITAL,IL,-0.190089176266051,-0.10430371259053034,-0.15577499079584275,3347.0
DECATUR MORGAN HOSPITAL-DECATUR CAMPUS,AL,-0.07338103860291888,0.30450340552068145,0.07777273904652127,1832.0
DECKERVILLE COMMUNITY HOSPITAL,MI,-0.1131114684456872,0.0,-0.06786688106741232,2794.0
DEER RIVER HEALTHCARE CENTER,MN,0.04581025092538646,1.2955509645781644,0.5457065363864977,137.0
DEFIANCE REGIONAL MEDICAL CENTER,OH,-0.06543495263436513,-0.03410451049062517,-0.05290277577686915,2686.0
DEKALB HEALTH,IN,-0.06675930029579076,0.29211531103246285,0.07679054423551068,1840.0
DEKALB MEDICAL CENTER,GA,-0.005271730301030342,0.22026436300079552,0.08494270701970001,1789.0
DEKALB MEDICAL CENTER AT HILLANDALE,GA,0.3914649905574711,0.11620436929975964,0.2813607420543865,879.0
DEKALB REGIONAL MEDICAL CENTER,AL,0.34378847474614904,0.9288633677268958,0.5778184319384478,106.0
DELANO REGIONAL MEDICAL CENTER,CA,0.08156763778387785,0.3045034055206814,0.17074194487859928,1362.0
DELAWARE COUNTY MEMORIAL HOSPITAL,PA,-0.056353711527446775,0.00718913780343664,-0.030936571795093404,2530.0
"DELAWARE VALLEY HOSPITAL, INC",NY,0.5325080164992989,-0.15798545537281072,0.25631062775045504,999.0
DELNOR COMMUNITY HOSPITAL,IL,-0.1982481038230481,-0.14146799605518598,-0.17553606071590327,3454.0
DELRAY MEDICAL CENTER,FL,0.00111351735227172,-0.1001743477611242,-0.03940162869308665,2589.0
DELTA COMMUNITY MEDICAL CENTER,UT,-0.04358321622084278,0.8743557519787342,0.323592371058988,700.0
DELTA COUNTY MEMORIAL HOSPITAL,CO,-0.295209271891709,0.40360816142642963,-0.015682298564453523,2431.0
DELTA MEDICAL CENTER,TN,0.7212275582524488,0.7380867126083301,0.7279712199948013,34.0
DELTA MEMORIAL HOSPITAL,AR,0.25638152909205864,-0.060945381881765445,0.12945076470252898,1563.0
DELTA REGIONAL MEDICAL CENTER,MS,-0.10743569275386321,0.5076681551274655,0.13860584639866833,1514.0
DENTON REGIONAL MEDICAL CENTER,TX,-0.08331364606361095,-0.6163449514368965,-0.2965261682129252,3923.0
DENVER HEALTH MEDICAL CENTER,CO,0.12858197976448701,-0.04731847794472501,0.0582217966808022,1946.0
DES PERES HOSPITAL,MO,-0.018751697569112297,-0.10843307741993646,-0.05462424950944197,2696.0
DESERT REGIONAL MEDICAL CENTER,CA,0.013529276678136892,0.18888119029730843,0.08367004212580552,1796.0
DESERT SPRINGS HOSPITAL,NV,0.1972825147009406,0.32515022966771245,0.24842960068764933,1040.0
DESERT VALLEY HOSPITAL,CA,0.17635309183733927,-0.4437375015677182,-0.07168314552468373,2816.0
DESERT VIEW REGIONAL MEDICAL CENTER,NV,0.5275417127689528,-0.24057275196093414,0.22029592687699798,1152.0
DESOTO MEMORIAL HOSPITAL,FL,0.27227370102916604,0.0517862779610232,0.1840787318019089,1292.0
DESOTO REGIONAL HEALTH SYSTEM,LA,0.6765308246793342,0.09803516405037264,0.44513256042774957,308.0
DETAR HOSPITAL NAVARRO,TX,-0.13581457121298357,0.29954816772539405,0.03833052436236749,2084.0
DETROIT RECEIVING HOSPITAL & UNIV HEALTH CENTER,MI,0.3012201570574687,-0.05227371574001247,0.1598226079384762,1420.0
"DEWITT HOSPITAL & NURSING HOME, INC",AR,0.6616319134882961,0.11455262336799728,0.4428001974401765,315.0
DHHS USPHS INDIAN HEALTH SERVICES,NM,-0.053515823681534666,0.7009224291436749,0.24825947744854915,1043.0
DICKINSON COUNTY MEMORIAL HOSPITAL,MI,-0.15851767398027974,0.07656246693746047,-0.06448561761318367,2761.0
DIMMIT REGIONAL HOSPITAL,TX,0.5689275771885032,0.20539864961493315,0.4235160061590752,367.0
DISTRICT ONE HOSPITAL,MN,-0.049542780697257725,-0.2488314816197467,-0.12925826106625332,3183.0
DIVINE SAVIOR HEALTHCARE,WI,-0.050204954527970753,0.5770414842614894,0.2006936209878133,1224.0
DIXIE REGIONAL MEDICAL CENTER,UT,-0.4160559959967961,0.11868198819740343,-0.2021608023191163,3593.0
DOCTOR'S MEMORIAL HOSPITAL INC,FL,0.05375633689393992,-0.009328321514188257,0.028522473530688642,2144.0
DOCTORS HOSPITAL,FL,-0.02797483306832647,-0.22570703857507196,-0.10706771527102468,3047.0
DOCTORS HOSPITAL,GA,0.014593484620353842,0.4779367283557409,0.19993078211450868,1230.0
DOCTORS HOSPITAL,OH,-0.11559462031086033,-0.4883346417253051,-0.26469062887663825,3831.0
DOCTORS HOSPITAL,TX,-0.1244630198293353,0.061696753551598024,-0.04999911047696197,2664.0
DOCTORS HOSPITAL AT DEER CREEK LLC,LA,-0.31176361765952915,-0.215796562984497,-0.2733767957895163,3862.0
DOCTORS HOSPITAL AT RENAISSANCE,TX,-0.32169622512022117,-0.5254989251899606,-0.40321730514811693,4065.0
DOCTORS HOSPITAL OF LAREDO,TX,-0.12730090767524743,-0.002721337787138245,-0.07746907972000375,2853.0
DOCTORS HOSPITAL OF MANTECA,CA,0.003241933236705824,0.20044341181964578,0.0821225246698818,1806.0
DOCTORS HOSPITAL OF SARASOTA,FL,-0.09608414137021504,0.4333395881981543,0.11568535045713273,1625.0
DOCTORS HOSPITAL TIDWELL,TX,0.41828303070133993,-0.25709021127855886,0.1481337339093804,1470.0
DOCTORS MEDICAL CENTER,CA,-0.12056092404120623,0.031965326779873605,-0.059550423712774296,2730.0
DOCTORS MEMORIAL HOSPITAL,FL,0.41331672697099353,-0.0010695918553756585,0.24756219944044583,1046.0
DOCTORS' CENTER HOSPITAL SAN JUAN,PR,-0.08000277691004687,1.184058114184198,0.42562157952765106,362.0
"DOCTORS' CENTER HOSPITAL, INC",PR,0.11864937230379492,0.20539864961493312,0.1533490832282502,1451.0
DOCTORS' HOSPITAL OF MICHIGAN,MI,0.3437884747461489,-0.07952752361409338,0.17446207540205197,1339.0
DODGE COUNTY HOSPITAL,GA,0.6864634321400263,-0.10017434776112417,0.37180832017956605,520.0
DOMINICAN HOSPITAL,CA,-0.3490108956371244,-0.24470211679034048,-0.30728738409841083,3946.0
DONALSONVILLE HOSPITAL INC,GA,0.46794606800480026,-0.0919156181023119,0.24400139356195538,1060.0
DORMINY MEDICAL CENTER,GA,0.33981543176187223,0.09390579922096624,0.24145157874550982,1069.0
DOUGLAS COUNTY HOSPITAL,MN,0.037864164956832536,-0.1084330774199365,-0.020654731993875082,2467.0
DOUGLAS GARDENS HOSPITAL,FL,0.2908145682891245,0.6761462401672375,0.44494723704036965,310.0
DOWN EAST COMMUNITY HOSPITAL,ME,0.5344945379914373,0.3168915000089,0.4474533227984224,301.0
DOYLESTOWN HOSPITAL,PA,-0.11559462031086028,-0.39748861547836906,-0.2283522183778638,3703.0
DR DAN C TRIGG MEMORIAL HOSPITAL,NM,0.10540589568953879,0.9239081299316082,0.4328067893863665,334.0
DR JOHN WARNER HOSPITAL,IL,0.5275417127689526,-0.16624418503162297,0.2500273536487223,1028.0
DREW MEMORIAL HOSPITAL,AR,0.395438033541748,0.13726412992973108,0.29216847209694125,829.0
DRUMRIGHT REGIONAL HOSPITAL,OK,0.5424406239599907,-0.09191561810231186,0.28869812713506965,845.0
DUBLIN METHODIST HOSPITAL,OH,0.21665109924929027,-0.11049775983463966,0.08579155561571827,1784.0
DUKE HEALTH RALEIGH HOSPITAL,NC,-0.07054315075700704,0.1657567472526338,0.02397680844684931,2179.0
DUKE REGIONAL HOSPITAL,NC,-0.083313646063611,-0.40574734513718136,-0.21228712569303915,3639.0
DUKE UNIVERSITY HOSPITAL,NC,-0.20498808745708916,-0.352065602354901,-0.2638190934162139,3829.0
DUKES MEMORIAL HOSPITAL,IN,0.18486675537507544,0.2846824543395319,0.224793034960858,1134.0
"DUNCAN REGIONAL HOSPITAL, INC",OK,-0.17932885151696784,0.7901167094588482,0.20844937287335857,1186.0
DUNDY COUNTY HOSPITAL,NE,0.01601242854330992,0.7752509960729859,0.3197078555551803,723.0
DUNES SURGICAL HOSPITAL,SD,-1.255361326425278,0.0,-0.7532167958551669,4153.0
DUPONT HOSPITAL LLC,IN,-0.07735408158719567,-0.0506219698082499,-0.06666123687561737,2780.0
EAGLEVILLE HOSPITAL,PA,0.04581025092538609,0.0,0.027486150555231653,2152.0
EAST ALABAMA MEDICAL CENTER,AL,-0.1727071132098399,-0.06713942912587462,-0.1304800395762538,3191.0
EAST CARROLL PARISH HOSPITAL,LA,0.5325080164992988,-0.42226480445480613,0.1505988881176568,1460.0
EAST COOPER MEDICAL CENTER,SC,-0.2488571037418126,0.1620403189061683,-0.08449813468262024,2903.0
EAST GEORGIA REGIONAL MEDICAL CENTER,GA,0.0032419332367057724,0.29954816772539405,0.12176442703218109,1601.0
EAST JEFFERSON GENERAL HOSPITAL,LA,-0.3440445919067785,-0.46355845274886803,-0.3918501362436143,4059.0
EAST LIVERPOOL CITY HOSPITAL,OH,0.45106063532162377,0.05178627796102329,0.29135089237738354,832.0
EAST LOS ANGELES DOCTORS HOSPITAL,CA,0.6715645209489881,-0.20960251574038782,0.3190977062732377,727.0
EAST MORGAN COUNTY HOSPITAL,CO,0.547406927690337,0.271468486885432,0.437031551368375,324.0
EAST OHIO REGIONAL HOSPITAL,OH,-0.07621892644883095,0.10133865591389746,-0.005195893503739585,2360.0
EAST ORANGE GENERAL HOSPITAL,NJ,0.635144960259784,-0.3743641724336944,0.23134130718239257,1108.0
EAST TEXAS MEDICAL CENTER,TX,-0.060965279277053884,-0.2942544947432147,-0.15428096546351822,3334.0
EAST TEXAS MEDICAL CENTER - FAIRFIELD,TX,0.5623058388813751,-0.25709021127855897,0.23454741881740146,1105.0
EAST TEXAS MEDICAL CENTER ATHENS,TX,0.008917708928529864,0.1855776984337835,0.07958170473063132,1822.0
EAST TEXAS MEDICAL CENTER JACKSONVILLE,TX,-0.07735408158719574,0.14758754200324672,0.012622567848981248,2250.0
EAST TEXAS MEDICAL CENTER PITTSBURG,TX,0.4828449791958385,-0.38097115616074423,0.1373185250532054,1522.0
EAST TEXAS MEDICAL CENTER QUITMAN,TX,0.40338411951030156,0.19713991995612087,0.3208864396886293,715.0
EAST TEXAS MEDICAL CENTER TRINITY,TX,0.6368003948365657,-0.22405529264330956,0.2924581198446156,827.0
EASTAR HEALTH SYSTEM,OK,-0.13297668336707152,0.22521960079608264,0.010301830298190151,2266.0
EASTERN IDAHO REGIONAL MEDICAL CENTER,ID,-0.502966311277852,0.13932881234443437,-0.24604826182893744,3784.0
EASTERN LONG ISLAND HOSPITAL,NY,0.48781128292618436,-0.20340846849627864,0.21132338235719916,1174.0
EASTERN MAINE MEDICAL CENTER,ME,-0.12304407590637927,0.11042325853859118,-0.02965714212839108,2525.0
EASTERN NEW MEXICO MEDICAL CENTER,NM,-0.042164272297886676,0.28468245433953177,0.08857441835708071,1761.0
EASTERN NIAGARA HOSPITAL,NY,0.4729123717351462,0.18557769843378344,0.3579785024146011,560.0
EASTERN OKLAHOMA MEDICAL CENTER,OK,0.7758568992862552,0.03196532677987357,0.4783002702837026,248.0
EASTERN PLUMAS HOSPITAL - PORTOLA CAMPUS,CA,-0.12304407590637925,0.8991319409551717,0.28582633083824116,865.0
EASTLAND MEMORIAL HOSPITAL,TX,0.3636536896675333,-0.1332092663963734,0.16490850724197062,1396.0
EASTON HOSPITAL,PA,-0.048549519951188586,-0.45529972309005556,-0.2112496012067354,3633.0
EASTSIDE MEDICAL CENTER,GA,0.05716180230903437,0.19053293622907086,0.11051025587704896,1648.0
EATON RAPIDS MEDICAL CENTER,MI,0.5374743202296448,-0.0836568884434994,0.28902183676038706,842.0
EDEN MEDICAL CENTER,CA,-0.04500216014379856,0.28468245433953177,0.08687168564953357,1774.0
EDGEFIELD COUNTY HOSPITAL,SC,0.2908145682891245,1.0973414527666676,0.6134253220801418,84.0
EDGERTON HOSPITAL AND HEALTH SERVICES,WI,-0.06344843114222673,0.7256986181201118,0.25221038856270867,1020.0
EDGEWOOD SURGICAL HOSPITAL,PA,-1.1163048219755887,0.0,-0.6697828931853532,4130.0
EDWARD HOSPITAL,IL,-0.001369634512901119,-0.6493798700721459,-0.26057372873659906,3820.0
EDWARD W SPARROW HOSPITAL,MI,-0.026201153164631417,0.2219161089325579,0.0730457516742443,1860.0
EDWARDS COUNTY HOSPITAL,KS,-0.03365060876015038,0.0,-0.020190365256090227,2460.0
EFFINGHAM HOSPITAL,GA,0.3040580449033807,-0.30251322440202694,0.06142953718121762,1928.0
EINSTEIN MEDICAL CENTER MONTGOMERY,PA,-0.11559462031086032,-0.12082117190815496,-0.11768524094977817,3112.0
EISENHOWER MEDICAL CENTER,CA,-0.4657190333002566,-0.4635584527488679,-0.4648548010797011,4102.0
EL CAMINO HOSPITAL,CA,-0.33659513631125937,-0.33967750786668266,-0.3378280849334287,3995.0
EL CAMPO MEMORIAL HOSPITAL,TX,0.4778786754654923,0.2632097572266195,0.39201110816994317,465.0
EL CENTRO REGIONAL MEDICAL CENTER,CA,-0.08189470214065483,0.07160722914217295,-0.02049392962752372,2465.0
EL PASO SPECIALTY HOSPITAL,TX,-1.2851591488073544,0.0,-0.7710954892844126,4158.0
ELBERT MEMORIAL HOSPITAL,GA,0.27624674401344285,0.07532365748863856,0.19587750940352114,1246.0
ELECTRA MEMORIAL HOSPITAL,TX,0.27094935336774034,-0.33967750786668255,0.026698608873971186,2157.0
ELIZA COFFEE MEMORIAL HOSPITAL,AL,-0.14290929082776352,0.19713991995612068,-0.006889606514209834,2372.0
ELIZABETHTOWN COMMUNITY HOSPITAL,NY,0.5027101941172225,0.21365737927374528,0.38708906817983163,478.0
ELKHART GENERAL HOSPITAL,IN,-0.08331364606361093,-0.1992791036668723,-0.12969982910491548,3188.0
ELKVIEW GENERAL HOSPITAL,OK,0.16500154045369136,0.3045034055206813,0.22080228648048733,1149.0
ELLENVILLE REGIONAL HOSPITAL,NY,0.5523732314206831,-0.0010695918553755845,0.3309961021102596,665.0
ELLINWOOD DISTRICT HOSPITAL,KS,0.436492811045942,1.221222397648853,0.7503846456871064,26.0
ELLIOT HOSPITAL,NH,-0.06486737506518282,-0.08696038030702442,-0.07370457716191946,2832.0
ELLIS HOSPITAL,NY,-0.28941525087297193,-0.05888069946706228,-0.19720143031060808,3561.0
ELLSWORTH COUNTY MEDICAL CENTER,KS,0.3636536896675333,0.199204602370824,0.2978740547488496,801.0
ELLWOOD CITY HOSPITAL,PA,-0.1362875525206354,-0.3892298858195566,-0.2374644858402039,3752.0
ELMHURST HOSPITAL CENTER,NY,0.5060210632707866,0.2846824543395318,0.4174856196982846,382.0
ELMHURST MEMORIAL HOSPITAL,IL,-0.11807777217603337,-0.49659337138411735,-0.26948401185926696,3847.0
ELMORE COMMUNITY HOSPITAL,AL,0.5027101941172227,-0.20753783332568476,0.2186109831400597,1159.0
ELY BLOOMENSON COMMUNITY HOSPITAL,MN,-0.1329766833670713,0.0,-0.07978601002024278,2872.0
EMANUEL MEDICAL CENTER,CA,0.018495580408482936,-0.22405529264330948,-0.07852476881223404,2861.0
EMANUEL MEDICAL CENTER,GA,0.6020362687241434,0.04022405643868603,0.37731138380996043,508.0
EMERSON HOSPITAL,MA,-0.2720331878167608,-0.141467996055186,-0.21980711111213086,3668.0
EMORY JOHNS CREEK HOSPITAL,GA,-0.03081272091423855,-0.42887178818185606,-0.19003634782128556,3527.0
EMORY UNIVERSITY HOSPITAL,GA,-0.20747123932226225,-0.3892298858195567,-0.28017469792118,3883.0
EMORY UNIVERSITY HOSPITAL MIDTOWN,GA,-0.2447185172998575,-0.7732608149543313,-0.456135436361647,4101.0
ENCINO HOSPITAL MEDICAL CENTER,CA,0.3901406428960456,-0.47842416613473004,0.042714719283735325,2057.0
ENDLESS MOUNTAINS HEALTH SYSTEMS,PA,0.08156763778387777,-0.0836568884434995,0.015477827292926856,2233.0
ENGLEWOOD COMMUNITY HOSPITAL,FL,-0.1954102159771361,-0.1365127582598985,-0.17185123289024107,3432.0
ENGLEWOOD HOSPITAL AND MEDICAL CENTER,NJ,0.011046124812963902,-0.4842052768958987,-0.18705443587058115,3511.0
ENLOE MEDICAL CENTER,CA,0.10292274382436586,-0.12082117190815507,0.01342517753135749,2247.0
ENNIS REGIONAL MEDICAL CENTER,TX,0.3636536896675332,-0.29838385957262076,0.09883866997147162,1709.0
EPHRAIM MCDOWELL FORT LOGAN HOSPITAL,KY,0.449736287660198,-0.22818465747271577,0.1785679096070325,1316.0
EPHRAIM MCDOWELL REGIONAL MEDICAL CENTER,KY,0.09689223215180272,0.16575674725263387,0.12443803819213517,1583.0
EPHRATA COMMUNITY HOSPITAL,PA,-0.38554870165324184,0.09638341811860984,-0.19277585374450115,3544.0
EPIC MEDICAL CENTER,OK,0.15506893299299926,1.1964462086724164,0.5716198432647661,115.0
ERIE COUNTY MEDICAL CENTER,NY,-0.025136945222414386,0.1409805582761968,0.04131005617703008,2067.0
ERLANGER MEDICAL CENTER,TN,-0.18015656880535885,0.40773752625583587,0.05500106921911904,1973.0
ESKENAZI HEALTH,IN,0.01175559677444195,-0.13155752046461117,-0.0455696501211793,2634.0
ESSENTIA HEALTH DULUTH,MN,0.08554068076815467,0.9239081299316082,0.4208876604335361,375.0
ESSENTIA HEALTH FOSSTON,MN,0.5159536707314786,0.3664438779617742,0.4561497536235968,289.0
ESSENTIA HEALTH NORTHERN PINES MEDICAL CENTER,MN,-0.1329766833670713,0.8495795630022972,0.26004581518067615,977.0
ESSENTIA HEALTH SANDSTONE,MN,-0.1329766833670713,0.0,-0.07978601002024278,2872.0
ESSENTIA HEALTH ST JOSEPH'S MEDICAL CENTER,MN,0.006079821082617985,0.031965326779873425,0.01643402336152016,2224.0
ESSENTIA HEALTH ST MARY'S MEDICAL CENTER,MN,-0.1776734169401859,-0.15798545537281064,-0.1697982323132358,3416.0
ESSENTIA HEALTH ST MARYS - DETROIT LAKES,MN,-0.10119233949285684,-0.22405529264330956,-0.15033752075303794,3313.0
ESSENTIA HEALTH VIRGINIA,MN,-0.20581580474548022,0.000995090559327283,-0.12309144662355721,3146.0
ESSENTIA HEALTH-FARGO,ND,-0.187606024400878,-0.26121957610796503,-0.21705144508371282,3656.0
ESTES PARK MEDICAL CENTER,CO,0.10540589568953879,0.8248033740258602,0.3931648870240674,460.0
ETMC CARTHAGE,TX,0.6665982172186421,-0.06713942912587445,0.37310315868083543,517.0
ETMC HENDERSON,TX,0.06170242286249368,-0.4552997230900555,-0.145098435518526,3285.0
EUCLID HOSPITAL,OH,-0.25216797289537657,-0.0076765755824257376,-0.15437141397019624,3335.0
EUREKA COMMUNITY HEALTH SERVICES - CAH,SD,-0.09324625352430307,0.0,-0.05594775211458184,2706.0
"EUREKA SPRINGS HOSPITAL, LLC",AR,-0.023718001299458495,0.9982366968609196,0.38506387796469277,481.0
EVANGELICAL COMMUNITY HOSPITAL,PA,-0.26919529997084873,0.41847387481229215,0.00587236994240764,2295.0
EVANS MEMORIAL HOSPITAL,GA,0.45801346054410813,-0.43878226377243085,0.0992951708174925,1706.0
EVANSTON HOSPITAL,IL,-0.16029135388397472,-0.8558481115424549,-0.4385140569473668,4091.0
EVANSTON REGIONAL HOSPITAL,WY,-0.31672992138987516,0.22191610893255778,-0.10127150926090196,3001.0
EVERGREEN HEALTH MONROE,WA,-0.0058393078702126955,-0.1992791036668724,-0.08321522618887658,2893.0
EVERGREEN MEDICAL CENTER,AL,0.35968064668325656,0.025771279535764302,0.22611689982425964,1129.0
EVERGREENHEALTH MEDICAL CENTER,WA,-0.3827108138073298,-0.12660228266932352,-0.28026740135212724,3884.0
EXCELA HEALTH FRICK HOSPITAL,PA,0.5871373575331054,-0.054751334637656135,0.33038188066480073,667.0
EXCELA HEALTH LATROBE HOSPITAL,PA,0.14513632553230701,-0.11173656928346147,0.042387167605999615,2060.0
EXCELA HEALTH WESTMORELAND HOSPITAL,PA,-0.08473258998656687,-0.17037354986102912,-0.11898897393635177,3118.0
EXETER HOSPITAL INC,NH,-0.20959965520669604,-0.09191561810231183,-0.16252604036494234,3374.0
F F THOMPSON HOSPITAL,NY,0.09689223215180277,0.5076681551274655,0.2612026013420679,971.0
FAIRBANKS,IN,-0.23230275797399225,0.0,-0.13938165478439535,3247.0
FAIRBANKS MEMORIAL HOSPITAL,AK,-0.2039238795148722,0.6166833866237885,0.1243190269405921,1584.0
FAIRCHILD MEDICAL CENTER,CA,-0.28858753358458106,0.29830935827657223,-0.053828776840119746,2690.0
FAIRFAX COMMUNITY HOSPITAL,OK,0.20473197029645973,-0.1786322795198415,0.05138627036993923,1997.0
FAIRFIELD MEDICAL CENTER,OH,-0.11062831658051435,-0.2157965629844971,-0.15269561514210744,3327.0
FAIRFIELD MEMORIAL HOSPITAL,SC,0.08554068076815469,1.2459985866252903,0.549723843111009,130.0
FAIRFIELD MEMORIAL HOSPITAL 1,IL,0.21466457775715195,0.29954816772539405,0.2486180137444488,1039.0
FAIRMONT REGIONAL MEDICAL CENTER,WV,0.6735510424411264,0.08151770473274783,0.43673770735777495,326.0
FAIRVIEW HOSPITAL,MA,-0.1528418982884555,-0.05888069946706239,-0.11525741875989827,3095.0
FAIRVIEW HOSPITAL,OH,-0.085796797928784,-0.9177885839835479,-0.4185935123506896,4075.0
FAIRVIEW LAKES MEDICAL CENTER,MN,-0.295209271891709,-0.13527394881107668,-0.23123514265945608,3714.0
FAIRVIEW NORTHLAND REGIONAL HOSPITAL,MN,0.4232493344316857,-0.1745029146904354,0.1841484347828372,1291.0
FAIRVIEW PARK HOSPITAL,GA,-0.2039238795148721,0.007189137803436552,-0.11947867258754863,3123.0
FAIRVIEW REGIONAL MEDICAL CENTER AUTHORITY,OK,-0.0634484311422269,1.6919699882011578,0.638718936595127,64.0
FAIRVIEW RIDGES HOSPITAL,MN,-0.07905681429474291,0.2549510275678073,0.05454632245027718,1977.0
FAIRVIEW SOUTHDALE HOSPITAL,MN,-0.15035874642328267,-0.28599576508440216,-0.20461355388773048,3604.0
FAIRWAY MEDICAL CENTER,LA,-1.2056982891218175,0.0,-0.7234189734730905,4142.0
FAITH COMMUNITY HOSPITAL,TX,0.1550689329929991,0.5770414842614895,0.32385795350039526,698.0
FAITH REGIONAL HEALTH SERVICES,NE,-0.29438155460331794,0.07325897507393554,-0.14732534273241654,3296.0
FALL RIVER HOSPITAL - CAH,SD,0.35703195136040516,-0.3272894133784639,0.08330340546485751,1801.0
FALLS COMMUNITY HOSPITAL AND CLINIC,TX,0.36365368966753325,0.09390579922096645,0.25575453348890653,1006.0
FALMOUTH HOSPITAL,MA,-0.010947505992854342,-0.6023051110169155,-0.24749054800247883,3793.0
FANNIN REGIONAL HOSPITAL,GA,-0.14886885530417882,0.890873211296359,0.26702797133603634,947.0
FAUQUIER HOSPITAL,VA,0.10256800784362682,0.3193691189065436,0.18928845226879354,1271.0
FAWCETT MEMORIAL HOSPITAL,FL,-0.02868430502980447,-0.3231600485490579,-0.14647460243750582,3291.0
FAXTON-ST LUKE'S HEALTHCARE,NY,0.12527111061092308,0.7950719472541357,0.3931914452682081,459.0
FAYETTE COUNTY HOSPITAL,IL,0.5225754090386067,-0.04236324014943756,0.29659994936338896,806.0
FAYETTE COUNTY MEMORIAL HOSPITAL,OH,0.6169351799151817,0.37883197244999284,0.5216938969291062,169.0
FAYETTE MEDICAL CENTER,AL,0.4311954204002394,-0.01758705117300069,0.25168243177094335,1023.0
FAYETTE REGIONAL HEALTH SYSTEM,IN,0.06567546584677028,0.40856339922171714,0.20283063919674904,1210.0
FEATHER RIVER HOSPITAL,CA,-0.22946487012808037,-0.017587051173000634,-0.14471374254604846,3283.0
FERRELL HOSPITAL COMMUNITY FOUNDATIONS,IL,0.6020362687241436,0.4201256207440544,0.529272009532108,155.0
FERRY COUNTY MEMORIAL HOSPITAL,WA,0.07560807330746261,2.261822334659211,0.9500937778481621,3.0
FHN MEMORIAL HOSPITAL,IL,-0.022299057376502444,0.21530912520550802,0.07274421565630175,1864.0
FIELD HEALTH SYSTEM,MS,0.3795458616046405,0.27972721654424426,0.339618403580482,630.0
FILLMORE COMMUNITY MEDICAL CENTER,UT,-0.1329766833670713,0.0,-0.07978601002024278,2872.0
FILLMORE COUNTY HOSPITAL,NE,-0.801772252387006,1.2459985866252903,0.01733608321791258,2218.0
FINLEY HOSPITAL,IA,-0.04216427229788655,0.309458643315969,0.09848489394765568,1716.0
FIRELANDS REGIONAL MEDICAL CENTER,OH,-0.20108599166896016,0.11124913150447222,-0.0761519423995872,2848.0
FIRST CARE HEALTH CENTER,ND,0.3835189045889176,1.1468938307195424,0.6888688750411676,43.0
FIRSTHEALTH MONTGOMERY MEMORIAL HOSP,NC,0.2974363065962525,-0.19102037400806005,0.10205363435452745,1689.0
FIRSTHEALTH MOORE REGIONAL HOSPITAL,NC,-0.1404261389625906,-0.5213695603605543,-0.2928035075217761,3916.0
FIRSTLIGHT HEALTH SYSTEM,MN,-0.037623651744427236,-0.24883148161974647,-0.12210678369455494,3140.0
FISHER COUNTY HOSPITAL DISTRICT,TX,-0.09324625352430307,0.0,-0.05594775211458184,2706.0
FISHER-TITUS HOSPITAL,OH,-0.03365060876015034,0.12115960709504703,0.02827347758192861,2147.0
FISHERMEN'S HOSPITAL,FL,-0.03365060876015054,-0.2157965629844971,-0.10650899044988917,3043.0
FITZGIBBON HOSPITAL,MO,0.1292441535951998,0.06500024541512313,0.10354659032316914,1684.0
FIVE RIVERS MEDICAL CENTER,AR,0.5722384463420671,0.21778674410315169,0.43045776544650094,345.0
FLAGET MEMORIAL HOSPITAL,KY,-0.1826397206705319,0.0319653267798736,-0.0967977016903697,2976.0
FLAGLER HOSPITAL,FL,-0.1280103796367254,-0.7360965314896757,-0.3712448403779055,4045.0
FLAGSTAFF MEDICAL CENTER,AZ,-0.3862581736147198,-0.33554814303727626,-0.3659741613837424,4041.0
FLAMBEAU HOSPITAL,WI,0.6169351799151817,-0.10843307741993646,0.32678787698113443,689.0
FLEMING COUNTY HOSPITAL,KY,0.035877643464694194,0.14345817717384057,0.07890985694835276,1826.0
FLINT RIVER COMMUNITY HOSPITAL,GA,0.18486675537507527,1.4689842874132237,0.6985137681903347,40.0
"FLORENCE HOSPITAL AT ANTHEM, LLC",AZ,0.357031951360405,-0.05475133463765641,0.19231863696118043,1261.0
FLORIDA HOSPITAL,FL,0.35123793034166817,-0.4263941692842123,0.04018509049131597,2071.0
FLORIDA HOSPITAL CARROLLWOOD,FL,-0.010474524685202343,-0.09810966534642096,-0.04552858094968979,2633.0
FLORIDA HOSPITAL DELAND,FL,-0.01946116953059038,0.2698167409536697,0.09624999466311365,1725.0
FLORIDA HOSPITAL FISH MEMORIAL,FL,0.03729658738765007,-0.017587051173000516,0.015343131963389836,2234.0
FLORIDA HOSPITAL FLAGLER,FL,0.023107148158089952,0.4928024417416032,0.21098526559149527,1176.0
FLORIDA HOSPITAL HEARTLAND MEDICAL CENTER,FL,0.008917708928529833,-0.05722895353529989,-0.017540956057002056,2440.0
FLORIDA HOSPITAL MEMORIAL MEDICAL CENTER,FL,-0.187606024400878,-0.14559736088459208,-0.17080255899436364,3422.0
FLORIDA HOSPITAL NEW SMYRNA,FL,-0.15567978613436764,0.3441453078829808,0.044250251472571764,2046.0
FLORIDA HOSPITAL NORTH PINELLAS,FL,-0.07338103860291878,0.07656246693746041,-0.013403636386767101,2411.0
FLORIDA HOSPITAL TAMPA,FL,0.07312492144228942,-0.03823387532003145,0.028581402737361067,2143.0
FLORIDA HOSPITAL WATERMAN,FL,0.013529276678136914,-0.18276164434924755,-0.06498709173281687,2764.0
FLORIDA HOSPITAL WAUCHULA,FL,0.5821710538027594,-0.2240552926433094,0.25968051522433183,981.0
FLORIDA HOSPITAL WESLEY CHAPEL,FL,-0.10175991706203925,-0.20588608739392233,-0.1434103851947925,3275.0
FLORIDA HOSPITAL ZEPHYRHILLS,FL,-0.18512287253570509,-0.0464926049788438,-0.12967076551296056,3187.0
FLOWER HOSPITAL,OH,-0.24649219720355248,0.10629389370918485,-0.10537776083845754,3030.0
FLOWERS HOSPITAL,AL,-0.32666252885056724,0.06912961024452915,-0.1683456732125287,3411.0
FLOYD COUNTY MEDICAL CENTER,IA,0.10540589568953865,0.47793672835574097,0.2544182287560196,1011.0
FLOYD MEDICAL CENTER,GA,-0.11311146844568719,0.3144138811112565,0.05789867137709029,1949.0
FLOYD MEMORIAL HOSPITAL AND HEALTH SERVICES,IN,-0.033650608760150615,-0.30251322440202694,-0.14119565501690115,3258.0
FLOYD VALLEY HOSPITAL,IA,-0.17668015619411678,0.007189137803436552,-0.10313243859509544,3015.0
FLUSHING HOSPITAL MEDICAL CENTER,NY,0.1394605498404831,0.39865292363114246,0.24313749935674683,1062.0
FOOTHILL PRESBYTERIAN HOSPITAL,CA,-0.06202948721927082,-0.08696038030702437,-0.07200184445437224,2820.0
FOOTHILLS HOSPITAL,CO,-0.2869320990077989,-0.32316004854905783,-0.30142327882430253,3934.0
FORBES HOSPITAL,PA,-0.13297668336707144,-0.36858306167252586,-0.2272192346892532,3697.0
FOREST HEALTH MEDICAL CENTER,MI,-0.1131114684456872,0.0,-0.06786688106741232,2794.0
FOREST HILLS HOSPITAL,NY,0.40622200735621383,0.4382948259934417,0.419051134811105,380.0
FORKS COMMUNITY HOSPITAL,WA,-0.07338103860291896,0.7256986181201118,0.24625082408629334,1053.0
FORREST CITY MEDICAL CENTER,AR,0.466952807258731,0.595623625993817,0.5184211347527654,176.0
FORREST GENERAL HOSPITAL,MS,0.4033841195103017,-0.13320926639637343,0.1887467651476316,1273.0
FORT DEFIANCE INDIAN HOSPITAL,AZ,0.7013623433310645,0.11868198819740343,0.46829020127760007,262.0
FORT DUNCAN MEDICAL CENTER,TX,-0.1991940664383521,0.027010088984586254,-0.10871240426917676,3061.0
FORT HAMILTON HUGHES MEMORIAL HOSPITAL,OH,-0.039326384451974485,-0.022542288968287947,-0.03261274625849987,2545.0
FORT LOUDON MEDICAL CENTER,TN,0.1808937123907987,-0.13527394881107668,0.05442664791004855,1980.0
FORT MADISON COMMUNITY HOSPITAL,IA,-0.22946487012808045,0.39865292363114235,0.021782247375608688,2196.0
FORT MEMORIAL HOSPITAL,WI,-0.34487230919516954,0.31689150000890004,-0.0801667855135417,2876.0
FORT SANDERS REGIONAL MEDICAL CENTER,TN,-0.13794298709741754,-0.04236324014943763,-0.09971108831822557,2990.0
FORT WALTON BEACH MEDICAL CENTER,FL,-0.04854951995118853,0.056741515756310666,-0.0064331056681888495,2369.0
FOSTORIA COMMUNITY HOSPITAL,OH,-0.02173147980731993,-0.0010695918553756307,-0.01346672462654221,2413.0
FOUNDATION SURGICAL HOSPITAL OF EL PASO,TX,-1.255361326425278,0.0,-0.7532167958551669,4153.0
FOUNDATION SURGICAL HOSPITAL OF SAN ANTONIO,TX,-1.2255635040432016,0.0,-0.7353381024259209,4146.0
FOUNTAIN VALLEY REGIONAL HOSPITAL & MEDICAL CENTER,CA,-0.2496848210302035,-0.5089814658723358,-0.3534034789670565,4022.0
FRANCES MAHON DEACONESS HOSPITAL,MT,-0.18263972067053197,0.6761462401672376,0.16087466366457587,1412.0
FRANCISCAN HEALTHCARE - MUNSTER,IN,-0.009812350854489638,-0.15798545537281058,-0.06908159266181803,2803.0
FRANCISCAN HEALTHCARE RENSSELAER,IN,0.02925590515756617,0.37263792520588357,0.16660871317689313,1378.0
FRANCISCAN ST ANTHONY HEALTH - CROWN POINT,IN,-0.14042613896259049,-0.24883148161974653,-0.1837882760254529,3491.0
FRANCISCAN ST ANTHONY HEALTH - MICHIGAN CITY,IN,-0.1776734169401858,-0.06301006429646862,-0.1318080758826989,3201.0
FRANCISCAN ST ELIZABETH HEALTH - CRAWFORDSVILLE,IN,-0.10119233949285675,0.013383185047545876,-0.055362129676695696,2704.0
FRANCISCAN ST ELIZABETH HEALTH - LAFAYETTE EAST,IN,-0.31424676952470226,-0.17863227951984154,-0.26000097352275797,3819.0
FRANCISCAN ST FRANCIS HEALTH - CARMEL,IN,-1.2752265413466624,0.0,-0.7651359248079974,4157.0
FRANCISCAN ST FRANCIS HEALTH - INDIANAPOLIS,IN,-0.39619078107541195,-0.4676878175782742,-0.42478959567655683,4080.0
FRANCISCAN ST FRANCIS HEALTH - MOORESVILLE,IN,-0.26011405886393013,-0.09191561810231186,-0.19283468255928282,3545.0
FRANCISCAN ST JAMES HEALTH,IL,0.2916422855775156,-0.3396775078666825,0.03911436819983635,2077.0
FRANCISCAN ST MARGARET HEALTH - DYER,IN,0.04581025092538615,-0.013457686343594418,0.022103076017793925,2193.0
FRANCISCAN ST MARGARET HEALTH - HAMMOND,IN,0.426087222277598,-0.5461457493369913,0.03719403363176224,2092.0
FRANK R HOWARD MEMORIAL HOSPITAL,CA,-0.45876620807777213,0.659628780849613,-0.01140821250681806,2396.0
FRANKFORT REGIONAL MEDICAL CENTER,KY,-0.013785393838766249,0.5522652952850522,0.21263488181076115,1171.0
FRANKLIN COUNTY MEDICAL CENTER,ID,-0.07735408158719577,0.6018176732379265,0.19431462034285313,1249.0
FRANKLIN COUNTY MEMORIAL HOSPITAL,MS,0.21466457775715161,1.3946557204839132,0.6866610348478563,44.0
FRANKLIN COUNTY MEMORIAL HOSPITAL,NE,0.08554068076815467,0.8991319409551717,0.41097718484296153,407.0
FRANKLIN FOUNDATION HOSPITAL,LA,0.39345151204960954,0.08151770473274784,0.26867798912286484,939.0
FRANKLIN GENERAL HOSPITAL,IA,0.24446240013922824,0.936296224419827,0.5211959298514677,170.0
FRANKLIN HOSPITAL,IL,0.5027101941172226,-0.009328321514188121,0.2978947878646583,799.0
FRANKLIN HOSPITAL,NY,0.12810899845683496,0.30450340552068156,0.1986667612823736,1232.0
FRANKLIN MEDICAL CENTER,LA,0.9099471000055984,-0.02378109841710979,0.5364558206365152,145.0
FRANKLIN MEMORIAL HOSPITAL,ME,-0.10743569275386324,0.3491005456782683,0.07517880261898938,1848.0
FRANKLIN REGIONAL HOSPITAL,NH,0.1808937123907987,0.4779367283557409,0.2997109187767756,791.0
FRANKLIN WOODS COMMUNITY HOSPITAL,TN,0.31399065236407275,-0.4883346417253049,-0.0069394652716783245,2373.0
FREDONIA REGIONAL HOSPITAL,KS,0.4232493344316858,-0.2653489409373713,0.14781002428406292,1471.0
FREEMAN HEALTH SYSTEM - FREEMAN WEST,MO,-0.2794826434122798,-0.06301006429646848,-0.19289361176595526,3547.0
FREMONT HEALTH MEDICAL CENTER,NE,-0.30041206627588096,0.6414595756002257,0.07633659047456173,1841.0
FRENCH HOSPITAL MEDICAL CENTER,CA,-0.39867393294058495,-0.17037354986102918,-0.30735377970876265,3948.0
FRESNO HEART AND SURGICAL HOSPITAL,CA,0.2990917411730346,-1.3183369724359468,-0.347879744270558,4014.0
FRESNO SURGICAL HOSPITAL,CA,-1.5136091204032727,0.0,-0.9081654722419635,4180.0
FRIO REGIONAL HOSPITAL,TX,0.035877643464694214,1.5185366653660985,0.628941252225256,67.0
FRISBIE MEMORIAL HOSPITAL,NH,-0.21905928135973626,0.15584627166205903,-0.06909706015101814,2804.0
FROEDTERT MEMORIAL LUTHERAN HOSPITAL,WI,-0.02868430502980449,-0.25709021127855897,-0.12004666752930629,3128.0
FRYE REGIONAL MEDICAL CENTER,NC,-0.25465112476054963,0.14758754200324659,-0.09375565805503114,2962.0
FULTON COUNTY HEALTH CENTER,OH,-0.12105755441424089,0.362314513132368,0.07229127260440268,1870.0
FULTON COUNTY HOSPITAL,AR,0.514629323070053,0.7195045708760024,0.5965794221924328,94.0
FULTON COUNTY MEDICAL CENTER,PA,0.5474069276903369,-0.14972672571399812,0.26855346632860294,941.0
FULTON MEDICAL CENTER LLC,MO,0.4828449791958383,-0.1290799015669673,0.23807502689071602,1087.0
GADSDEN REGIONAL MEDICAL CENTER,AL,-0.006335938243247255,-0.0919156181023117,-0.04056781018687304,2600.0
GALESBURG COTTAGE HOSPITAL,IL,-0.03932638445197455,0.17566722284320863,0.04667105846609872,2031.0
GALION COMMUNITY HOSPITAL,OH,-0.037623651744427465,-0.02584578083181292,-0.03291250337938165,2546.0
GALLUP INDIAN MEDICAL CENTER,NM,0.6417666985669119,-0.3396775078666825,0.24918901599347415,1032.0
GARDEN CITY HOSPITAL,MI,0.1877046432209875,0.11620436929975964,0.15910453365249635,1423.0
GARDEN GROVE HOSPITAL & MEDICAL CENTER,CA,0.1782450170679475,-0.2752594165279461,-0.0031567563704099633,2346.0
GARDEN PARK MEDICAL CENTER,MS,-0.07669190775648292,0.06912961024452924,-0.01836330055607805,2446.0
GARDENS REGIONAL HOSPITAL AND MEDICAL CENTER,CA,-0.22832971498971558,-0.6493798700721459,-0.3967497770226877,4061.0
GARFIELD MEDICAL CENTER,CA,0.32108537197885284,-0.8228131929072057,-0.1364740539755706,3228.0
GARFIELD MEMORIAL HOSPITAL,UT,-0.09324625352430307,0.9734605078844821,0.333436451039211,655.0
GARRISON MEMORIAL HOSPITAL,ND,0.05574285838607851,0.9982366968609196,0.432740393776015,335.0
GATEWAY REGIONAL MEDICAL CENTER,IL,0.05716180230903437,0.3391900700876934,0.16997310942049798,1367.0
GEARY COMMUNITY HOSPITAL,KS,-0.09655712267786716,0.6885343346554562,0.2174794602554622,1162.0
GEISINGER - BLOOMSBURG HOSPITAL,PA,-0.13694972635134808,-0.35619496718430704,-0.22464782268453165,3685.0
GEISINGER - COMMUNITY MEDICAL CENTER,PA,-0.011302241973593167,-0.14972672571399823,-0.0666720354697552,2781.0
GEISINGER MEDICAL CENTER,PA,-0.04606636808601551,-0.01758705117300055,-0.034674641320809524,2559.0
GEISINGER WYOMING VALLEY MEDICAL CENTER,PA,-0.2273364542436464,-0.2529608464491528,-0.23758621112584893,3753.0
GEISINGER-LEWISTOWN HOSPITAL,PA,-0.047840047989710595,-0.18606513621277268,-0.10313008327893543,3014.0
GENESIS HEALTH SYSTEM,IL,-0.0705431507570068,0.2549510275678073,0.05965452057291884,1940.0
GENESIS HOSPITAL,OH,-0.09324625352430302,-0.39748861547836906,-0.21494319830592945,3644.0
"GENESIS MEDICAL CENTER, ALEDO",IL,0.5772047500724132,1.072565263790231,0.7753489555595403,22.0
GENESIS MEDICAL CENTER-DAVENPORT,IA,-0.1280103796367253,-0.40161798030777524,-0.2374534199051453,3751.0
GENESIS MEDICAL CENTER-DEWITT,IA,-0.043583216220842616,1.0973414527666676,0.4127866513741615,402.0
GENESYS REGIONAL MEDICAL CENTER - HEALTH PARK,MI,-0.04358321622084252,-0.43878226377243085,-0.20166283524147788,3589.0
GENEVA GENERAL HOSPITAL,NY,0.03587764346469421,0.3094586433159689,0.1453100434052041,1479.0
GENOA COMMUNITY HOSPITAL,NE,-0.03365060876015038,0.0,-0.020190365256090227,2460.0
GEORGE E WEEMS MEMORIAL HOSPITAL,FL,-0.07338103860291878,0.8248033740258602,0.28589272644859287,863.0
GEORGE L MEE MEMORIAL HOSPITAL,CA,0.4580134605441082,0.08151770473274757,0.30741515821956394,768.0
GEORGE REGIONAL HEALTH SYSTEM,MS,0.39941107652602476,0.08771175197685702,0.2747313467063577,901.0
GEORGE WASHINGTON UNIV HOSPITAL,DC,0.05574285838607819,-0.4346528989430247,-0.14041544454556298,3255.0
GEORGETOWN COMMUNITY HOSPITAL,KY,0.5225754090386068,0.17442841339438678,0.3833166107809187,485.0
GEORGETOWN MEMORIAL HOSPITAL,SC,0.08837856861406664,-0.16624418503162297,-0.013470532844209217,2414.0
GEORGIANA MEDICAL CENTER,AL,0.3967623812031737,-0.3892298858195567,0.08236547439408154,1805.0
GERALD CHAMPION REGIONAL MEDICAL CENTER,NM,-0.20581580474548009,0.9685052700891952,0.26391262518839004,959.0
GETTYSBURG HOSPITAL,PA,-0.1698692253639278,-0.00767657558242576,-0.10499216545132697,3028.0
GHS  LAURENS COUNTY MEMORIAL HOSPITAL,SC,-0.2753440569703249,0.12487603544151255,-0.11525602000558989,3094.0
GHS GREENVILLE MEMORIAL HOSPITAL,SC,-0.11878724413751138,-0.18276164434924771,-0.1443770042222059,3280.0
GHS GREER MEMORIAL HOSPITAL,SC,-0.17270711320983995,-0.28186640025499604,-0.2163708280279024,3651.0
GHS OCONEE MEMORIAL  HOSPITAL,SC,-0.19824810382304806,0.1608015094573465,-0.05462825851089022,2697.0
GHS PATEWOOD MEMORIAL HOSPITAL,SC,-1.4540134756391199,0.0,-0.8724080853834719,4174.0
GHS-HILLCREST MEMORIAL HOSPITAL,SC,-0.12105755441424079,-0.08365688844349932,-0.1060972880259442,3036.0
GIBSON COMMUNITY HOSPITAL,IL,-0.09721929650858001,-0.2570902112785591,-0.16116766241657163,3366.0
GIBSON GENERAL HOSPITAL,IN,-0.06146190965008835,0.0567415157563107,-0.014180539487528728,2421.0
GIFFORD MEDICAL CENTER,VT,-0.13959842167419942,0.002233900008149181,-0.08286549300125998,2891.0
GILA REGIONAL MEDICAL CENTER,NM,-0.301831010198837,0.12487603544151278,-0.13114819194269708,3195.0
GILBERT HOSPITAL,AZ,0.1749341479143834,0.6018176732379265,0.34568755804380064,604.0
GIRARD MEDICAL CENTER,KS,-0.013785393838766324,-0.05062196980824992,-0.028520024226559762,2516.0
GLACIAL RIDGE HOSPITAL,MN,0.3040580449033807,0.7876390905612044,0.4974904631665102,214.0
GLEN COVE HOSPITAL,NY,0.11391955922727495,0.08647294252803524,0.10294091254757906,1687.0
GLEN ROSE MEDICAL CENTER,TX,0.1729476264222452,-0.23437870471682487,0.010017093966617166,2270.0
GLENBEIGH HEALTH SOURCES,OH,-0.1131114684456872,0.0,-0.06786688106741232,2794.0
GLENCOE REGIONAL HEALTH SERVICES,MN,0.37027542797466134,0.5151010118203968,0.4282056615129555,352.0
GLENDALE ADVENTIST MEDICAL CENTER,CA,0.09050698449850064,-0.8517187467130487,-0.28638330798611916,3899.0
GLENDALE MEM HOSPITAL & HLTH CENTER,CA,0.053259706520905226,-0.5131108307017419,-0.17328850836815363,3444.0
GLENDIVE MEDICAL CENTER,MT,0.40338411951030145,0.21159269685904245,0.32666755044979784,691.0
GLENDORA COMMUNITY HOSPITAL,CA,0.234529792678536,-0.5709219383134286,-0.08765089971824988,2920.0
GLENN MEDICAL CENTER,CA,0.41662759612455774,0.1930105551267146,0.3271807797254205,687.0
GLENS FALLS HOSPITAL,NY,-0.25784374858720055,0.18557769843378344,-0.08047516977880693,2879.0
GLENWOOD REGIONAL MEDICAL CENTER,LA,0.18486675537507552,-0.5420163845075853,-0.10588650057798882,3035.0
GNADEN HUETTEN MEMORIAL HOSPITAL,PA,0.00040404539079377403,0.30945864331596884,0.1240258845608638,1586.0
GOLDEN PLAINS COMMUNITY HOSPITAL,TX,0.4629797642744542,-0.0010695918553759478,0.2773600218225222,890.0
GOLDEN VALLEY MEMORIAL HOSPITAL,MO,-0.3614266549629897,0.26981674095366964,-0.10892929659632596,3063.0
GOLETA VALLEY COTTAGE HOSPITAL,CA,-0.41108969226645,0.3168915000089,-0.11989721535630996,3125.0
GOOD SAMARITAN HEALTH CENTER,WI,0.5623058388813751,-0.02584578083181302,0.32704519099609985,688.0
GOOD SAMARITAN HOSPITAL,CA,0.08454742002208535,-0.313249572958483,-0.07457137717014198,2834.0
GOOD SAMARITAN HOSPITAL,IN,-0.07621892644883095,0.3491005456782682,0.09390886240200871,1737.0
GOOD SAMARITAN HOSPITAL,OH,-0.10690358878275465,-0.3789064737460411,-0.21570474276806922,3648.0
GOOD SAMARITAN HOSPITAL,PA,-0.3067973139291832,0.1021645288797786,-0.14321257680559848,3272.0
GOOD SAMARITAN HOSPITAL MEDICAL CENTER,NY,0.22459718521784394,-0.30251322440202694,0.013753021369895577,2245.0
GOOD SAMARITAN HOSPITAL OF SUFFERN,NY,0.07064176957711642,-0.4635584527488678,-0.1430383193532773,3271.0
GOOD SAMARITAN MEDICAL CENTER,CO,-0.3259530568890893,0.2995481677253941,-0.07575256704329593,2842.0
GOOD SAMARITAN MEDICAL CENTER,FL,0.0032419332367058995,0.02205485118929882,0.010767100417743068,2262.0
GOOD SAMARITAN MEDICAL CENTER,MA,0.01743137246626613,-0.21579656298449712,-0.07585980171403917,2846.0
GOOD SAMARITAN REGIONAL HLTH CENTER,IL,0.23452979267853596,-0.1538560905434044,0.0791754393897598,1825.0
GOOD SAMARITAN REGIONAL MEDICAL CENTER,OR,-0.37632556615402774,-0.14972672571399842,-0.285686029978016,3897.0
GOOD SHEPHERD MEDICAL CENTER,OR,-0.195883197284788,0.5336831535527243,0.09594334305021694,1728.0
GOOD SHEPHERD MEDICAL CENTER,TX,-0.028684305029804458,-0.025845780831812937,-0.02754889535060785,2505.0
GOOD SHEPHERD MEDICAL CENTER MARSHALL,TX,-0.09655712267786715,-0.2108413251892097,-0.14227080368240416,3263.0
GOODALL WITCHER HOSPITAL,TX,0.3636536896675332,-0.15798545537281053,0.1549980316513957,1443.0
GOODLAND REGIONAL MEDICAL CENTER,KS,0.5772047500724131,-0.2653489409373712,0.2401832736684994,1076.0
GORDON HOSPITAL,GA,-0.2748710756626728,-0.007676575582425599,-0.16799327563057392,3410.0
GORDON MEMORIAL HOSPITAL DISTRICT,NE,0.07560807330746244,0.7504748070965488,0.34555476682309705,607.0
GOTHENBURG MEMORIAL HOSPITAL,NE,-0.08331364606361102,0.9734605078844821,0.33939601551562626,632.0
GOUVERNEUR HOSPITAL,NY,0.5225754090386067,0.0484827860974982,0.33293835986216325,660.0
GOVE COUNTY MEDICAL CENTER,KS,0.4182830307013396,-0.29838385957262087,0.1316162745917554,1548.0
GRACE COTTAGE HOSPITAL,VT,0.025945036004002157,0.6018176732379265,0.2562940908975719,1000.0
GRACE MEDICAL CENTER,TX,-0.8348809439226462,0.8248033740258602,-0.1710072167432436,3423.0
GRADY GENERAL HOSPITAL,GA,0.3239232598247648,-0.017587051173000422,0.18731913542565867,1276.0
GRADY MEMORIAL HOSPITAL,GA,0.4894667175029664,0.4333395881981543,0.4670158657810416,265.0
GRADY MEMORIAL HOSPITAL,OH,-0.1131114684456872,-0.060945381881765376,-0.09224503382011846,2950.0
GRADY MEMORIAL HOSPITAL,OK,0.2047319702964597,0.14965222441794956,0.18270007194505564,1299.0
GRAFTON CITY HOSPITAL,WV,0.5027101941172227,0.04848278609749834,0.32101923090933293,714.0
GRAHAM COUNTY HOSPITAL,KS,0.5126428015779148,-0.10843307741993652,0.2642124499787742,957.0
GRAHAM HOSPITAL ASSOCIATION,IL,-0.060137561988662845,0.23017483859137017,0.05598739824335036,1962.0
GRAHAM REGIONAL MEDICAL CENTER,TX,-0.15284189828845557,0.10629389370918495,-0.049187581489399355,2659.0
GRAND ITASCA CLINIC AND HOSPITAL,MN,-0.13628755252063546,0.3912200669382113,0.07471549526290326,1849.0
GRAND LAKE HEALTH SYSTEM,OH,-0.2720331878167607,0.13107008268562192,-0.11079187961580765,3073.0
GRAND RIVER MEDICAL CENTER,CO,0.3040580449033807,-0.33967750786668266,0.046563823795355314,2032.0
GRAND STRAND REGIONAL MEDICAL CENTER,SC,0.03339449159952103,-0.36858306167252586,-0.12739652970929774,3172.0
GRAND VIEW HOSPITAL,PA,-0.2862226270463209,-0.32976703227610765,-0.3036403891382356,3936.0
GRANDE RONDE HOSPITAL,OR,-0.2621005803560687,0.43457839764697603,0.016571010845149226,2223.0
GRANDVIEW HOSPITAL & MEDICAL CENTER,OH,-0.14539244269293664,-0.3727124265019319,-0.23632043621653476,3744.0
GRANDVIEW MEDICAL CENTER,AL,-0.10566201285016824,0.22604547376196416,0.02702098179468472,2155.0
GRANT MEDICAL CENTER,OH,-0.06096527927705373,-0.32316004854905783,-0.16584318698585537,3394.0
GRANT MEMORIAL HOSPITAL,WV,0.021971993019725244,-0.22405529264330956,-0.07643892124548868,2849.0
GRANT REGIONAL HEALTH CENTER,WI,0.4364928110459419,1.8654033110362171,1.0080570110420521,2.0
GRANVILLE HEALTH SYSTEMS,NC,-0.0904083656783912,0.35901102126884304,0.0893593891005025,1754.0
GRAYS HARBOR COMMUNITY HOSPITAL,WA,-0.06202948721927081,0.49775767953689065,0.16188537948319381,1405.0
GREAT BEND REGIONAL HOSPITAL,KS,-0.0773540815871959,0.6183351325555512,0.20092160406990295,1222.0
GREAT FALLS CLINIC HOSPITAL,MT,-0.7885287757727495,0.8495795630022972,-0.13328544026273076,3210.0
GREAT PLAINS HEALTH,NE,-0.1386524590588955,0.1608015094573465,-0.018870871652398688,2454.0
GREAT PLAINS REGIONAL MEDICAL CENTER,OK,-0.2786549261238888,-0.13527394881107657,-0.22130253519876392,3674.0
GREAT RIVER MEDICAL CENTER,AR,0.8453851515110999,0.056741515756310666,0.5299276972091842,153.0
GREAT RIVER MEDICAL CENTER,IA,-0.019461169530590374,0.1756672228432086,0.05859018741892923,1944.0
GREATER EL MONTE COMMUNITY HOSPITAL,CA,0.453047156813762,-0.4718171824076803,0.0831014211251851,1803.0
GREATER REGIONAL MEDICAL CENTER,IA,-0.057488866665811475,0.5770414842614895,0.19632327370510894,1244.0
GREELEY COUNTY HEALTH SERVICES,KS,0.547406927690337,-0.17450291469043547,0.25864299073802804,986.0
GREENBRIER VALLEY MEDICAL CENTER,WV,0.11108167138136289,0.13107008268562195,0.11907703590306652,1614.0
GREENE COUNTY GENERAL HOSPITAL,IN,0.6119688761848356,0.09803516405037234,0.40639539133105035,420.0
GREENE COUNTY HOSPITAL,AL,0.4629797642744542,-0.116691807078749,0.23111113573317293,1109.0
GREENE COUNTY HOSPITAL CAH,MS,-0.09324625352430307,0.0,-0.05594775211458184,2706.0
GREENE COUNTY MEDICAL CENTER,IA,-0.3266625288505673,1.5433128543425352,0.42132762442667376,372.0
GREENE MEMORIAL HOSPITAL,OH,-0.10980059929212317,0.04435342126809224,-0.048138991068037,2652.0
GREENVIEW REGIONAL HOSPITAL,KY,0.1451363255323072,0.09142818032332255,0.12365306744871335,1588.0
GREENVILLE REGIONAL HOSPITAL,IL,0.3338558672854569,-0.16624418503162297,0.13381584635862495,1539.0
GREENWICH HOSPITAL ASSOCIATION,CT,0.0458102509253862,-0.04731847794472492,0.00855875937734175,2278.0
GREENWOOD COUNTY HOSPITAL,KS,0.47291237173514633,-0.19102037400806002,0.2073392734378638,1191.0
GREENWOOD LEFLORE HOSPITAL,MS,-0.02797483306832648,0.34414530788298087,0.12087322331219645,1606.0
GRIFFIN HOSPITAL,CT,-0.027974833068326283,0.30945864331596895,0.10699855748539182,1669.0
GRIMES ST JOSEPH HEALTH CENTER,TX,0.5871373575331055,0.16823436615027743,0.41957616097997424,379.0
GRINNELL REGIONAL MEDICAL CENTER,IA,0.1848667553750754,0.48413077559985046,0.30457236346498545,773.0
GRITMAN MEDICAL CENTER,ID,-0.25216797289537657,0.23636888583547946,-0.05675322940303415,2712.0
GROSSMONT HOSPITAL,CA,-0.16277450574914776,-0.01758705117300056,-0.10469952391868886,3025.0
GROVE CITY MEDICAL CENTER,PA,-0.308452748505965,0.19301055512671472,-0.1078674270528931,3055.0
GROVE HILL MEMORIAL HOSPITAL,AL,0.3586873859371872,0.01544786746224891,0.2213915785472119,1145.0
GROVER C DILS MEDICAL CENTER,NV,0.5275417127689528,0.03196532677987374,0.32931115837332114,672.0
GRUNDY COUNTY MEMORIAL HOSPITAL,IA,-0.6958244394729567,1.9892842559184027,0.37821903868358714,505.0
GUADALUPE COUNTY HOSPITAL,NM,-0.013785393838766435,0.7256986181201118,0.28200821094478484,876.0
GUADALUPE REGIONAL MEDICAL CENTER,TX,-0.16419344967210373,0.5076681551274654,0.10455119224772395,1679.0
GULF BREEZE HOSPITAL,FL,-0.18595058982409587,-0.2603937031420839,-0.21572783515129107,3649.0
GULF COAST MEDICAL CENTER,TX,0.40338411951030173,-0.11669180707874886,0.1953537488746815,1247.0
GULF COAST MEDICAL CENTER LEE MEM HEALTH SYSTEM,FL,0.011046124812963937,-0.27773703542558975,-0.10446713928245754,3022.0
GULF COAST REGIONAL MEDICAL CENTER,FL,-0.027974833068326408,-0.03245276455886268,-0.029766005664540917,2526.0
GUNDERSEN BOSCOBEL AREA HOSPITAL AND CLINICS,WI,0.4629797642744542,0.4036081614264297,0.43923112313524443,320.0
GUNDERSEN LUTHERAN MEDICAL CENTER,WI,-0.3415614400416054,0.007189137803436552,-0.2020612089035886,3592.0
GUNDERSEN PALMER LUTHERAN HOSPITAL AND CLINICS,IA,0.3835189045889174,0.6885343346554562,0.5055250766155329,199.0
GUNNISON VALLEY HOSPITAL,CO,0.07560807330746264,0.9486843189080456,0.4248385715476959,364.0
GUNNISON VALLEY HOSPITAL,UT,0.3984178157799556,0.11868198819740343,0.28652348474693473,858.0
GUTTENBERG MUNICIPAL HOSPITAL,IA,0.07560807330746261,1.444208098436787,0.6230480833591925,73.0
GWINNETT MEDICAL CENTER,GA,-0.3266625288505673,-0.5461457493369913,-0.4144558170451369,4072.0
H B MAGRUDER MEMORIAL HOSPITAL,OH,-0.15284189828845557,-0.4552997230900555,-0.27382502820909554,3865.0
H C WATKINS MEMORIAL HOSPITAL INC,MS,0.3371667364390212,0.3788319724499927,0.3538328308434098,569.0
HABERSHAM COUNTY MEDICAL CTR,GA,0.029255905157566025,0.292115311032463,0.13439966750752483,1537.0
HACKENSACK UNIVERSITY MEDICAL CENTER,NJ,-0.0013696345129011259,-0.6658973293897706,-0.26718071246364894,3836.0
HACKENSACK-UMC AT PASCACK VALLEY,NJ,-0.20250493559191604,-0.1315575204646111,-0.17412596954099407,3448.0
HACKENSACK-UMC MOUNTAINSIDE,NJ,0.051486026617210356,-0.017587051173000644,0.023856795501125953,2181.0
HACKETTSTOWN REGIONAL MEDICAL CENTER,NJ,-0.07054315075700676,0.061696753551598225,-0.017647189033564763,2441.0
HAHNEMANN UNIVERSITY HOSPITAL,PA,0.11533850315023095,-0.2653489409373713,-0.03693647448480997,2569.0
HALE COUNTY HOSPITAL,AL,0.035877643464694214,0.5770414842614895,0.25234317978341236,1018.0
HALIFAX HEALTH MEDICAL CENTER,FL,-0.08331364606361089,0.21778674410315166,0.037126510003094144,2093.0
HALIFAX REGIONAL MEDICAL CENTER INC,NC,-0.07669190775648298,0.007189137803436529,-0.043139489532515174,2625.0
HALLMARK HEALTH SYSTEM,MA,-0.013785393838766332,-0.23561751416564683,-0.10251824196951853,3009.0
HAMILTON COUNTY HOSPITAL,KS,0.12527111061092291,0.8000271850494228,0.3951735403863229,449.0
HAMILTON GENERAL HOSPITAL,TX,0.755991684364871,-0.306642589231433,0.33093797492634935,666.0
HAMILTON HOSPITAL,TX,0.18486675537507566,-0.20340846849627853,0.029556665826533976,2136.0
HAMILTON MEDICAL CENTER,GA,-0.19824810382304817,0.17566722284320863,-0.04868197315654545,2654.0
HAMILTON MEMORIAL HOSPITAL DISTRICT,IL,0.542440623959991,0.1888811902973084,0.401016850494918,439.0
HAMLIN MEMORIAL HOSPITAL,TX,0.0458102509253861,0.8000271850494228,0.3474970245750008,595.0
HAMMOND HENRY HOSPITAL,IL,-0.02967756577587366,0.24669229790899502,0.08087037969807381,1814.0
HAMPSHIRE MEMORIAL HOSPITAL,WV,0.6119688761848358,0.15584627166205878,0.42951983437572494,349.0
HAMPTON REGIONAL MEDICAL CENTER,SC,0.5325080164992989,-0.07539815878468707,0.28934554638570453,840.0
HANCOCK COUNTY HEALTH SYSTEM,IA,0.42821563816203195,0.3292795944971188,0.38864122069606666,474.0
HANCOCK MEDICAL CENTER,MS,0.5921036612634515,-0.24676679920504346,0.2565554770760535,997.0
HANCOCK REGIONAL HOSPITAL,IN,-0.15000401044254372,0.5473100574897648,0.12892161673037972,1565.0
HANNIBAL REGIONAL HOSPITAL,MO,0.028782923849914117,0.0864729425280352,0.051858931321162545,1991.0
HANOVER HOSPITAL,KS,0.08554068076815433,0.0,0.0513244084608926,1998.0
HANOVER HOSPITAL,PA,-0.07338103860291888,0.031965326779873605,-0.03124249244980188,2533.0
HANSEN FAMILY HOSPITAL,IA,0.3239232598247648,-0.08365688844349937,0.1608912005174591,1411.0
HANSFORD COUNTY HOSPITAL,TX,0.035877643464694214,1.0973414527666676,0.4604631671854836,282.0
HARBOR BEACH COMMUNITY HOSPITAL,MI,-0.09324625352430307,0.0,-0.05594775211458184,2706.0
HARBORVIEW MEDICAL CENTER,WA,0.234529792678536,0.24504055197723246,0.23873409639801457,1083.0
HARDIN COUNTY GENERAL HOSPITAL,IL,0.7063286470614104,-0.1992791036668724,0.3440855467700973,618.0
HARDIN MEDICAL CENTER,TN,0.2285702282021207,0.4085633992217173,0.30056749660995935,784.0
HARDIN MEMORIAL HOSPITAL,KY,-0.13865245905889562,0.10133865591389737,-0.04265601306977841,2617.0
HARDIN MEMORIAL HOSPITAL,OH,0.5821710538027594,-0.19102037400806018,0.2728944826784315,909.0
HARDTNER MEDICAL CENTER,LA,0.6318340911062199,-0.5048521010429295,0.1771596142465601,1325.0
HARDY WILSON MEMORIAL HOSPITAL CAH,MS,0.4927775866565305,-0.1414679960551858,0.23907935357184396,1080.0
HARLAN ARH HOSPITAL,KY,1.2178579312870532,0.359011021268843,0.8743191672797691,8.0
HARLAN COUNTY HEALTH SYSTEM,NE,-0.07338103860291896,0.0,-0.04402862316175137,2628.0
HARLEM HOSPITAL CENTER,NY,0.6099823546926972,-0.06094538188176535,0.34161126006291215,626.0
HARLINGEN MEDICAL CENTER,TX,-0.2670668840864147,-0.6080862217780841,-0.40347461916308247,4066.0
HARMON MEMORIAL HOSPITAL,OK,0.7162612545221024,-0.05888069946706224,0.4062044729264366,423.0
HARNEY DISTRICT HOSPITAL,OR,-0.04358321622084261,1.023012885837357,0.3830552246024373,488.0
HARPER COUNTY COMMUNITY HOSPITAL,OK,-0.023718001299458315,0.9239081299316082,0.3553324511929683,566.0
HARPER HOSPITAL DISTRICT NO 5,KS,0.3785526008585714,0.11455262336799728,0.2729526098623417,908.0
HARPER UNIVERSITY HOSPITAL,MI,0.5788601846491953,-0.7732608149543313,0.038011784807784665,2086.0
HARRINGTON MEMORIAL HOSPITAL-1,MA,-0.016623281684678304,0.3540557834735557,0.1316483443786153,1547.0
HARRIS HEALTH SYSTEM,TX,0.25770587675348416,-0.022542288968287937,0.1456066104647753,1478.0
HARRIS REGIONAL HOSPITAL,NC,-0.1296658142135075,0.16080150945734642,-0.01347888474516594,2415.0
HARRISBURG MEDICAL CENTER,IL,0.7808232030166011,0.2983093582765723,0.5878176651205895,101.0
HARRISON COMMUNITY HOSPITAL,OH,0.2908145682891244,-0.16624418503162314,0.10799106696082537,1663.0
HARRISON COUNTY COMMUNITY HOSPITAL,MO,0.6070025724544894,-0.10843307741993642,0.32082831250471905,717.0
HARRISON COUNTY HOSPITAL,IN,0.20473197029645976,0.17071198504792115,0.1911239761970443,1265.0
HARRISON MEMORIAL HOSPITAL,KY,0.547406927690337,0.4407724448910854,0.5047531345706364,201.0
HARRISON MEMORIAL HOSPITAL,WA,-0.13545983523224445,0.24256293307958873,0.01574927209248883,2230.0
HARTFORD HOSPITAL,CT,-0.03365060876015052,-0.4263941692842123,-0.19074803296977524,3533.0
HARTON REGIONAL MEDICAL CENTER,TN,-0.0904083656783911,0.25990626536309486,0.04971748673820329,2009.0
HASKELL COUNTY COMMUNITY HOSPITAL,OK,0.46297976427445414,0.18888119029730868,0.35334033468359594,572.0
HASKELL MEMORIAL HOSPITAL,TX,-0.0038527863780741995,0.8495795630022972,0.3375201533740744,644.0
HAVASU REGIONAL MEDICAL CENTER,AZ,-0.09572940538947605,-0.12495053673756114,-0.10741785792871009,3050.0
HAWARDEN REGIONAL HEALTHCARE,IA,0.045810250925386264,0.7752509960729859,0.3375865489844261,642.0
HAXTUN HOSPITAL DISTRICT,CO,0.1054058956895388,1.2459985866252903,0.5616429720638394,123.0
HAYES GREEN BEACH MEMORIAL HOSPITAL,MI,0.4282156381620318,-0.25709021127855897,0.15409329838579547,1448.0
HAYS MEDICAL CENTER,KS,-0.2223701505133003,-0.20753783332568473,-0.21643722363825407,3653.0
HAYWARD AREA MEMORIAL HOSPITAL,WI,0.2484354431235049,0.2611450748119167,0.2535192957988696,1014.0
HAYWOOD REGIONAL MEDICAL CENTER,NC,-0.21527543089852022,-0.1464232338504734,-0.18773455207930148,3513.0
HAZARD ARH REGIONAL MEDICAL CENTER,KY,0.47433131565810244,0.16575674725263384,0.350901488295915,584.0
HAZEL HAWKINS MEMORIAL HOSPITAL,CA,-0.07338103860291871,0.22521960079608294,0.04605921715668196,2035.0
HEALDSBURG DISTRICT HOSPITAL,CA,-0.1660853749027116,0.1248760354415128,-0.04970081076502185,2662.0
HEALTH CENTRAL,FL,-0.10459780490795119,0.2797272165442443,0.04913220367292702,2014.0
HEALTHALLIANCE HOSPITAL BROADWAY CAMPUS,NY,0.6715645209489881,0.21035388741022065,0.4870802675334811,234.0
HEALTHALLIANCE HOSPITAL MARYS AVENUE CAMPUS,NY,-0.7024461777800849,1.444208098436787,0.15621553270666394,1437.0
"HEALTHALLIANCE HOSPITALS, INC",MA,-0.010947505992854354,-0.08696038030702438,-0.04135265571852237,2605.0
HEALTHEAST ST JOHN'S HOSPITAL,MN,-0.3183853559666572,-0.08696038030702427,-0.22581536570280403,3688.0
HEALTHEAST WOODWINDS HOSPITAL,MN,-0.19257232813122407,-0.0076765755824256595,-0.1186140271117047,3117.0
HEALTHMARK REGIONAL MEDICAL CENTER,FL,0.7013623433310644,-0.16624418503162305,0.35431973198598943,568.0
HEART HOSPITAL OF LAFAYETTE,LA,0.1173250246423692,0.013383185047545931,0.07574828880443989,1846.0
HEART OF AMERICA MEDICAL CENTER,ND,0.37027542797466145,0.7504748070965488,0.5223551796234165,165.0
HEART OF FLORIDA REGIONAL MEDICAL CENTER,FL,0.17067731614551546,-0.022542288968287937,0.0933894740999941,1741.0
HEART OF LANCASTER REGIONAL MEDICAL CENTER,PA,0.0895137237524315,-0.09191561810231183,0.016941987010534162,2220.0
HEART OF THE ROCKIES REGIONAL MEDICAL CENTER,CO,-0.23230275797399239,0.5646533897732708,0.0864797011249129,1777.0
HEARTLAND REGIONAL MEDICAL CENTER,IL,0.19621830675872362,0.19053293622907091,0.19394415854686253,1252.0
HEBER VALLEY MEDICAL CENTER,UT,0.1252711106109231,1.023012885837357,0.48436782070149675,238.0
HEBREW HOME AND HOSPITAL INC,CT,-0.03365060876015055,1.072565263790231,0.40883574026000213,412.0
HEDRICK MEDICAL CENTER,MO,0.4828449791958386,-0.33141877820787025,0.157139476234355,1436.0
HEGG MEMORIAL HEALTH CENTER,IA,0.006079821082617856,0.8991319409551717,0.36330066903163943,546.0
HELEN KELLER MEMORIAL HOSPITAL,AL,0.04581025092538624,0.4630710149698788,0.21271455654318328,1170.0
HELEN NEWBERRY JOY HOSPITAL,MI,0.527541712768953,0.20539864961493315,0.3986844875073451,444.0
HELENA REGIONAL MEDICAL CENTER,AR,0.6616319134882961,0.14593579607148416,0.45535346652157127,291.0
HEMET VALLEY MEDICAL CENTER,CA,0.07702701723041849,0.18557769843378355,0.12044728971176452,1607.0
HEMPHILL COUNTY HOSPITAL,TX,0.1550689329929993,0.7752509960729859,0.40314175822499393,430.0
HENDERSON COUNTY COMMUNITY HOSPITAL,TN,0.5623058388813751,0.007189137803436625,0.3402591584501997,628.0
HENDERSON HEALTH CARE SERVICES,NE,-0.09324625352430307,0.0,-0.05594775211458184,2706.0
HENDRICK MEDICAL CENTER,TX,-0.30928046579435603,-0.2199259278139033,-0.27353865060217497,3863.0
HENDRICKS COMMUNITY HOSPITAL,MN,-0.1528418982884558,0.0,-0.09170513897307347,2946.0
HENDRICKS REGIONAL HEALTH,IN,-0.16419344967210384,0.06665199134688549,-0.07185527326450811,2819.0
HENDRY REGIONAL MEDICAL CENTER,FL,0.6368003948365658,-0.09191561810231186,0.34531398966101473,610.0
HENNEPIN COUNTY MEDICAL CENTER 1,MN,0.04581025092538625,-0.08696038030702444,-0.007298001567578025,2376.0
HENRICO DOCTORS' HOSPITAL,VA,-0.200021783726743,-0.3933592506489629,-0.27735677049563096,3876.0
HENRY COUNTY HEALTH CENTER,IA,0.4729123717351465,0.22191610893255784,0.37251386661411107,518.0
"HENRY COUNTY HOSPITAL, INC",OH,0.5821710538027594,-0.06713942912587477,0.3224468606313057,705.0
HENRY COUNTY MEDICAL CENTER,TN,-0.010947505992854354,0.6612805267813753,0.2579437071168375,991.0
HENRY COUNTY MEMORIAL HOSPITAL,IN,-0.18462624216267046,-0.054751334637656024,-0.13267627915266467,3207.0
HENRY FORD ALLEGIANCE HEALTH,MI,-0.21492069491778132,-0.38097115616074434,-0.28134087941496655,3886.0
HENRY FORD HOSPITAL,MI,0.3065411967685536,-0.5667925734840225,-0.04279231133247682,2621.0
HENRY FORD MACOMB HOSPITAL,MI,-0.1354598352322445,-0.5667925734840225,-0.3079929305329557,3950.0
HENRY FORD WEST BLOOMFIELD HOSPITAL,MI,0.03729658738765025,-0.03245276455886272,0.009396846609045061,2274.0
HENRY FORD WYANDOTTE HOSPITAL,MI,0.03729658738765026,-0.2554384653467964,-0.0797974337061284,2873.0
HENRY MAYO NEWHALL  HOSPITAL,CA,0.14229843768639508,-0.49328987952059233,-0.1119368891963999,3080.0
HEREFORD REGIONAL MEDICAL CENTER,TX,0.3040580449033807,0.40360816142642963,0.3438780915126003,620.0
HERINGTON MUNICIPAL HOSPITAL,KS,0.7808232030166011,-0.09191561810231162,0.431727674569036,339.0
HERITAGE VALLEY BEAVER,PA,-0.08827994979395709,-0.4676878175782741,-0.2400430969076839,3764.0
HERITAGE VALLEY SEWICKLEY,PA,-0.10648973013855915,0.17566722284320868,0.006373051054147982,2292.0
HERMANN AREA DISTRICT HOSPITAL,MO,0.6467330022972578,-0.1332092663963735,0.3347560948198053,649.0
HERRIN HOSPITAL,IL,0.0798649050763306,0.13107008268562198,0.10034697612004714,1697.0
HEYWOOD HOSPITAL,MA,0.03729658738765013,0.12611484489033442,0.07282389038872385,1862.0
HI-DESERT MEDICAL CENTER,CA,-0.021731479807319865,0.4283843504028668,0.15831485227675482,1428.0
HIALEAH HOSPITAL,FL,0.5656167080349392,-0.09687085589759914,0.30062168246192383,783.0
HIAWATHA COMMUNITY HOSPITAL,KS,0.6814971284096801,0.35405578347355565,0.5505205904352304,129.0
HIGGINS GENERAL HOSPITAL,GA,0.3884852083192634,0.0567415157563107,0.25578773129408233,1005.0
HIGH POINT REGIONAL HOSPITAL,NC,-0.2397522135695114,-0.18689100917865387,-0.2186077318131684,3661.0
HIGHLAND COMMUNITY  HOSPITAL,MS,0.3874919475731942,0.40360816142642986,0.3939384331144885,453.0
HIGHLAND DISTRICT HOSPITAL,OH,-0.09986799183143115,0.29211531103246285,0.05692532931412646,1955.0
HIGHLAND HOSPITAL,CA,0.2742602225213044,0.3887424480405676,0.3200531127290097,720.0
HIGHLAND HOSPITAL,NY,-0.1585176739802797,0.5076681551274655,0.10795665766281844,1664.0
HIGHLANDS CASHIERS HOSPITAL INC,NC,0.41331672697099386,0.007189137803436514,0.2508656913039709,1024.0
HIGHLANDS HOSPITAL,PA,0.5325080164992988,0.023706597121061355,0.3289874487480038,676.0
HIGHLANDS MEDICAL CENTER,AL,-0.11642233759925125,0.11868198819740344,-0.022380607280589368,2475.0
HIGHLANDS REGIONAL MEDICAL CENTER,FL,-0.10175991706203925,0.2252196007960828,0.02903189008120958,2141.0
HIGHLANDS REGIONAL MEDICAL CENTER,KY,0.03445869954173809,-0.012631813377713097,0.015622494373957612,2231.0
HIGHLINE MEDICAL CENTER,WA,-0.14716612259663156,0.3788319724499927,0.06323311542201818,1921.0
HILL COUNTRY MEMORIAL HOSPITAL INC,TX,-0.46075272956991054,-0.1166918070787488,-0.32312836057344585,3974.0
HILL HOSPITAL OF SUMTER COUNTY,AL,-0.013785393838766258,0.0,-0.008271236303259754,2380.0
HILL REGIONAL HOSPITAL,TX,-0.1793288515169679,0.36024983071766514,0.036502621376885314,2097.0
HILLCREST BAPTIST MEDICAL CENTER,TX,-0.2025049355919161,-0.29425449474321447,-0.23920475925243545,3760.0
HILLCREST HOSPITAL,OH,-0.06593158300739982,-0.8806243005188922,-0.3918086700119968,4058.0
HILLCREST HOSPITAL CLAREMORE,OK,0.029918078988278873,0.3974141141823205,0.17691649306589552,1328.0
HILLCREST HOSPITAL CUSHING,OK,0.29213891595054997,-0.12907990156696733,0.12365138894354305,1589.0
HILLCREST HOSPITAL HENRYETTA,OK,0.5176091053082608,-0.20753783332568487,0.2275503298546825,1122.0
HILLCREST HOSPITAL SOUTH,OK,-0.17270711320983975,-0.513110830701742,-0.3088686002066007,3951.0
HILLCREST MEDICAL CENTER,OK,-0.083313646063611,-0.19927910366687232,-0.12969982910491554,3189.0
HILLS & DALES GENERAL HOSPITAL,MI,-0.013785393838766377,-0.05888069946706225,-0.03182351609008473,2539.0
HILLSBORO AREA HOSPITAL,IL,0.5722384463420673,0.31276213517949397,0.468447921877038,261.0
HILLSBORO COMMUNITY HOSPITAL,KS,0.035877643464694214,0.6265938622143634,0.2721641309645619,914.0
HILLSDALE HOSPITAL,MI,-0.2691952999708488,0.334234832292406,-0.02782324706554687,2508.0
HILO MEDICAL CENTER,HI,-0.2323027579739925,0.22026436300079544,-0.05127590958407731,2676.0
HILTON HEAD REGIONAL MEDICAL CENTER,SC,-0.04358321622084264,0.08564706956215397,0.008108898092356005,2283.0
HIMA SAN PABLO BAYAMON,PR,0.04332709906021315,-0.26534894093737144,-0.0801433169388207,2874.0
HIMA SAN PABLO HUMACAO,PR,-0.03365060876015038,0.0,-0.020190365256090227,2460.0
HIMA SAN PABLO-CAGUAS,PR,0.07702701723041863,0.29954816772539405,0.1660354774284088,1385.0
HIMA-SAN PABLO FAJARDO,PR,0.4497362876601982,0.9734605078844825,0.6592259757499119,58.0
HOAG MEMORIAL HOSPITAL PRESBYTERIAN,CA,0.07702701723041859,-0.4387822637724308,-0.12929669517072118,3184.0
HOAG ORTHOPEDIC INSTITUTE,CA,-1.8413851666061114,0.0,-1.1048310999636668,4188.0
HOCKING VALLEY COMMUNITY HOSPITAL,OH,0.6368003948365657,0.0980351640503726,0.4212943025220885,374.0
HODGEMAN COUNTY HEALTH CENTER,KS,0.1650015404536915,0.5770414842614895,0.3298175179768107,671.0
HOLDENVILLE GENERAL HOSPITAL,OK,0.3636536896675332,0.23017483859137008,0.31026214923706796,761.0
HOLLAND COMMUNITY HOSPITAL,MI,-0.3514940475022975,-0.13651275825989845,-0.26550153180533786,3832.0
HOLLYWOOD PRESBYTERIAN MEDICAL CENTER,CA,0.13378477414865905,-0.6039568569486778,-0.1613118782902757,3367.0
HOLMES COUNTY HOSPITAL AND CLINICS,MS,0.4894667175029663,0.502712917332178,0.49476519743465097,219.0
HOLMES REGIONAL MEDICAL CENTER,FL,0.1873499072402486,-0.3520656023549012,-0.028416296597811308,2515.0
HOLTON COMMUNITY HOSPITAL,KS,-0.0038527863780743743,1.1468938307195424,0.4564458604609724,288.0
HOLY CROSS HOSPITAL,FL,-0.2074712393222621,-0.22818465747271569,-0.21575660658244356,3650.0
HOLY CROSS HOSPITAL,IL,0.2898686056738206,-0.1513784716457608,0.11336977474598806,1636.0
HOLY CROSS HOSPITAL A DIV OF TAOS HEALTH SYSTEMS,NM,-0.25878971120250466,-0.11049775983463955,-0.1994729306553586,3579.0
HOLY FAMILY HOSPITAL,MA,0.12810899845683493,-0.037408002354150115,0.06190219813244092,1924.0
HOLY FAMILY MEMORIAL,WI,-0.24933008504946463,0.14593579607148402,-0.09122373260108516,2943.0
HOLY NAME MEDICAL CENTER,NJ,-0.1840586645934879,-0.4338270259771434,-0.28396600914695014,3893.0
HOLY REDEEMER HOSPITAL AND MEDICAL CENTER,PA,0.0571618023090344,0.19548817402435828,0.11249235099516397,1641.0
HOLY ROSARY HEALTHCARE,MT,-0.20912667389904419,0.6018176732379263,0.11525106495574403,1627.0
HOLY SPIRIT HOSPITAL,PA,-0.2472016691650305,-0.281866400254996,-0.26106756160101674,3823.0
HOLYOKE MEDICAL CENTER,MA,-0.05351582368153461,0.20044341181964587,0.04806787051893759,2022.0
HOLZER MEDICAL CENTER,OH,0.27426022252130444,0.30450340552068134,0.2863574957210552,860.0
HOLZER MEDICAL CENTER JACKSON,OH,0.04581025092538615,-0.07539815878468703,-0.0026731129586431215,2344.0
HOMESTEAD HOSPITAL,FL,-0.13581457121298354,0.2698167409536697,0.026437953653677765,2160.0
HONORHEALTH DEER VALLEY MEDICAL CENTER,AZ,-0.07586419046809201,-0.352065602354901,-0.1863447552228156,3506.0
HOOD MEMORIAL HOSPITAL,LA,0.6318340911062197,-0.20753783332568476,0.2960853213334579,810.0
HOOPESTON COMMUNITY MEMORIAL HOSPITAL,IL,0.5871373575331053,-0.09191561810231179,0.31551616727893844,739.0
HOPEDALE MEDICAL COMPLEX,IL,-0.053515823681534846,1.122117641743105,0.4167375624883211,387.0
HOPI HEALTH CARE CENTER,AZ,0.04581025092538627,0.7504748070965488,0.3276760733938513,681.0
HOPKINS COUNTY MEMORIAL HOSPITAL,TX,-0.15851767398027963,0.35901102126884293,0.04849380411936939,2016.0
HORN MEMORIAL HOSPITAL,IA,0.45635802596732616,0.26733912205602606,0.3807504644028061,498.0
HOSP COMUNITARIO BUEN SAMARITANO,PR,0.5921036612634517,1.2336104921370719,0.8487063936128998,12.0
HOSPITAL DAMAS INC,PR,-0.06344843114222685,0.5522652952850522,0.18283705942868478,1298.0
HOSPITAL DE LA CONCEPCION,PR,0.26432761506061236,0.5225338685133278,0.36761011644169855,535.0
HOSPITAL DISTRICT #1 OF RICE COUNTY,KS,0.4679460680048003,0.20539864961493318,0.3629271006488535,547.0
HOSPITAL DR CAYETANO COLL Y TOSTE,PR,0.8073101562451134,0.2219161089325581,0.5731525373200912,112.0
HOSPITAL DR SUSONI INC,PR,0.38351890458891746,-1.0581869881833579,-0.1931634525199927,3548.0
HOSPITAL EPISCOPAL SAN LUCAS GUAYAMA INC,PR,-0.1131114684456872,0.0,-0.06786688106741232,2794.0
HOSPITAL FOR SPECIAL SURGERY,NY,-1.7718569143812668,0.0,-1.06311414862876,4187.0
HOSPITAL GENERAL DE CASTANER,PR,-0.09324625352430307,0.0,-0.05594775211458184,2706.0
HOSPITAL HERMANOS MELENDEZ INC,PR,0.5623058388813751,0.18888119029730852,0.41293597944774846,401.0
HOSPITAL MATILDES BRENES INC,PR,0.6914297358703725,0.0,0.4148578415222235,394.0
HOSPITAL MENONITA CAGUAS INC,PR,0.12527111061092291,0.9734605078844821,0.46454686952034663,270.0
HOSPITAL MENONITA DE CAYEY,PR,0.49476410814866895,0.044353421268092164,0.3145998333964382,745.0
HOSPITAL METROPOLITANO DR PILA,PR,-0.053515823681534846,0.0,-0.032109494208920904,2541.0
HOSPITAL METROPOLITANO DR TITO MATTEI,PR,0.006079821082617859,0.0,0.003647892649570715,2306.0
HOSPITAL METROPOLITANO SAN GERMAN,PR,-0.1528418982884558,0.0,-0.09170513897307347,2946.0
"HOSPITAL OF CENTRAL CONNECTICUT, THE",CT,-0.036488496606062536,0.046831040165735895,-0.0031606818973431636,2347.0
HOSPITAL OF UNIV OF PENNSYLVANIA,PA,0.13946054984048314,-0.43878226377243085,-0.09183657560468247,2948.0
HOSPITAL ONCOLOGICO DR ISAAC GONZALEZ MARTINEZ,PR,-0.013785393838766258,0.0,-0.008271236303259754,2380.0
HOSPITAL ORIENTE,PR,-0.03365060876015038,0.0,-0.020190365256090227,2460.0
"HOSPITAL PAVIA HATO REY, INC",PR,0.33385586728545685,0.9486843189080456,0.5797872479344924,104.0
HOSPITAL PAVIA SANTURCE,PR,0.44311454935307,-0.06301006429646855,0.24066470389325456,1072.0
HOSPITAL PEREA,PR,0.6748753901025523,0.9239081299316082,0.7744884860341746,23.0
HOSPITAL SAN CARLOS BORROMEO,PR,0.7162612545221028,-0.02997514566121895,0.41776669444877407,381.0
HOSPITAL SAN CRISTOBAL,PR,-0.013785393838766258,0.6637581456790191,0.2572320219683479,996.0
HOSPITAL SAN FRANCISCO,PR,0.37358629712822544,2.360927090564959,1.1685226145029188,1.0
HOSPITAL SAN GERARDO,PR,-0.07338103860291896,0.0,-0.04402862316175137,2628.0
HOSPITAL UNIVERSITARIO DE ADULTO,PR,0.2643276150606124,0.9734605078844821,0.5479807721901603,135.0
HOSPITAL UNIVERSITARIO DR RUIZ ARNAU,PR,-0.09324625352430307,0.0,-0.05594775211458184,2706.0
"HOSPITAL UPR, DR  FEDERICO TRILLA",PR,0.22459718521784383,2.0140604448948403,0.9403824890886425,5.0
HOT SPRINGS COUNTY MEMORIAL HOSPITAL,WY,0.5523732314206833,0.1888811902973084,0.4069764149713333,418.0
HOULTON REGIONAL HOSPITAL,ME,0.26035457207633556,-0.047318477944725074,0.13728535206791131,1525.0
HOUSTON COUNTY COMMUNITY HOSPITAL,TN,0.5325080164992988,-0.32316004854905794,0.19024079047995607,1269.0
HOUSTON COUNTY MEDICAL CENTER,TX,0.30405804490338084,0.3416676889853371,0.31910190253616333,726.0
HOUSTON MEDICAL CENTER,GA,0.08270279292224249,-0.28021465432323345,-0.06246418597594789,2745.0
HOUSTON METHODIST SAN JACINTO HOSPITAL,TX,-0.1503587464232826,-0.11256244224934263,-0.13524022475370662,3221.0
HOUSTON METHODIST ST JOHN HOSPITAL,TX,-0.12730090767524738,-0.032452764558862736,-0.08936165042869353,2928.0
HOUSTON NORTHWEST MEDICAL CENTER,TX,-0.05599897554670785,-0.2859957650844022,-0.1479976913617856,3301.0
HOUSTON PHYSICIANS' HOSPITAL,TX,-1.126237429436281,0.0,-0.6757424576617685,4132.0
HOWARD COUNTY MEDICAL CENTER,NE,0.4331819418923779,-0.21579656298449698,0.17359053994162793,1344.0
HOWARD MEMORIAL HOSPITAL,AR,0.33882217101580286,0.13107008268562206,0.25572133568373057,1008.0
HOWARD UNIVERSITY HOSPITAL,DC,0.6384558294133478,0.002233900008149181,0.3839670576512683,483.0
HOWARD YOUNG MEDICAL CTR,WI,-0.3216962251202213,0.05674151575631062,-0.17032112876960853,3420.0
HSHS ST CLARE MEMORIAL HOSPITAL,WI,0.16500154045369125,0.4283843504028668,0.2703546644333615,928.0
HUDSON HOSPITAL,WI,-0.06940799561864193,-0.0010695918553760148,-0.04207263411333556,2612.0
HUGGINS HOSPITAL,NH,-0.31838535596665724,0.36396625906413044,-0.04544470995434216,2632.0
HUGH CHATHAM MEMORIAL HOSPITAL,NC,0.03729658738765033,-0.0671394291258747,-0.004477819217759686,2352.0
HUMBOLDT GENERAL HOSPITAL,NV,0.27094935336774045,-0.15385609054340438,0.10102717580328252,1695.0
HUNT REGIONAL MEDICAL CENTER,TX,-0.13297668336707139,0.07656246693746038,-0.04916102324525867,2658.0
HUNTERDON MEDICAL CENTER,NJ,-0.3287909447350013,0.007189137803436463,-0.1943989117196262,3552.0
HUNTINGTON BEACH HOSPITAL,CA,0.35372108220684106,-0.37931941022898197,0.060504885232511824,1931.0
HUNTINGTON HOSPITAL,NY,0.07418912938450653,0.12611484489033456,0.09495941558683774,1733.0
HUNTINGTON MEMORIAL HOSPITAL,CA,-0.2074712393222622,-0.8269425577366115,-0.45525976668800194,4099.0
HUNTSVILLE HOSPITAL,AL,-0.18512287253570492,-0.1373386312257798,-0.16600917601173487,3395.0
HUNTSVILLE MEMORIAL HOSPITAL,TX,-0.04784004798971061,0.4680262527651662,0.15850647231224013,1425.0
HURLEY MEDICAL CENTER,MI,0.15081210122413127,0.1756672228432086,0.1607541498717622,1413.0
HURON MEDICAL CENTER,MI,-0.12446301982933537,-0.04731847794472503,-0.09360520307549124,2959.0
HURON REGIONAL MEDICAL CENTER,SD,-0.23561362712755649,0.3986529236311424,0.018092993175923083,2212.0
HURON VALLEY-SINAI HOSPITAL,MI,-0.016623281684678432,-0.07209466692116206,-0.038811835779271886,2585.0
HUTCHINSON HEALTH,MN,-0.10913842546141055,-0.42226480445480613,-0.23438897705876877,3735.0
HUTCHINSON REGIONAL MEDICAL CENTER INC,KS,-0.18512287253570492,0.34992641864414936,0.028896843936236816,2142.0
I-70 COMMUNITY HOSPITAL,MO,0.13520371807161516,0.9239081299316082,0.4506854828156124,297.0
IBERIA GENERAL HOSPITAL AND MEDICAL CENTER,LA,-0.22662698228216824,0.40360816142642986,0.025467075201271006,2165.0
ILLINI COMMUNITY HOSPITAL,IL,0.43814824562272403,-0.14146799605518603,0.20630174895155998,1198.0
ILLINOIS VALLEY COMMUNITY HOSPITAL,IL,-0.01378539383876641,0.4482053015840165,0.17101088433034675,1359.0
INDIAN PATH MEDICAL CENTER,TN,-0.01662328168467824,-0.04731847794472499,-0.02890136018869694,2521.0
INDIAN RIVER MEDICAL CENTER,FL,-0.19257232813122405,0.0773883399033417,-0.08458806091739775,2904.0
INDIANA REGIONAL MEDICAL CENTER,PA,-0.0024338424551181292,0.11620436929975966,0.04502144224683299,2041.0
INDIANA UNIVERSITY HEALTH,IN,-0.1106283165805142,-0.3727124265019321,-0.21546196054908134,3646.0
INDIANA UNIVERSITY HEALTH ARNETT HOSPITAL,IN,-0.21492069491778126,-0.08778625327290558,-0.164066918259831,3383.0
INDIANA UNIVERSITY HEALTH BALL MEMORIAL HOSPITAL,IN,-0.289415250872972,-0.24057275196093417,-0.26987825130815685,3850.0
INDIANA UNIVERSITY HEALTH BEDFORD HOSPITAL,IN,0.5672721426117213,0.3602498307176649,0.48446321785409874,237.0
INDIANA UNIVERSITY HEALTH BLACKFORD HOSPITAL,IN,0.48781128292618436,-0.1745029146904353,0.2228856038795365,1140.0
INDIANA UNIVERSITY HEALTH BLOOMINGTON HOSPITAL,IN,-0.4831010963564678,-0.22818465747271555,-0.3811345208029669,4053.0
INDIANA UNIVERSITY HEALTH NORTH HOSPITAL,IN,-0.2606816364331127,-0.08200514251173696,-0.18921103886456242,3518.0
INDIANA UNIVERSITY HEALTH PAOLI HOSPITAL,IN,0.26432761506061236,-0.017587051173000412,0.15156174856716723,1458.0
INDIANA UNIVERSITY HEALTH TIPTON HOSPITAL INC,IN,-0.10913842546141043,0.05674151575631068,-0.042786448974321975,2620.0
INDIANA UNIVERSITY HEALTH WHITE MEMORIAL HOSPITAL,IN,0.3537210822068412,0.18888119029730852,0.28778512544302814,853.0
INDIANHEAD MEDICAL CTR,WI,0.6219014836455278,0.44077244489108536,0.5494498681437509,132.0
INGALLS MEMORIAL HOSPITAL,IL,0.11533850315023089,-0.5915687624604595,-0.1674244030940453,3405.0
INLAND HOSPITAL,ME,-0.20108599166896018,0.28963769213481927,-0.0047965181474484,2354.0
INOVA ALEXANDRIA HOSPITAL,VA,0.06567546584677038,-0.6782854238779893,-0.23190889004313353,3717.0
INOVA FAIR OAKS HOSPITAL,VA,0.003241933236705868,-0.032452764558862715,-0.011035945881521566,2395.0
INOVA FAIRFAX HOSPITAL,VA,-0.011302241973593238,-0.36032433201371344,-0.15091107798964132,3317.0
INOVA LOUDOUN HOSPITAL,VA,-0.0052717303010302785,0.1707119850479213,0.06512175583855036,1912.0
INOVA MOUNT VERNON HOSPITAL,VA,0.0741891293845065,0.23513007638665764,0.13856550818536695,1515.0
INSPIRA MEDICAL CENTER ELMER,NJ,-0.10459780490795113,0.027010088984586123,-0.051954647350936224,2682.0
INSPIRA MEDICAL CENTER VINELAND,NJ,0.1564878769159554,0.21530912520550802,0.18001637623177646,1308.0
INSPIRA MEDICAL CENTER WOODBURY,NJ,0.05999969015494643,0.14593579607148408,0.09437413252156149,1735.0
INSTITUTE FOR ORTHOPAEDIC SURGERY,OH,-1.3447547935715067,0.0,-0.806852876142904,4166.0
INTEGRIS BAPTIST MEDICAL CENTER,OK,-0.27948264341227974,-0.07952752361409321,-0.1995005954930051,3580.0
INTEGRIS BASS BAPTIST HEALTH CENTER,OK,-0.3589435030978166,-0.20753783332568473,-0.29838123518896387,3927.0
INTEGRIS CANADIAN VALLEY  HOSPITAL,OK,-0.291898402738145,0.007189137803436663,-0.17226338652151232,3434.0
INTEGRIS GROVE HOSPITAL,OK,0.054323914463122326,0.3342348322924059,0.16628828159483577,1383.0
INTEGRIS HEALTH EDMOND,OK,-0.12730090767524743,0.15584627166205897,-0.014042035940324861,2420.0
INTEGRIS MIAMI HOSPITAL,OK,-0.17601798236340385,0.4655486338675225,0.0806086641289667,1815.0
INTEGRIS SOUTHWEST MEDICAL CENTER,OK,-0.08827994979395704,-0.14559736088459208,-0.11120691423021106,3078.0
INTERFAITH MEDICAL CENTER,NY,0.7530119021266634,-0.1228858543228582,0.4026527995468547,433.0
INTERMOUNTAIN MEDICAL CENTER,UT,-0.522831526199236,-0.038233875320031384,-0.32899246584755415,3984.0
IOWA LUTHERAN HOSPITAL,IA,-0.1755450010557518,0.3391900700876935,0.030349027401626316,2130.0
IOWA METHODIST MEDICAL CENTER,IA,-0.2844489471426258,0.33340895932652465,-0.03730578455496561,2574.0
IOWA SPECIALTY HOSPITAL - BELMOND,IA,0.30405804490338056,0.18062246063849613,0.2546838111974268,1009.0
IOWA SPECIALTY HOSPITAL-CLARION,IA,-0.1369497263513481,0.1393288123444344,-0.026438310873035102,2498.0
"IRA DAVENPORT MEMORIAL HOSPITAL, INC",NY,0.5970699649937975,0.3457970538147433,0.49656080052217577,215.0
IREDELL MEMORIAL HOSPITAL INC,NC,-0.15284189828845562,0.16080150945734648,-0.027384535190134784,2504.0
IROQUOIS MEMORIAL HOSPITAL,IL,-0.09040836567839101,0.24504055197723243,0.04377120138385837,2050.0
IRWIN COUNTY HOSPITAL,GA,0.27094935336774045,-0.017587051173000412,0.1555347915514441,1440.0
ISLAND HOSPITAL,WA,-0.10175991706203912,0.12611484489033448,-0.010610012281089674,2391.0
IU HEALTH GOSHEN HOSPITAL,IN,-0.09608414137021505,0.5175786307180403,0.1493809674650871,1464.0
IU HEALTH WEST HOSPITAL,IN,-0.2266269822821683,-0.32481179448082026,-0.26590090716162906,3833.0
IVINSON MEMORIAL HOSPITAL,WY,-0.11708451142996426,-0.08572157085820264,-0.10453933520125962,3023.0
J ARTHUR DOSHER MEMORIAL HOSPITAL,NC,-0.15681494127273257,0.20539864961493334,-0.0119295049176662,2399.0
J C BLAIR MEMORIAL HOSPITAL,PA,-0.2323027579739924,-0.08572157085820249,-0.17367028312767643,3445.0
J PAUL JONES HOSPITAL,AL,-0.07338103860291896,1.122117641743105,0.40481843353549063,426.0
JACK HUGHSTON MEMORIAL HOSPITAL,AL,-0.3713592624236818,0.9734605078844821,0.1665686456995838,1379.0
JACKSON COUNTY MEMORIAL HOSPITAL AUTHORITY,OK,-0.033650608760150434,0.2053986496149333,0.06196909458988306,1923.0
JACKSON COUNTY REGIONAL HEALTH CENTER,IA,-0.053515823681534666,0.8991319409551717,0.32754328217314793,683.0
JACKSON GENERAL HOSPITAL,WV,0.2563815290920587,-0.09191561810231177,0.11706267021431051,1620.0
JACKSON HEALTHCARE CENTER,TX,-0.053515823681534846,-1.0581869881833579,-0.45538428948226406,4100.0
JACKSON HOSPITAL,FL,-0.07621892644883098,0.14593579607148416,0.012642962559295083,2249.0
JACKSON HOSPITAL & CLINIC INC,AL,-0.24223536543468455,-0.12495053673756118,-0.1953214339558352,3553.0
JACKSON MEDICAL CENTER,AL,0.44808085308341594,0.205398649614933,0.35100797169602277,583.0
JACKSON MEMORIAL HOSPITAL,FL,0.19976566656611372,-0.29012512991380834,0.0038093479741448805,2305.0
JACKSON PARISH HOSPITAL,LA,0.5772047500724131,-0.1579854553728106,0.2831286678943236,871.0
JACKSON PARK HOSPITAL,IL,0.9149134037359443,-0.07333347636998389,0.519614651693573,174.0
JACKSON PURCHASE MEDICAL CENTER,KY,0.11391955922727488,0.00718913780343664,0.07122739065773957,1880.0
JACKSON-MADISON COUNTY GENERAL HOSPITAL,TN,-0.1652576576143207,-0.21579656298449726,-0.18547321976239134,3500.0
JACOBI MEDICAL CENTER,NY,0.46297976427445414,-0.07704990471644954,0.24696789667809266,1049.0
JACOBSON MEMORIAL HOSPITAL CARE CENTER,ND,0.22459718521784422,0.8743557519787342,0.48450061192220023,236.0
JAMAICA HOSPITAL MEDICAL CENTER,NY,0.7477145114809609,0.8297586118211477,0.7805321516170356,20.0
JAMESON MEMORIAL HOSPITAL,PA,-0.005271730301030263,-0.09687085589759907,-0.04191138053965779,2609.0
JAMESTOWN REGIONAL MEDICAL CENTER,ND,-0.09324625352430309,0.0071891378034367,-0.053072096993207175,2687.0
"JANE PHILLIPS MEMORIAL MEDICAL CENTER, INC",OK,-0.3089257298136171,0.9090424165457464,0.17826152873012832,1317.0
JANE PHILLIPS NOWATA HEALTH CENTER,OK,-0.0634484311422269,2.0883890118241504,0.797286546044324,16.0
JANE TODD CRAWFORD HOSPITAL,KY,0.8453851515111,-0.19102037400805996,0.43082294130343596,343.0
JASPER MEMORIAL HOSPITAL,GA,-0.09324625352430307,0.0,-0.05594775211458184,2706.0
JAY COUNTY HOSPITAL,IN,0.2643276150606124,-0.4387822637724309,-0.016916336472604904,2433.0
JAY HOSPITAL,FL,0.5176091053082608,-0.20753783332568487,0.2275503298546825,1122.0
JEANES HOSPITAL,PA,0.02842818786917517,-0.5172401955311482,-0.18983916549095417,3523.0
JEFF DAVIS HOSPITAL,GA,0.6169351799151815,-0.1992791036668724,0.2904494664823599,835.0
JEFFERSON COMMUNITY HEALTH CENTER,NE,-0.391224477345066,1.072565263790231,0.19429141910905284,1250.0
JEFFERSON COUNTY HEALTH CENTER,IA,0.5921036612634514,-0.009328321514188312,0.3515308681523955,579.0
JEFFERSON COUNTY HOSPITAL,OK,0.3570319513604052,-0.10430371259053034,0.17249768578003097,1351.0
JEFFERSON DAVIS COMMUNITY HOSPITAL CAH,MS,0.44311454935307015,1.444208098436787,0.8435519689865569,13.0
JEFFERSON HEALTHCARE,WA,-0.2554788420489407,0.44696649213519485,0.02549929162471351,2164.0
JEFFERSON HOSPITAL,GA,0.48284497919583824,0.221916108932558,0.37847343109052617,504.0
JEFFERSON HOSPITAL,PA,-0.13297668336707147,-0.29012512991380834,-0.19583606198576622,3554.0
JEFFERSON MEDICAL CENTER,WV,0.5772047500724133,0.54400656562624,0.563925476293944,120.0
JEFFERSON REGIONAL MEDICAL CENTER,AR,0.038360795329867164,0.011318502632842842,0.027543878251057436,2150.0
JELLICO COMMUNITY HOSPITAL,TN,0.5772047500724135,0.07532365748863862,0.3764523130389035,511.0
JENNERSVILLE REGIONAL HOSPITAL,PA,0.06567546584677032,0.10133865591389749,0.07994074187362118,1820.0
JENNIE M MELHAM MEMORIAL MEDICAL CENTER,NE,0.5325080164992989,-0.04236324014943745,0.3025595138398044,778.0
JENNIE STUART MEDICAL CENTER,KY,0.21324563383419587,0.334234832292406,0.26164131321747996,969.0
JENNINGS AMERICAN LEGION HOSPITAL,LA,0.06283757800085847,0.24504055197723257,0.1357187675914081,1531.0
JERSEY CITY MEDICAL CENTER,NJ,0.11533850315023098,-0.4305235341136185,-0.10300631175530882,3013.0
JERSEY COMMUNITY HOSPITAL,IL,-0.08757047783247905,0.21035388741022065,0.031599268264600834,2124.0
JERSEY SHORE HOSPITAL,PA,0.4679460680048003,0.015447867462248835,0.2869467877877797,855.0
JERSEY SHORE UNIVERSITY MEDICAL CENTER,NJ,-0.25216797289537657,-0.3809711561607443,-0.30368924620152365,3937.0
JEWISH HOSPITAL & ST MARY'S HEALTHCARE,KY,0.020978732273656014,-0.3851005209901504,-0.14145296903186655,3260.0
JEWISH HOSPITAL - SHELBYVILLE,KY,-0.0018662648859358645,0.22398079134726095,0.08847255760734286,1763.0
"JEWISH HOSPITAL, LLC",OH,-0.14539244269293655,-0.5254989251899606,-0.2974350356917461,3924.0
JFK MEDICAL CENTER,FL,0.13768686993678803,-0.35206560235490114,-0.058214118979887666,2726.0
JFK MEDICAL CTR - ANTHONY M. YELENCSICS COMMUNITY,NJ,0.3068959327492927,0.2846824543395319,0.2980105413853884,797.0
JOHN C FREMONT HEALTHCARE DISTRICT,CA,0.5126428015779146,0.01544786746224891,0.31376482793164834,749.0
JOHN C STENNIS MEMORIAL HOSPITAL,MS,0.006079821082617683,0.9239081299316082,0.3732111446222139,515.0
JOHN C. LINCOLN MEDICAL CENTER,AZ,-0.17022396134466683,-0.12082117190815504,-0.15046284557006212,3315.0
JOHN D ARCHBOLD MEMORIAL HOSPITAL,GA,-0.1017599170620392,-0.03740800235415019,-0.0760191511788836,2847.0
JOHN DEMPSEY HOSPITAL,CT,-0.200021783726743,-0.4965933713841173,-0.3186504187896927,3961.0
JOHN F KENNEDY MEMORIAL HOSPITAL,CA,-0.050677935835622794,0.334234832292406,0.10328717141558874,1685.0
JOHN H STROGER JR HOSPITAL,IL,0.37027542797466134,-0.21579656298449712,0.13584663159099794,1530.0
JOHN MUIR MEDICAL CENTER - CONCORD CAMPUS,CA,-0.31176361765952915,-0.4842052768958987,-0.380740281354077,4052.0
JOHN MUIR MEDICAL CENTER - WALNUT CREEK CAMPUS,CA,-0.19257232813122407,0.13107008268562195,-0.06311536380448565,2752.0
JOHN RANDOLPH MEDICAL CENTER,VA,0.14229843768639514,0.5819967220567769,0.31817775143454785,730.0
JOHN T MATHER MEMORIAL HOSPITAL  OF PORT JEFFERSON,NY,0.042972363079474114,-0.49328987952059233,-0.17153253396055246,3429.0
JOHNSON CITY MEDICAL CENTER,TN,0.16003523672334535,0.06087088058571699,0.120369494268294,1608.0
JOHNSON COUNTY HEALTHCARE CENTER,WY,0.14513632553230715,0.37883197244999267,0.23861458429938137,1084.0
JOHNSON COUNTY HOSPITAL,NE,0.4298710727388139,0.09390579922096626,0.29548496333167484,813.0
JOHNSON MEMORIAL HOSPITAL,CT,-0.033650608760150615,0.017099613394011514,-0.013350519898485763,2409.0
JOHNSON MEMORIAL HOSPITAL,IN,-0.39453534649863004,0.3936976858358549,-0.07924213356483603,2865.0
JOHNSON MEMORIAL HOSPITAL,MN,0.02594503600400233,0.0,0.015567021602401398,2232.0
JOHNSON REGIONAL MEDICAL CENTER,AR,-0.1429092908277635,0.4333395881981542,0.0875902607826036,1767.0
JOHNSTON HEALTH,NC,-0.05351582368153472,-0.11173656928346146,-0.07680412192230543,2851.0
JOHNSTON MEMORIAL HOSPITAL,VA,0.1224332227650109,0.07656246693746036,0.10408492043399067,1681.0
JONES MEMORIAL HOSPITAL,NY,0.4729123717351462,0.5274891063086151,0.4947430655645338,220.0
JONES REGIONAL MEDICAL CENTER,IA,0.2891591337123425,-0.24883148161974655,0.07396288757950686,1854.0
JORDAN VALLEY MEDICAL CENTER,UT,-0.2067617673607842,0.17566722284320865,-0.053790171279187046,2689.0
JPS HEALTH NETWORK,TX,-0.10175991706203914,0.12611484489033448,-0.010610012281089688,2392.0
JUPITER MEDICAL CENTER,FL,-0.1187872441375113,-0.09191561810231183,-0.1080385937234315,3057.0
KADLEC REGIONAL MEDICAL CENTER,WA,-0.06841473487257282,0.0195772322916552,-0.03321794800688162,2548.0
KAISER FOUNDATION HOSP SO SACRAMENTO,CA,0.17493414791438353,0.2384335682501825,0.2003339160487031,1226.0
KAISER FOUNDATION HOSPITAL,CA,-0.09324625352430307,0.0,-0.05594775211458184,2706.0
KAISER FOUNDATION HOSPITAL,HI,0.22857022820212092,0.4593545866234132,0.32088397157063786,716.0
KAISER FOUNDATION HOSPITAL - ANTIOCH,CA,-0.16608537490271177,1.0973414527666676,0.33928535616503996,634.0
KAISER FOUNDATION HOSPITAL - BALDWIN PARK,CA,-0.053515823681534846,0.0,-0.032109494208920904,2541.0
KAISER FOUNDATION HOSPITAL - DOWNEY,CA,0.1550689329929993,0.7504748070965488,0.39323128263441914,458.0
KAISER FOUNDATION HOSPITAL - FREMONT,CA,-0.013785393838766258,0.0,-0.008271236303259754,2380.0
KAISER FOUNDATION HOSPITAL - FRESNO,CA,-0.03365060876015038,0.0,-0.020190365256090227,2460.0
KAISER FOUNDATION HOSPITAL - LOS ANGELES,CA,-0.11973320675281536,0.37883197244999267,0.07969286492830788,1821.0
KAISER FOUNDATION HOSPITAL - OAKLAND/RICHMOND,CA,0.31200413087193446,0.4036081614264298,0.3486457430937326,592.0
KAISER FOUNDATION HOSPITAL - ORANGE COUNTY - ANAHE,CA,-0.0038527863780740135,0.7752509960729859,0.30778872660234996,766.0
KAISER FOUNDATION HOSPITAL - PANORAMA CITY,CA,-0.1131114684456872,0.0,-0.06786688106741232,2794.0
KAISER FOUNDATION HOSPITAL - REDWOOD CITY,CA,-0.2819657952774529,0.6761462401672375,0.10127901890042323,1694.0
KAISER FOUNDATION HOSPITAL - ROSEVILLE,CA,0.035877643464694214,0.0,0.021526586078816527,2199.0
KAISER FOUNDATION HOSPITAL - SACRAMENTO,CA,0.2841928299819964,0.16823436615027765,0.2378094444493089,1088.0
KAISER FOUNDATION HOSPITAL - SAN DIEGO,CA,-0.1727071132098399,0.0,-0.10362426792590393,3017.0
KAISER FOUNDATION HOSPITAL - SAN FRANCISCO,CA,-0.1727071132098399,0.0,-0.10362426792590393,3017.0
KAISER FOUNDATION HOSPITAL - SAN LEANDRO,CA,-0.09324625352430307,0.0,-0.05594775211458184,2706.0
KAISER FOUNDATION HOSPITAL - SOUTH BAY,CA,-0.09324625352430307,0.0,-0.05594775211458184,2706.0
KAISER FOUNDATION HOSPITAL - SOUTH SAN FRANCISCO,CA,-0.07338103860291896,0.0,-0.04402862316175137,2628.0
KAISER FOUNDATION HOSPITAL - VACAVILLE,CA,-0.013785393838766258,0.0,-0.008271236303259754,2380.0
KAISER FOUNDATION HOSPITAL - WALNUT CREEK,CA,-0.1131114684456872,0.0,-0.06786688106741232,2794.0
KAISER FOUNDATION HOSPITAL - WEST LA,CA,0.06567546584677056,0.0,0.03940527950806234,2074.0
KAISER FOUNDATION HOSPITAL - WESTSIDE,OR,-0.03365060876015038,0.0,-0.020190365256090227,2460.0
KAISER FOUNDATION HOSPITAL - WOODLAND HILLS,CA,-0.053515823681534846,0.0,-0.032109494208920904,2541.0
KAISER FOUNDATION HOSPITAL AND REHAB CENTER,CA,0.24446240013922801,0.4407724448910854,0.32298641803997097,703.0
KAISER FOUNDATION HOSPITAL FONTANA,CA,0.6351449602597837,0.4449018097204915,0.5590477000440668,124.0
KAISER FOUNDATION HOSPITAL MANTECA,CA,-0.1131114684456872,0.0,-0.06786688106741232,2794.0
"KAISER FOUNDATION HOSPITAL, RIVERSIDE",CA,-0.07338103860291896,0.0,-0.04402862316175137,2628.0
KAISER FOUNDATION HOSPITAL-MORENO VALLEY,CA,-0.053515823681534846,0.0,-0.032109494208920904,2541.0
KAISER FOUNDATION HOSPITAL-SAN JOSE,CA,0.2285702282021207,0.7442807598524395,0.4348544408622482,329.0
KAISER FOUNDATION HOSPITAL-SANTA CLARA,CA,0.025945036004001984,1.233610492137072,0.5090112184572301,193.0
KAISER FOUNDATION HOSPITAL-SANTA ROSA,CA,-0.1131114684456872,0.0,-0.06786688106741232,2794.0
KAISER SUNNYSIDE MEDICAL CENTER,OR,-0.23230275797399225,0.0,-0.13938165478439535,3247.0
KALEIDA HEALTH,NY,-0.2869320990077989,-0.2942544947432147,-0.2898610573019652,3909.0
KALISPELL REGIONAL MEDICAL CENTER,MT,-0.4731684888957757,-0.01345768634359438,-0.28928416787490313,3907.0
KANAKANAK HOSPITAL,AK,0.10540589568953898,0.0,0.06324353741372339,1920.0
KANE COMMUNITY HOSPITAL,PA,0.14513632553230718,0.04435342126809212,0.10482316382662116,1677.0
KANE COUNTY HOSPITAL,UT,-0.023718001299458315,1.1964462086724164,0.4643476826892916,272.0
KANSAS CITY ORTHOPAEDIC INSTITUTE,KS,-1.2255635040432018,0.0,-0.735338102425921,4147.0
KANSAS HEART HOSPITAL,KS,0.011046124812963784,-1.0747044475009824,-0.4232541041126147,4079.0
KANSAS MEDICAL CENTER LLC,KS,-0.30431416206401,-0.6122155866074903,-0.42747473188140217,4081.0
"KANSAS SPINE & SPECIALTY HOSPITAL, LLC",KS,-1.463946083099812,0.0,-0.8783676498598871,4175.0
KANSAS SURGERY & RECOVERY CENTER,KS,-1.5334743353246567,0.0,-0.920084601194794,4182.0
KARMANOS CANCER CENTER,MI,0.20473197029645973,0.37883197244999267,0.27437197115787293,903.0
KATHERINE SHAW BETHEA HOSPITAL,IL,-0.21243754305260823,0.32927959449711863,0.0042493119672825375,2301.0
KAUAI VETERANS MEMORIAL HOSPITAL,HI,0.4497362876601981,0.3045034055206815,0.39164313480439145,468.0
KAWEAH DELTA MEDICAL CENTER,CA,-0.2670668840864147,-0.20753783332568476,-0.24325526378212273,3776.0
KEARNEY COUNTY HEALTH SERVICES HOSPITAL,NE,0.33385586728545685,0.0,0.20031352037127412,1228.0
KEARNEY REGIONAL MEDICAL CENTER,NE,-0.0783473423332649,0.0,-0.04700840539995894,2644.0
KEARNY COUNTY HOSPITAL,KS,0.2908145682891246,0.9734605078844821,0.5638729441272676,121.0
KECK HOSPITAL OF USC,CA,-0.018751697569112297,-0.513110830701742,-0.2164953508221642,3654.0
KEEFE MEMORIAL HOSPITAL,CO,0.14513632553230704,0.42838435040286665,0.2584355354805309,987.0
KELL WEST REGIONAL HOSPITAL,TX,-0.7752852991584932,0.7256986181201118,-0.17489173224705118,3451.0
KENDALL REGIONAL MEDICAL CENTER,FL,0.16783942829960338,-0.10182609369288662,0.059973219502607374,1936.0
KENMORE MERCY HOSPITAL,NY,-0.16135556182619176,0.3837872102452802,0.05670154700239703,1957.0
KENNEDY UNIVERSITY HOSPITAL - STRATFORD DIV,NJ,0.3409505869002371,-0.08696038030702438,0.16978620001733252,1368.0
KENNEWICK GENERAL HOSPITAL,WA,-0.0677052629110948,0.14098055827619685,0.01576906556382187,2229.0
KENT COUNTY MEMORIAL HOSPITAL,RI,-0.10743569275386315,0.1310700826856218,-0.012033382578069157,2401.0
KENTUCKIANA MEDICAL CENTER LLC,IN,0.780823203016601,-0.0473184779447251,0.4495665306320705,299.0
KENTUCKY RIVER MEDICAL CENTER,KY,0.7261938619827948,0.4614192690381165,0.6202840248049235,77.0
KEOKUK AREA HOSPITAL,IA,0.06236459669320619,0.6860567157578125,0.3118414443190487,754.0
KERN MEDICAL CENTER,CA,0.22459718521784403,0.0,0.1347583111307064,1534.0
KERN VALLEY HEALTHCARE DISTRICT,CA,0.5623058388813751,-0.2405727519609341,0.24115440254445142,1070.0
KERSHAWHEALTH,SC,-0.09608414137021512,-0.14146799605518587,-0.11423768324420341,3090.0
KETTERING MEDICAL CENTER,OH,-0.09076310165913004,-0.11669180707874875,-0.10113458382697753,3000.0
KIMBALL HEALTH SERVICES,NE,0.03587764346469404,0.8495795630022972,0.36135841127973534,552.0
KING'S DAUGHTERS MEDICAL CENTER-BROOKHAVEN,MS,0.2683006580448891,0.16204031890616818,0.22579652238940073,1131.0
KING'S DAUGHTERS' HEALTH,IN,-0.005271730301030239,0.2549510275678073,0.09881737284650478,1710.0
KING'S DAUGHTERS' MEDICAL CENTER,KY,0.15010262926265316,-0.2859957650844022,-0.024336728476168995,2489.0
KINGMAN COMMUNITY HOSPITAL,KS,0.31730152151763674,-0.35206560235490114,0.049554671968621566,2010.0
KINGMAN REGIONAL MEDICAL CENTER,AZ,0.1451363255323072,-0.442911628601837,-0.09008285612135049,2935.0
KINGS COUNTY HOSPITAL CENTER,NY,0.6417666985669118,0.012144375598723967,0.3899177693796367,473.0
KINGS DAUGHTERS MEDICAL CENTER OHIO,OH,-1.116304821975589,0.0,-0.6697828931853533,4131.0
KINGSBROOK JEWISH MEDICAL CENTER,NY,0.7742014647094732,-0.34463274566197,0.32666778056089585,690.0
KINGWOOD MEDICAL CENTER,TX,0.040843947195040184,-0.4387822637724308,-0.15100653719194823,3318.0
KIOWA DISTRICT HOSPITAL,KS,0.006079821082617856,0.9982366968609196,0.4029425713939386,431.0
KIRBY MEDICAL CENTER,IL,0.4927775866565304,-0.11669180707874882,0.24898982916241869,1034.0
KISHWAUKEE COMMUNITY HOSPITAL,IL,-0.14716612259663148,0.20539864961493323,-0.006140213712005585,2367.0
KIT CARSON COUNTY MEMORIAL HOSPITAL,CO,0.3504102130532771,0.7876390905612044,0.525301764056448,163.0
KITTITAS VALLEY COMMUNITY HOSPITAL,WA,-0.08993538437073896,0.32308554725300925,0.07527298827876033,1847.0
KITTSON MEMORIAL HOSPITAL,MN,-0.03365060876015038,0.0,-0.020190365256090227,2460.0
KLICKITAT VALLEY HOSPITAL,WA,0.3305449981318929,-0.01758705117300069,0.19129217840993545,1263.0
KNAPP MEDICAL CENTER,TX,-0.33446672042682535,-0.18110989841748515,-0.27312399162308926,3859.0
KNOX COMMUNITY HOSPITAL,OH,-0.08993538437073907,0.28468245433953177,0.05991175111336927,1938.0
KNOX COUNTY HOSPITAL,TX,0.18486675537507527,0.8743557519787342,0.4606623540165389,280.0
KNOXVILLE HOSPITAL & CLINICS,IA,0.552373231420683,0.4614192690381163,0.5159916464676564,180.0
KONA COMMUNITY HOSPITAL,HI,0.26830065804488906,0.08151770473274783,0.19358747672003257,1254.0
KOOTENAI HEALTH,ID,-0.4607527295699106,0.17236373097968358,-0.20750614535007295,3612.0
KOSCIUSKO COMMUNITY HOSPITAL,IN,-0.18405866459348788,0.38378721024528,0.04307968534201928,2054.0
KOSSUTH REGIONAL HEALTH CENTER,IA,0.24446240013922807,0.5460712480409431,0.3651059392999141,540.0
KUAKINI MEDICAL CENTER,HI,-0.2496848210302035,-0.12082117190815507,-0.19813936138138413,3566.0
L V STABLER MEMORIAL HOSPITAL,AL,-0.09721929650858,-0.21579656298449726,-0.14465020309894688,3282.0
LA PALMA INTERCOMMUNITY HOSPITAL,CA,0.42324933443168583,-0.4536479771582931,0.07249040979569427,1868.0
LA PAZ REGIONAL HOSPITAL,AZ,0.42722237741596275,0.019577232291655144,0.2641643193662397,958.0
LA PORTE HOSPITAL,IN,-0.24223536543468444,0.3292795944971186,-0.013629381461963214,2418.0
LABETTE HEALTH,KS,-0.38129186988437386,0.09390579922096645,-0.19121280224223772,3534.0
LAC+USC MEDICAL CENTER,CA,0.4364928110459419,0.5212950590645059,0.47041371025336753,258.0
LAC/HARBOR-UCLA MED CENTER,CA,0.514629323070053,0.18062246063849607,0.38102657809743024,497.0
LAC/OLIVE VIEW-UCLA MEDICAL CENTER,CA,0.6285232219526559,0.7256986181201118,0.6673933804196382,53.0
LAC/RANCHO LOS AMIGOS NATIONAL REHABILITATION  CTR,CA,-0.09324625352430307,0.0,-0.05594775211458184,2706.0
LACKEY MEMORIAL HOSPITAL,MS,0.4679460680048001,-0.281866400254996,0.16802108070088162,1375.0
LADD MEMORIAL HOSPITAL,WI,-0.23230275797399214,0.1434581771738404,-0.0819983839148591,2888.0
LADY OF THE SEA GENERAL HOSPITAL,LA,0.6169351799151814,0.023706597121061213,0.3796437467975333,500.0
LAFAYETTE GENERAL MEDICAL CENTER,LA,-0.06344843114222683,-0.009328321514188017,-0.04180038729101131,2608.0
LAFAYETTE GENERAL SURGICAL HOSPITAL,LA,-2.198959035191027,0.0,-1.319375421114616,4189.0
LAFAYETTE HOSPITAL,PR,0.006079821082617859,0.0,0.003647892649570715,2306.0
LAFAYETTE REGIONAL HEALTH CENTER,MO,0.542440623959991,-0.05888069946706237,0.3019120945891697,780.0
LAFAYETTE SURGICAL SPECIALTY HOSPITAL,LA,-1.1560352518183572,0.0,-0.6936211510910143,4135.0
LAGUNA HONDA HOSPITAL & REHABILITATION CENTER,CA,0.17493414791438358,0.4779367283557411,0.2961351800909266,809.0
"LAHEY HOSPITAL & MEDICAL CENTER, BURLINGTON",MA,0.1004395919591928,-0.7319671666602695,-0.23252311148859212,3724.0
LAIRD HOSPITAL INC,MS,0.4530471568137622,-0.3231600485490578,0.1425642746686342,1492.0
LAKE AREA MEDICAL CENTER,LA,0.12527111061092303,-0.12495053673756133,0.025182451671529285,2167.0
LAKE BUTLER HOSPITAL,FL,0.7609579880952172,0.0,0.4565747928571303,286.0
LAKE CHARLES MEMORIAL HOSPITAL,LA,-0.13049353150189852,0.20539864961493318,0.003863340944834176,2304.0
LAKE CHELAN COMMUNITY HOSPITAL,WA,0.12527111061092294,1.7662985551304693,0.7816820884187415,19.0
LAKE CITY COMMUNITY HOSPITAL,SC,0.3040580449033808,-0.011393003928891199,0.177877625370472,1320.0
LAKE CITY MEDICAL CENTER,FL,0.05999969015494629,-0.21579656298449718,-0.0503188111008311,2666.0
LAKE CUMBERLAND REGIONAL HOSPITAL,KY,0.055742858386078245,0.32927959449711847,0.16515755283049435,1394.0
LAKE DISTRICT HOSPITAL,OR,0.3570319513604053,0.39122006693821143,0.37070719759152776,525.0
LAKE GRANBURY MEDICAL CENTER,TX,-0.25784374858720066,0.47298149056045363,0.03448634707186107,2110.0
LAKE HEALTH,OH,-0.013785393838766369,-0.5172401955311481,-0.21516731451571908,3645.0
LAKE HURON MEDICAL CENTER,MI,0.020269260312178,0.22026436300079544,0.10026730138762498,1698.0
LAKE MARTIN COMMUNITY HOSPITAL,AL,0.43814824562272403,-0.16624418503162294,0.19639127336098522,1243.0
LAKE NORMAN REGIONAL MEDICAL CENTER,NC,-0.03365060876015052,0.6811014779625251,0.2522502259289197,1019.0
LAKE REGION HEALTHCARE CORPORATION,MN,-0.21811331874443216,0.28468245433953177,-0.01699500951084658,2435.0
LAKE REGIONAL HEALTH SYSTEM,MO,-0.1751902650750128,0.08977643439156009,-0.06920358528838366,2806.0
LAKE VIEW MEMORIAL HOSPITAL,MN,0.01601242854330992,1.2459985866252903,0.5080068917761021,197.0
LAKE WALES MEDICAL CENTER,FL,0.7477145114809608,0.10133865591389743,0.4891641692541355,230.0
LAKELAND COMMUNITY HOSPITAL,AL,-0.049542780697257705,-0.22199061022860647,-0.11852191250979723,3116.0
LAKELAND HOSPITAL WATERVLIET,MI,-0.0813271245714727,-0.10017434776112404,-0.08886601384733324,2924.0
"LAKELAND HOSPITAL, ST JOSEPH",MI,-0.23975221356951149,0.015447867462248873,-0.13767218115680735,3233.0
LAKELAND REGIONAL MEDICAL CENTER,FL,0.3884852083192634,0.15171690683265285,0.2937778877246192,823.0
LAKES REGION GENERAL HOSPITAL,NH,-0.1670313375180157,0.20539864961493315,-0.018059342664836137,2444.0
LAKES REGIONAL HEALTHCARE,IA,-0.26210058035606865,0.22398079134726098,-0.06766803167473678,2791.0
LAKESIDE MEDICAL CENTER,FL,0.5503867099285444,-0.017587051173000447,0.32319720548792646,702.0
LAKEVIEW HOSPITAL,UT,-0.26068163643311254,0.14098055827619674,-0.10001675854938882,2993.0
LAKEVIEW MEDICAL CENTER,WI,-0.24885710374181258,0.11868198819740339,-0.10184146696612617,3004.0
LAKEVIEW MEMORIAL HOSPITAL,MN,-0.2554788420489406,0.0009950905593271997,-0.1528892690056335,3328.0
LAKEVIEW REGIONAL MEDICAL CENTER,LA,-0.04110006435566951,-0.46355845274886787,-0.21008341971294886,3627.0
LAKEWAY REGIONAL HOSPITAL,TN,0.06851335369268245,0.6018176732379266,0.28183508151078007,877.0
"LAKEWAY REGIONAL MEDICAL CENTER, LLC",TX,0.29412543744268865,0.012144375598724033,0.1813330127051028,1302.0
LAKEWOOD HEALTH CENTER,MN,-0.053515823681534846,0.2549510275678073,0.06987091681820201,1886.0
LAKEWOOD HEALTH SYSTEM,MN,0.45635802596732594,0.6513700511908005,0.5343628360567158,149.0
LAKEWOOD HOSPITAL,OH,-0.14149034690480752,-0.11669180707874893,-0.13157093097438408,3198.0
LAKEWOOD RANCH MEDICAL CENTER,FL,-0.20108599166896005,0.1409805582761967,-0.06425937169089734,2759.0
LAKEWOOD REGIONAL MEDICAL CENTER,CA,0.06567546584677045,-0.3644536968431196,-0.10637619922918559,3041.0
LALLIE KEMP MEDICAL CENTER,LA,-0.1727071132098399,0.0,-0.10362426792590393,3017.0
LAMB HEALTHCARE CENTER,TX,-0.003852786378074194,0.5770414842614895,0.2285049218777513,1118.0
LANCASTER GENERAL HOSPITAL,PA,-0.4781347926261217,-0.488334641725305,-0.48221473226579503,4106.0
LANCASTER REGIONAL MEDICAL CENTER,PA,-0.18512287253570486,-0.3066425892314331,-0.23373075921399616,3730.0
LANDMANN-JUNGMAN MEMORIAL HOSPITAL - CAH,SD,-0.1329766833670713,0.0,-0.07978601002024278,2872.0
"LANDMARK MEDICAL CENTER,  INC",RI,0.5291971473457348,-0.0572289535352998,0.29462670699332094,816.0
LANE REGIONAL MEDICAL CENTER,LA,0.17919097968325154,0.5919071976473516,0.34427746686889155,617.0
LANSDALE HOSPITAL,PA,-0.06770526291109476,0.2400853141819451,0.055410967926121185,1969.0
LAREDO MEDICAL CENTER,TX,-0.13049353150189846,-0.4140060747959937,-0.24389854881953657,3779.0
LARGO MEDICAL CENTER,FL,0.09795644009401966,0.1475875420032465,0.11780888085771041,1618.0
LARKIN COMMUNITY HOSPITAL,FL,-0.03365060876015039,-0.2591548936932621,-0.12385232273339508,3154.0
LARKIN COMMUNITY HOSPITAL PALM SPRINGS CAMPUS,FL,0.5987253995705796,0.007189137803436441,0.3621108948637223,548.0
LAS COLINAS MEDICAL CENTER,TX,0.4709258502430079,-0.005198956684781986,0.280475927471892,880.0
LAS PALMAS MEDICAL CENTER,TX,0.04332709906021326,-0.1579854553728106,-0.03719792271299629,2573.0
LASALLE GENERAL HOSPITAL,LA,0.6963960396007185,-0.3727124265019321,0.26875265315965824,937.0
LATIMER COUNTY GENERAL HOSPITAL,OK,0.23784066183210006,-0.02997514566121895,0.13071433883477246,1553.0
LAUDERDALE COMMUNITY HOSPITAL,TN,0.5672721426117212,0.13932881234443428,0.39609481050480644,447.0
"LAUGHLIN MEMORIAL HOSPITAL, INC",TN,-0.036488496606062584,0.2797272165442445,0.08999778865406026,1751.0
LAVACA MEDICAL CENTER,TX,0.3537210822068412,-0.39748861547836895,0.05323720313275712,1983.0
LAWNWOOD REGIONAL MEDICAL CENTER & HEART INSTITUTE,FL,0.43814824562272403,-0.36858306167252564,0.11545572270462412,1626.0
LAWRENCE & MEMORIAL HOSPITAL,CT,-0.30608784196770517,0.22026436300079535,-0.09554695998030495,2966.0
LAWRENCE COUNTY HOSPITAL CAH,MS,0.8669058010092657,-0.029975145661218894,0.5081534223410719,195.0
LAWRENCE COUNTY MEMORIAL HOSPITAL,IL,0.34378847474614915,-0.04855728739354681,0.18685016989027076,1281.0
LAWRENCE GENERAL HOSPITAL,MA,0.07986490507633061,-0.16624418503162308,-0.018578730966850872,2449.0
LAWRENCE HOSPITAL CENTER,NY,0.21324563383419579,-0.09687085589759921,0.0891990379414778,1756.0
LAWRENCE MEDICAL CENTER,AL,0.17692066940652182,0.0418758023704484,0.12290272259209245,1591.0
LAWRENCE MEMORIAL HOSPITAL,AR,0.7013623433310645,-0.12495053673756114,0.37083719130361426,524.0
LAWRENCE MEMORIAL HOSPITAL,KS,-0.016623281684678446,0.4531605393793039,0.1712902467409145,1356.0
LDS HOSPITAL,UT,-0.25216797289537657,-0.2240552926433094,-0.2409229007945497,3767.0
LEA REGIONAL MEDICAL CENTER,NM,0.3636536896675332,0.5720862464662018,0.44702671238700065,303.0
LEAD - DEADWOOD REGIONAL HOSPITAL - CAH,SD,0.3636536896675332,0.0,0.21819221380051992,1161.0
LECONTE MEDICAL CENTER,TN,-0.16419344967210375,0.2896376921348194,0.017339007050665517,2217.0
LEE MEMORIAL HOSPITAL,FL,0.06567546584677042,-0.2405727519609342,-0.056823821276311436,2713.0
LEE'S SUMMIT MEDICAL CENTER,MO,-0.04500216014379875,0.1707119850479212,0.041283497932889233,2068.0
LEESBURG REGIONAL MEDICAL CENTER,FL,0.09795644009401977,-0.2405727519609343,-0.037455236727961874,2578.0
LEGACY EMANUEL MEDICAL CENTER,OR,0.24446240013922815,0.2549510275678074,0.24865785111065986,1038.0
LEGACY GOOD SAMARITAN MEDICAL CENTER,OR,-0.1354598352322445,-0.4800759120664926,-0.27330626596594376,3860.0
LEGACY MERIDIAN PARK MEDICAL CENTER,OR,-0.2578437485872006,0.22026436300079535,-0.06660050395200222,2778.0
LEGACY MOUNT HOOD MEDICAL CENTER,OR,-0.0648673750651828,0.19053293622907086,0.03729274945251867,2091.0
LEGACY SALMON CREEK MEDICAL CENTER,WA,-0.1641934496721038,0.359011021268843,0.04508833870427491,2040.0
LEHIGH REGIONAL MEDICAL CENTER,FL,0.09547328822884682,-0.022542288968287937,0.04826705734999291,2019.0
LEHIGH VALLEY HOSPITAL,PA,-0.021234849434285358,-0.47594654723708635,-0.20311952855540574,3597.0
LEHIGH VALLEY HOSPITAL - HAZLETON,PA,0.06567546584677038,-0.4239165503865686,-0.13016134064656523,3190.0
LEHIGH VALLEY HOSPITAL - MUHLENBERG,PA,-0.0063359382432473105,-0.22405529264330945,-0.09342368000327217,2958.0
LENOIR MEMORIAL HOSPITAL,NC,0.017431372466265964,0.41847387481229203,0.1778483734046764,1321.0
LENOX HILL HOSPITAL,NY,0.006079821082617787,-0.7773901797837374,-0.3073081792639243,3947.0
LEONARD J CHABERT MEDICAL CENTER,LA,-0.021731479807320042,-0.054751334637656135,-0.03493942173945448,2562.0
LEWIS AND CLARK SPECIALTY HOSPITAL,SD,-1.1759004667397415,0.0,-0.7055402800438448,4138.0
LEWIS COUNTY GENERAL HOSPITAL,NY,0.4828449791958384,0.2599062653630947,0.3936694936627409,454.0
LEWISGALE HOSPITAL ALLEGHANY,VA,-0.05067793583562262,0.3639662590641304,0.11517974212427858,1628.0
LEWISGALE HOSPITAL MONTGOMERY,VA,0.07702701723041849,0.6711910023719503,0.3146926112870312,744.0
LEWISGALE HOSPITAL PULASKI,VA,0.025945036004002046,-0.05227371574001245,-0.005342464693603756,2362.0
LEWISGALE MEDICAL CENTER,VA,-0.1280103796367254,-0.2653489409373712,-0.18294580415698372,3487.0
LEXINGTON MEDICAL CENTER,SC,-0.1950554799963971,-0.07126879395528095,-0.14554080557995064,3288.0
LEXINGTON MEMORIAL HOSPITAL INC,NC,-0.19257232813122402,0.34910054567826815,0.024096821392572854,2175.0
LEXINGTON REGIONAL HEALTH CENTER,NE,0.5176091053082608,0.01544786746224891,0.316744610169856,732.0
LIBERTY HOSPITAL,MO,-0.02123484943428537,-0.3479362375254949,-0.1519154046707692,3323.0
LIBERTY REGIONAL MEDICAL CENTER,GA,0.5821710538027594,-0.07539815878468703,0.31914336876778077,725.0
LICKING MEMORIAL HOSPITAL,OH,0.03729658738765011,0.6166833866237885,0.2690513070821055,936.0
LIFECARE MEDICAL CENTER,MN,0.025945036004001984,0.6018176732379265,0.25629409089757177,1001.0
LIMA MEMORIAL HEALTH SYSTEM,OH,-0.16525765761432076,-0.31490131889024553,-0.22511512212469065,3686.0
LIMESTONE MEDICAL CENTER,TX,0.1517580638394352,-0.25296084644915273,-0.010129500275999986,2390.0
LINCOLN COMMUNITY HOSPITAL,CO,-0.03365060876015037,0.502712917332178,0.18089480167678101,1304.0
LINCOLN COUNTY HOSPITAL,KS,0.08554068076815467,0.7256986181201118,0.34160385570893753,627.0
LINCOLN COUNTY MEDICAL CENTER,NM,0.22062414223356702,0.10629389370918485,0.17489204282381415,1336.0
LINCOLN HOSPITAL,WA,0.6219014836455277,0.9115200354433897,0.7377489043646726,30.0
LINCOLN MEDICAL & MENTAL HEALTH CENTER,NY,0.661631913488296,0.2599062653630947,0.5009416542382155,205.0
LINCOLN MEDICAL CENTER,TN,-0.0899353843707391,0.3726379252058834,0.0950939394599099,1732.0
LINCOLN SURGICAL HOSPITAL,NE,-1.4937439054818884,0.0,-0.896246343289133,4178.0
LINDSAY MUNICIPAL HOSPITAL,OK,-0.07338103860291896,0.0,-0.04402862316175137,2628.0
LINDSBORG COMMUNITY HOSPITAL,KS,0.1650015404536915,0.5522652952850521,0.31990704238623574,721.0
LINTON HOSPITAL - CAH,ND,0.13520371807161513,0.9982366968609196,0.48041690958733696,243.0
LISBON AREA HEALTH SERVICES,ND,0.29743630659625264,0.21778674410315185,0.2655764815990123,949.0
LITTLE COLORADO MEDICAL CENTER,AZ,0.33054499813189286,0.8248033740258602,0.5282483484894799,156.0
LITTLE COMPANY OF MARY HOSPITAL,IL,0.31540959628702875,-0.07209466692116209,0.1604078910037524,1416.0
LITTLE FALLS HOSPITAL,NY,0.6715645209489881,-0.12495053673756118,0.3529584978743684,574.0
LITTLE RIVER HEALTHCARE,TX,0.32392325982476505,-0.20340846849627858,0.11299056849634757,1638.0
LITTLE RIVER HEALTHCARE CAMERON HOSPITAL,TX,-0.09324625352430307,0.0,-0.05594775211458184,2706.0
LITTLE RIVER MEMORIAL HOSPITAL,AR,0.07560807330746244,0.6761462401672375,0.31582334005137247,736.0
LITTLETON REGIONAL HEALTHCARE,NH,-0.2720331878167608,0.9053259881992805,0.19891048258965574,1231.0
LITZENBERG MEMORIAL COUNTY HOSPITAL,NE,0.3305449981318931,-0.005198956684781986,0.19624741620522307,1245.0
LIVINGSTON HEALTHCARE,MT,-0.2025049355919161,0.31689150000890004,0.005253638648410358,2297.0
"LIVINGSTON HOSPITAL AND HEALTHCARE SERVICES, INC",KY,0.3000850019191038,-0.025845780831812853,0.16971268881873713,1369.0
LIVINGSTON REGIONAL HOSPITAL,TN,0.6814971284096802,0.5336831535527244,0.622371538466898,74.0
LOCK HAVEN HOSPITAL,PA,0.28021978699771954,0.15584627166205892,0.23047038086345528,1113.0
LODI COMMUNITY HOSPITAL,OH,-0.1131114684456872,0.0,-0.06786688106741232,2794.0
LODI MEMORIAL HOSPITAL,CA,-0.09040836567839115,0.35901102126884316,0.08935938910050259,1753.0
LOGAN MEMORIAL HOSPITAL,KY,0.646733002297258,-0.24057275196093414,0.2918107005939812,830.0
LOGAN REGIONAL HOSPITAL,UT,-0.31460150550544114,0.09638341811861005,-0.15020753605582066,3311.0
LOGAN REGIONAL MEDICAL CENTER,WV,0.4550336783059007,-0.1959756118033474,0.19462996226220142,1248.0
LOMA LINDA UNIVERSITY MEDICAL CENTER,CA,-0.001369634512901341,-0.5172401955311482,-0.2077178589202001,3614.0
LOMA LINDA UNIVERSITY MEDICAL CENTER-MURRIETA,CA,0.040843947195040246,-0.6039568569486781,-0.21707637446244707,3657.0
LOMPOC VALLEY MEDICAL CENTER,CA,-0.1429092908277635,0.23636888583547933,0.008801979837533641,2276.0
LONE PEAK HOSPITAL,UT,-0.7686635608513654,0.8000271850494228,-0.14118726249105013,3257.0
LONESOME PINE HOSPITAL,VA,0.31730152151763685,0.10133865591389739,0.23091637527614106,1110.0
LONG BEACH MEMORIAL MEDICAL CENTER,CA,-0.008819090108420247,-0.4883346417253051,-0.2006253107551742,3585.0
LONG ISLAND JEWISH MEDICAL CENTER,NY,0.1650015404536913,-0.5254989251899607,-0.1111986458037695,3077.0
LONGMONT UNITED HOSPITAL,CO,-0.12730090767524752,0.1558462716620591,-0.014042035940324861,2420.0
LONGVIEW REGIONAL MEDICAL CENTER,TX,-0.29686470646849106,-0.6328624107545212,-0.4312637881829031,4085.0
LORETTO HOSPITAL,IL,0.6368003948365658,-0.4718171824076803,0.19335336393886737,1255.0
LORING HOSPITAL,IA,0.48781128292618436,0.056741515756310666,0.3153833760582349,742.0
LOS ALAMITOS MEDICAL CENTER,CA,-0.12446301982933541,0.13602532048090943,-0.020267683705237467,2461.0
LOS ALAMOS MEDICAL CENTER,NM,0.010052864066894717,0.015447867462248835,0.012210865425036365,2253.0
LOS ANGELES COMMUNITY HOSPITAL,CA,0.34378847474614904,-0.5725736842451911,-0.022756388850387027,2480.0
LOS ROBLES HOSPITAL & MEDICAL CENTER,CA,-0.04358321622084258,-0.36032433201371344,-0.17027966253799093,3419.0
LOST RIVERS HOSPITAL,ID,0.08554068076815467,0.6761462401672375,0.3217829045277878,706.0
LOUIS A WEISS MEMORIAL HOSPITAL,IL,-0.05067793583562267,-0.28516989211852095,-0.144474718348782,3281.0
LOUISIANA HEART HOSPITAL,LA,-0.24223536543468455,-0.40161798030777524,-0.30598841138392086,3941.0
LOURDES HOSPITAL,KY,-0.180156568805359,0.16823436615027756,-0.04080019482310436,2602.0
LOURDES MEDICAL CENTER,WA,-0.18595058982409585,0.06293556300041986,-0.08639612869428956,2914.0
LOURDES MEDICAL CENTER OF BURLINGTON COUNTY,NJ,0.11675744707318692,0.1508910338667717,0.13041088179062083,1554.0
LOVELACE MEDICAL CENTER,NM,-0.36142665496298965,-0.36032433201371344,-0.36098572578327914,4034.0
LOVELACE REGIONAL HOSPITAL - ROSWELL,NM,-0.07905681429474294,0.28468245433953177,0.06643889315896695,1906.0
LOVELACE WESTSIDE HOSPITAL,NM,-0.08530016755574935,-0.33967750786668255,-0.18705110368012262,3510.0
LOVELACE WOMEN'S HOSPITAL,NM,-0.1568149412727324,-0.13320926639637348,-0.14737267132218884,3297.0
LOWELL GENERAL HOSPITAL,MA,0.1479742133782192,-0.0720946669211622,0.059946661258466635,1937.0
LOWER BUCKS HOSPITAL,PA,0.4199384652781218,0.027010088984586123,0.2627671147607075,963.0
LOWER KEYS MEDICAL CENTER,FL,0.11391955922727504,0.15089103386677155,0.12870814908307365,1569.0
LOWER UMPQUA HOSPITAL DISTRICT,OR,0.3504102130532772,0.49032482284395984,0.40637605696955026,421.0
LOYOLA GOTTLIEB MEMORIAL HOSPITAL,IL,-0.16525765761432076,-0.20753783332568487,-0.1821697278988664,3486.0
LOYOLA UNIVERSITY MEDICAL CENTER,IL,0.018495580408482946,-0.442911628601837,-0.16606730319564506,3396.0
LUBBOCK HEART HOSPITAL LP,TX,-0.12056092404120647,-0.3851005209901505,-0.22637676282078412,3693.0
LUCAS COUNTY HEALTH CENTER,IA,0.5027101941172223,-0.009328321514188128,0.2978947878646581,800.0
LUTHERAN HOSPITAL,OH,-0.017758436823043205,-0.5709219383134286,-0.2390238374191974,3759.0
LUTHERAN HOSPITAL OF INDIANA,IN,0.0713512415385945,-0.009328321514188201,0.039079416317481415,2078.0
LUTHERAN MEDICAL CENTER,CO,-0.36142665496298954,-0.2694783057667774,-0.32464731528450463,3980.0
LUTHERAN MEDICAL CENTER,NY,0.17919097968325146,-0.16128894723633563,0.04299900891541661,2056.0
LYNN COUNTY HOSPITAL DISTRICT,TX,0.006079821082617856,0.9239081299316082,0.373211144622214,514.0
MACKINAC STRAITS HOSPITAL AND HEALTH CENTER,MI,0.15837980214656347,0.8743557519787342,0.4447701820794318,311.0
MACNEAL  HOSPITAL,IL,-0.14042613896259043,-0.02584578083181288,-0.0945939957102794,2964.0
MACON COUNTY GENERAL HOSPITAL,TN,0.7907558104772933,0.08151770473274778,0.5070605681794751,198.0
MAD RIVER COMMUNITY HOSPITAL,CA,0.149109368516584,0.2921153110324629,0.20631174552293557,1197.0
MADELIA COMMUNITY HOSPITAL,MN,-0.09324625352430307,0.0,-0.05594775211458184,2706.0
MADERA COMMUNITY HOSPITAL,CA,-0.04500216014379861,0.6711910023719503,0.24147510486250096,1068.0
MADISON COUNTY HOSPITAL INC,OH,0.5772047500724132,0.24669229790899502,0.4449997692070459,309.0
MADISON COUNTY MEMORIAL HOSPITAL,FL,0.6020362687241433,-0.10017434776112404,0.32115202213003635,713.0
MADISON COUNTY MEMORIAL HOSPITAL,IA,0.549062362267119,1.307939059066383,0.8526130409868247,10.0
MADISON HOSPITAL,MN,0.025945036004001984,0.6761462401672375,0.2860255176692962,862.0
MADISON MEMORIAL HOSPITAL,ID,-0.1727071132098398,0.18062246063849616,-0.03137528367050542,2535.0
MADISON REGIONAL HEALTH SYSTEM,SD,0.19148849368220366,-0.1538560905434045,0.0533506599919604,1982.0
MADISON ST JOSEPH HEALTH CENTER,TX,0.22459718521784397,0.06912961024452918,0.16241015522851807,1403.0
MAGEE GENERAL HOSPITAL,MS,0.5623058388813752,-0.12495053673756133,0.2874032886338006,854.0
MAGEE WOMENS HOSPITAL OF UPMC HEALTH SYSTEM,PA,0.03389112197255574,-0.3149013188902454,-0.10562585437256475,3033.0
MAGNOLIA HOSPITAL,AR,0.39543803354174806,0.5212950590645058,0.44578084375085114,307.0
MAGNOLIA REGIONAL HEALTH CENTER,MS,0.0780912251726355,0.2012692847855271,0.12736244901779215,1575.0
MAHASKA  HEALTH PARTNERSHIP,IA,-0.2554788420489406,0.5336831535527244,0.060185956191725426,1935.0
MAHNOMEN HEALTH CENTER,MN,0.1650015404536915,0.0,0.0990009242722149,1708.0
MAIMONIDES MEDICAL CENTER,NY,0.1401700218019611,-0.9590822322776095,-0.29953087982986715,3929.0
MAIN LINE HOSPITAL BRYN MAWR CAMPUS,PA,-0.192572328131224,-0.5626632086546162,-0.3406086803405809,4000.0
MAIN LINE HOSPITAL LANKENAU,PA,-0.21988699864812722,-0.7071909776838324,-0.4148085902624093,4074.0
MAIN LINE HOSPITAL PAOLI,PA,-0.26458373222124165,-0.6163449514368966,-0.40528821990750363,4068.0
MAINE COAST MEMORIAL HOSPITAL,ME,-0.2663574121249367,-0.04236324014943769,-0.17675974333473707,3460.0
MAINE MEDICAL CENTER,ME,-0.502966311277852,-0.12082117190815485,-0.35010825552997316,4017.0
MAINEGENERAL MEDICAL CENTER,ME,-0.3713592624236818,0.453160539379304,-0.04155134170248745,2607.0
MAJOR HOSPITAL,IN,-0.2058158047454801,0.04187580237044841,-0.10673916189910869,3045.0
MAMMOTH HOSPITAL,CA,-1.1560352518183572,0.0,-0.6936211510910143,4135.0
MANATEE MEMORIAL HOSPITAL,FL,-0.20747123932226214,0.25495102756780735,-0.022502332566234323,2477.0
MANATI MEDICAL CENTER DR OTERO LOPEZ,PR,0.5106562800857762,-0.07209466692116218,0.27755590128300084,889.0
MANCHESTER MEMORIAL HOSPITAL,CT,-0.12162513198342326,-0.08696038030702438,-0.10775923131286372,3053.0
MANHATTAN SURGICAL HOSPITAL LLC,KS,-1.1957656816611255,0.0,-0.7174594089966753,4140.0
MANNING REGIONAL HEALTHCARE CENTER,IA,0.025945036004001984,0.6018176732379265,0.25629409089757177,1001.0
MAPLE GROVE HOSPITAL,MN,-0.03762365174442737,-0.3727124265019319,-0.1716591616474292,3430.0
MARCUM AND WALLACE MEMORIAL HOSPITAL,KY,0.37954586160464054,-0.011393003928891171,0.22317031539122784,1138.0
MARCUS DALY MEMORIAL HOSPITAL - CAH,MT,0.16500154045369136,0.3602498307176649,0.24310085655928076,1063.0
MARENGO MEMORIAL HOSPITAL,IA,0.36365368966753325,0.10629389370918471,0.2607097712841938,974.0
MARGARET MARY HEALTH,IN,-0.22237015051330014,0.08771175197685703,-0.09833738951723726,2981.0
MARGARET R PARDEE MEMORIAL HOSPITAL,NC,-0.41392758011236214,0.14098055827619677,-0.19196432475693856,3539.0
MARGARETVILLE MEMORIAL HOSPITAL,NY,0.12527111061092291,0.5522652952850521,0.2960687844805746,811.0
MARIA PARHAM MEDICAL CENTER,NC,0.49277758665653043,0.4680262527651661,0.48287705309998463,240.0
MARIAN REGIONAL MEDICAL CENTER,CA,-0.3067973139291832,0.1434581771738405,-0.1266951174879737,3170.0
MARIAS MEDICAL CENTER,MT,0.09547328822884693,0.6761462401672375,0.3277424690042031,680.0
MARICOPA MEDICAL CENTER,AZ,0.37689716628178943,0.6265938622143634,0.47677584465481904,251.0
MARIETTA MEMORIAL HOSPITAL,OH,0.29412543744268865,0.24008531418194495,0.27250938813839115,912.0
MARIN GENERAL HOSPITAL,CA,-0.3192130732550482,-0.5131108307017421,-0.3967721762337258,4062.0
MARINA DEL REY HOSPITAL,CA,-0.14149034690480747,-0.12164704487403633,-0.13355302609249903,3212.0
MARINERS HOSPITAL,FL,0.37358629712822533,-0.19927910366687251,0.1444401368101862,1484.0
MARION GENERAL HOSPITAL,IN,-0.2862226270463208,-0.022542288968287916,-0.18075049181510763,3478.0
MARION GENERAL HOSPITAL,MS,0.8056547216683313,-0.18482632676395094,0.4094623022954184,410.0
MARION GENERAL HOSPITAL,OH,0.023461884138829055,-0.36445369684311957,-0.13170434825395042,3200.0
MARION REGIONAL MEDICAL CENTER,AL,0.2990917411730346,-0.4552997230900555,-0.002664844532201449,2343.0
MARK TWAIN MEDICAL CENTER,CA,-0.086624515217175,0.18062246063849596,0.02027427512509339,2201.0
MARLBOROUGH HOSPITAL,MA,-0.11027358059977521,-0.002721337787138234,-0.06725268347472042,2788.0
MARLETTE REGIONAL HOSPITAL,MI,0.5573395351510292,-0.19102037400806005,0.2579955714873935,990.0
MARSHALL BROWNING HOSPITAL,IL,0.562305838881375,0.2879859462030566,0.45257788181004766,295.0
MARSHALL COUNTY HEALTHCARE CENTER - CAH,SD,-0.023718001299458488,0.8495795630022972,0.32560102442124383,693.0
MARSHALL COUNTY HOSPITAL,KY,0.7162612545221028,-0.05888069946706226,0.40620447292643674,422.0
MARSHALL MEDICAL CENTER,CA,-0.16419344967210364,0.06665199134688542,-0.07185527326450801,2818.0
MARSHALL MEDICAL CENTER,TN,0.07560807330746246,0.4531605393793041,0.22662905973619912,1127.0
MARSHALL MEDICAL CENTER SOUTH,AL,-0.1358145712129836,0.6464148133955131,0.1770771826304151,1327.0
MARTHA JEFFERSON HOSPITAL,VA,-0.0847325899865669,0.12611484489033445,-0.0003936160358063573,2328.0
MARTHA'S VINEYARD HOSPITAL INC,MA,-0.21574841220617227,-0.17243823227573218,-0.19842434023399624,3568.0
MARTIN COUNTY HOSPITAL DISTRICT,TX,-0.1329766833670713,0.0,-0.07978601002024278,2872.0
MARTIN GENERAL HOSPITAL,NC,0.1418254563787431,0.13726412992973128,0.14000092579913836,1507.0
MARTIN MEDICAL CENTER,FL,-0.016268545703939416,-0.3561949671843072,-0.15223911429608655,3324.0
MARY BLACK HEALTH SYSTEM GAFFNEY,SC,0.23254327118639764,0.32432435670183113,0.26925570539257104,934.0
MARY BLACK HEALTH SYSTEM SPARTANBURG,SC,-0.15851767398027974,0.22026436300079544,-0.0070048591878496685,2374.0
MARY BRECKINRIDGE ARH HOSPITAL,KY,0.8851155813538679,-0.02584578083181288,0.5207310364795955,171.0
MARY GREELEY MEDICAL CENTER,IA,-0.25784374858720066,-0.13651275825989856,-0.20931135245627983,3620.0
MARY HITCHCOCK MEMORIAL HOSPITAL,NH,-0.33162883258091336,-0.4140060747959937,-0.3645797294669455,4037.0
MARY HURLEY HOSPITAL,OK,0.6864634321400263,-0.4387822637724308,0.23636515377504339,1098.0
MARY IMMACULATE HOSPITAL,VA,-0.1443282347507196,0.274771978748957,0.023311850649151047,2184.0
MARY IMOGENE BASSETT HOSPITAL,NY,-0.07834734233326489,-0.24883148161974658,-0.14654099804785758,3292.0
MARY LANNING HEALTHCARE,NE,-0.42102229972714217,0.3986529236311422,-0.0931522103838284,2956.0
MARY RUTAN HOSPITAL,OH,-0.060137561988662845,0.22026436300079538,0.05202320800712046,1990.0
"MARY WASHINGTON HOSPITAL, INC",VA,-0.011302241973593224,-0.372712426501932,-0.15586631578492874,3349.0
MARYMOUNT HOSPITAL,OH,0.006079821082617858,-0.22075180077978462,-0.08465282766234314,2907.0
MASON DISTRICT HOSPITAL,IL,0.453047156813762,-0.00932832151418809,0.268096965482582,946.0
MASON GENERAL HOSPITAL & FAMILY OF CLINICS,WA,-0.05351582368153455,0.6711910023719504,0.23636690673985944,1097.0
MASONICARE HEALTH CENTER,CT,0.5722384463420673,0.22191610893255778,0.4321095113782635,338.0
MASSAC MEMORIAL HOSPITAL,IL,0.6368003948365657,-0.3561949671843072,0.23960225002821653,1078.0
MASSACHUSETTS EYE AND EAR INFIRMARY,MA,-0.03365060876015038,0.0,-0.020190365256090227,2460.0
MASSACHUSETTS GENERAL HOSPITAL,MA,0.04581025092538619,-0.562663208654616,-0.19757913290661472,3564.0
MASSENA MEMORIAL HOSPITAL,NY,-0.11311146844568719,0.41847387481229203,0.09952266885750452,1705.0
MAT-SU REGIONAL MEDICAL CENTER,AK,-0.05067793583562276,0.3144138811112563,0.09535879094312887,1730.0
MATAGORDA REGIONAL MEDICAL CENTER,TX,-0.16419344967210378,0.24999578977251993,0.0014822461057457242,2316.0
MAUI MEMORIAL MEDICAL CENTER,HI,0.1650015404536914,-0.13320926639637357,0.04571721771366541,2037.0
MAURY REGIONAL HOSPITAL,TN,0.02310714815809011,0.240085314181945,0.10989841456763208,1652.0
MAYAGUEZ MEDICAL CENTER DR RAMON EMETERIO BETANCES,PR,0.2643276150606122,1.2955509645781644,0.6768169548676332,49.0
MAYERS MEMORIAL HOSPITAL,CA,0.47291237173514644,-0.03410451049062524,0.27010561884483775,930.0
MAYO CLINIC,FL,-0.1180777721760333,-0.6700266942191768,-0.3388573409932907,3999.0
MAYO CLINIC HEALTH SYSTEM  CHIPPEWA VALLEY,WI,0.0160124285433101,1.4194319094603498,0.5773802209101261,107.0
MAYO CLINIC HEALTH SYSTEM  NORTHLAND,WI,0.3189569560944189,0.09803516405037234,0.23058823927680028,1111.0
MAYO CLINIC HEALTH SYSTEM  RED CEDAR,WI,-0.29852014104527297,0.02577127953576451,-0.16880357281285796,3412.0
MAYO CLINIC HEALTH SYSTEM - ALBERT LEA,MN,-0.09892202921612725,0.1508910338667715,0.0010031960170322554,2317.0
MAYO CLINIC HEALTH SYSTEM - CANNON FALLS,MN,0.41000585781742976,0.7256986181201118,0.5362829619385026,146.0
MAYO CLINIC HEALTH SYSTEM - FAIRMONT,MN,0.010052864066894754,0.07532365748863856,0.03616118143559228,2099.0
MAYO CLINIC HEALTH SYSTEM - LAKE CITY,MN,0.6020362687241434,0.0,0.361221761234486,554.0
MAYO CLINIC HEALTH SYSTEM - MANKATO,MN,-0.02229905737650242,-0.032452764558862854,-0.026360540249446594,2497.0
MAYO CLINIC HEALTH SYSTEM - NEW PRAGUE,MN,-0.32169622512022117,0.3540557834735557,-0.051395421682710385,2678.0
MAYO CLINIC HEALTH SYSTEM - SPRINGFIELD,MN,0.45304715681376206,0.0,0.2718282940882572,920.0
MAYO CLINIC HEALTH SYSTEM - ST JAMES,MN,-0.1329766833670713,0.0,-0.07978601002024278,2872.0
MAYO CLINIC HEALTH SYSTEM - WASECA,MN,-0.1528418982884558,0.0,-0.09170513897307347,2946.0
MAYO CLINIC HEALTH SYSTEM EAU CLAIRE HOSPITAL,WI,-0.4235054515923151,-0.3809711561607443,-0.40649173341968675,4069.0
MAYO CLINIC HEALTH SYSTEM IN RED WING,MN,-0.03762365174442737,0.23017483859137022,0.06949574438989167,1887.0
"MAYO CLINIC HEALTH SYSTEM IN WAYCROSS, INC",GA,-0.010947505992854259,0.2896376921348193,0.10928657325821518,1655.0
MAYO CLINIC HEALTH SYSTEM OAKRIDGE,WI,-0.03365060876015038,0.0,-0.020190365256090227,2460.0
MAYO CLINIC HLTH SYSTEM  FRANCISCAN MED CTR,WI,-0.2237890944362563,0.3045034055206814,-0.012472094453481214,2407.0
MAYO CLINIC HLTH SYSTM FRANCISCAN HLTHCARE SPARTA,WI,-0.053515823681534666,1.171670019695979,0.43655851366947085,327.0
MAYO CLINIC HOSPITAL,AZ,-0.4930337038171599,-0.6617679645603644,-0.5605274081144417,4117.0
MAYO CLINIC HOSPITAL ROCHESTER,MN,-0.24968482103020362,-0.6617679645603645,-0.41451807844226796,4073.0
MAYO REGIONAL HOSPITAL,ME,-0.04358321622084264,0.07160722914217289,0.002492961924363577,2312.0
MC DONOUGH DISTRICT HOSPITAL,IL,-0.2819657952774528,0.47298149056045374,0.020013119057709833,2203.0
MCALESTER REGIONAL HEALTH CENTER AUTHORITY,OK,-0.11594935629159926,0.34910054567826815,0.07007060449634771,1885.0
"MCBRIDE CLINIC ORTHOPEDIC HOSPITAL,  L L C",OK,-1.4838112980211964,0.0,-0.8902867788127178,4177.0
MCCONE COUNTY HEALTH CENTER,MT,-0.09324625352430307,0.0,-0.05594775211458184,2706.0
MCCULLOUGH-HYDE MEMORIAL HOSPITAL,OH,0.009390690236181961,0.31069745276479077,0.1299133952476255,1559.0
MCCURTAIN MEMORIAL HOSPITAL,OK,0.5474069276903369,-0.17450291469043536,0.25864299073802804,986.0
MCDOWELL ARH HOSPITAL,KY,0.4729123717351462,-0.19102037400806005,0.20733927343786374,1192.0
MCGEHEE HOSPITAL,AR,0.48284497919583846,1.493760476389661,0.8872111780733676,7.0
MCKAY DEE HOSPITAL,UT,-0.46571903330025666,-0.12082117190815496,-0.32775988874341594,3983.0
MCKEE MEDICAL CENTER,CO,-0.28338473920040885,0.48289196615102836,0.02312594294016604,2187.0
MCKENZIE COUNTY HEALTHCARE SYSTEMS,ND,0.0458102509253861,1.2707747756017278,0.5357960607959228,147.0
MCKENZIE HEALTH SYSTEM,MI,0.3504102130532771,0.8124152795376416,0.5352122396470229,148.0
MCKENZIE REGIONAL HOSPITAL,TN,0.5772047500724131,0.3705732427911803,0.49455214715992,222.0
MCKENZIE-WILLAMETTE MEDICAL CENTER,OR,-0.09572940538947614,0.027835961950467485,-0.04630325845349868,2638.0
MCLAREN - NORTHERN MICHIGAN,MI,-0.43592121091818026,-0.33141877820787013,-0.39412023783405625,4060.0
MCLAREN BAY REGION,MI,-0.13049353150189838,-0.29425449474321447,-0.19599791679842482,3557.0
MCLAREN CENTRAL MICHIGAN,MI,-0.21811331874443218,0.06169675355159807,-0.10618928982602006,3039.0
MCLAREN FLINT,MI,0.03339449159952114,-0.3025132244020268,-0.10096859480109806,2996.0
MCLAREN GREATER LANSING,MI,-0.11311146844568729,0.003059772974030419,-0.0666429718778002,2779.0
MCLAREN LAPEER REGION,MI,-0.1443282347507196,-0.06218419133058711,-0.1114706173826666,3079.0
MCLAREN MACOMB,MI,-0.028684305029804485,-0.2570902112785589,-0.12004666752930626,3127.0
MCLAREN OAKLAND,MI,-0.027974833068326464,0.2549510275678074,0.08519551118612709,1787.0
MCLAREN PORT HURON,MI,0.06567546584677042,0.1145526233679973,0.08522632885526119,1786.0
MCLEOD LORIS SEACOAST HOSPITAL,SC,-0.13865245905889562,0.21530912520550802,0.0029321746468658483,2310.0
MCLEOD MEDICAL CENTER - DARLINGTON,SC,-0.03365060876015073,0.7504748070965488,0.27999955758252915,883.0
MCLEOD MEDICAL CENTER - DILLON,SC,0.2709493533677405,0.2053986496149332,0.24472907186661758,1057.0
MCLEOD REGIONAL MEDICAL CENTER-PEE DEE,SC,-0.13545983523224447,-0.2942544947432145,-0.19897769903663248,3575.0
MCPHERSON HOSPITAL INC,KS,0.19678588432790603,0.19920460237082396,0.1977533715450732,1236.0
MEADE DISTRICT HOSPITAL,KS,-0.18263972067053202,0.06912961024452922,-0.08193198830450751,2887.0
MEADOWLANDS HOSPITAL MEDICAL CENTER,NJ,0.9000144925449063,-0.37064774408722884,0.3917495978920522,467.0
MEADOWS REGIONAL MEDICAL CENTER,GA,-0.08189470214065496,-0.012631813377713135,-0.054189546635478224,2694.0
MEADOWVIEW REGIONAL MEDICAL CENTER,KY,-0.11594935629159919,0.4729814905604536,0.11962298244922193,1612.0
MEADVILLE MEDICAL CENTER,PA,-0.04500216014379854,0.6067729110332138,0.21570786832700642,1165.0
MEASE COUNTRYSIDE HOSPITAL,FL,-0.3089257298136171,0.26486150315838214,-0.07941083662481738,2870.0
MEASE DUNEDIN HOSPITAL,FL,-0.1216251319834234,0.34910054567826837,0.06666513908125331,1905.0
MEDICAL ARTS HOSPITAL,TX,-0.053515823681534666,0.9486843189080456,0.3473642333542975,598.0
MEDICAL CENTER AT ELIZABETH PLACE,OH,-1.126237429436281,0.0,-0.6757424576617685,4132.0
MEDICAL CENTER BARBOUR,AL,0.2087050132807365,0.19920460237082402,0.20490484891677152,1203.0
MEDICAL CENTER ENTERPRISE,AL,-0.15946363659558366,0.6018176732379262,0.14504888733782034,1480.0
MEDICAL CENTER HOSPITAL,TX,0.07560807330746244,0.3003740406912752,0.16551446026098757,1390.0
MEDICAL CENTER OF ALLIANCE,TX,-0.07338103860291896,0.0,-0.04402862316175137,2628.0
MEDICAL CENTER OF ARLINGTON,TX,-0.016268545703939333,-0.24883148161974655,-0.10929372007026222,3069.0
"MEDICAL CENTER OF AURORA, THE",CO,-0.20995439118743517,-0.3727124265019319,-0.27505760531323387,3871.0
MEDICAL CENTER OF LEWISVILLE,TX,-0.1751902650750128,-0.20340846849627855,-0.1864775464435191,3507.0
MEDICAL CENTER OF MANCHESTER,TN,0.46794606800480015,-0.1745029146904354,0.2109664749267059,1178.0
MEDICAL CENTER OF MCKINNEY,TX,-0.008819090108420163,-0.2942544947432146,-0.12299325196233794,3145.0
"MEDICAL CENTER OF PEACH COUNTY, NAVICENT HEALTH",GA,0.4182830307013399,-0.2653489409373712,0.14483024204585543,1481.0
MEDICAL CENTER OF PLANO,TX,-0.12801037963672549,0.007189137803436625,-0.07393057266066064,2833.0
MEDICAL CENTER OF THE ROCKIES,CO,-0.3266625288505673,-0.20753783332568485,-0.2790126506406143,3880.0
MEDICAL CENTER OF TRINITY,FL,-0.059191599373358716,0.47298149056045363,0.15367763660016626,1450.0
MEDICAL CENTER SOUTH ARKANSAS,AR,-0.19008917626605096,0.29211531103246285,0.0027926186533545755,2311.0
"MEDICAL CENTER, NAVICENT HEALTH (THE)",GA,0.06319231398159743,0.03196532677987355,0.05070151910090788,2004.0
MEDICAL CITY DALLAS HOSPITAL,TX,-0.10069570911982222,-0.36032433201371344,-0.2045471582773787,3603.0
MEDICAL COLLEGE OF GA HOSPITALS AND CLINICS,GA,-0.11062831658051436,-0.01758705117300036,-0.07341181041750876,2829.0
MEDICAL COLLEGE OF VIRGINIA HOSPITALS,VA,-0.09572940538947611,-0.28599576508440216,-0.17183594926744655,3431.0
"MEDICAL WEST, AN AFFILIATE OF UAB HEALTH SYSTEM",AL,-0.18973444028531208,0.022054851189298796,-0.10501872369546772,3029.0
MEDICINE LODGE MEMORIAL HOSPITAL,KS,0.23121892352497211,-0.2034084684962785,0.057367966716471874,1953.0
MEDINA HOSPITAL,OH,-0.16277450574914776,0.0418758023704485,-0.08091438250130925,2881.0
MEDINA MEMORIAL HOSPITAL,NY,0.466952807258731,0.13602532048090937,0.33458181254760233,650.0
MEDINA REGIONAL HOSPITAL,TX,0.4927775866565305,-0.058880699467062314,0.27211427220709333,916.0
MEDSTAR GEORGETOWN UNIVERSITY HOSPITAL,DC,0.07702701723041853,0.28963769213481927,0.16207128719217884,1404.0
MEDSTAR WASHINGTON HOSPITAL CENTER,DC,0.06070916211642438,-0.6163449514368965,-0.210112483304904,3628.0
MEEKER MEMORIAL HOSPITAL,MN,-0.1131114684456872,1.171670019695979,0.40080112681097935,440.0
MELISSA MEMORIAL HOSPITAL,CO,0.045810250925386264,0.7504748070965488,0.3276760733938513,681.0
MEMORIAL COMMUNITY HOSPITAL MCH & HEALTH SYSTEM,NE,0.47622324088871043,0.40360816142642963,0.4471772091037981,302.0
MEMORIAL HEALTH CARE SYSTEMS,NE,0.2603545720763355,-0.02378109841710979,0.14670030387895736,1475.0
"MEMORIAL HEALTH UNIV MED CEN, INC",GA,-0.2745163396819338,-0.04649260497884378,-0.18330684580069775,3489.0
MEMORIAL HEALTHCARE,MI,-0.22899188882042834,0.7950719472541354,0.1806336456093972,1306.0
"MEMORIAL HEALTHCARE SYSTEM, INC",TN,-0.4433706665136994,-0.46355845274886787,-0.4514457810077668,4097.0
MEMORIAL HERMANN HOSPITAL SYSTEM,TX,-0.25465112476054963,-0.6411211404133336,-0.4092391310216632,4070.0
MEMORIAL HERMANN KATY HOSPITAL,TX,-0.16419344967210378,0.04683104016573579,-0.07978365373696794,2871.0
MEMORIAL HERMANN MEMORIAL CITY MEDICAL CENTER,TX,-0.3216962251202212,-0.6122155866074904,-0.4379039697151289,4089.0
MEMORIAL HERMANN NORTHEAST,TX,0.3073689140569447,-0.11669180707874893,0.13774462560266726,1519.0
MEMORIAL HERMANN SUGAR LAND HOSPITAL,TX,-0.21811331874443227,-0.03245276455886269,-0.14384909707020443,3276.0
MEMORIAL HERMANN SURGICAL HOSPITAL KINGWOOD,TX,-0.9673157100652072,0.0,-0.5803894260391244,4119.0
MEMORIAL HERMANN TEXAS MEDICAL CENTER,TX,-0.06344843114222685,-0.04649260497884381,-0.05666610067687364,2711.0
MEMORIAL HOSPITAL,IL,0.0049112790284188065,-0.27773703542558975,-0.10814804675318462,3058.0
MEMORIAL HOSPITAL,IN,-0.021731479807320042,0.2549510275678074,0.08894152314273093,1759.0
MEMORIAL HOSPITAL,KS,0.5027101941172225,0.5274891063086153,0.5126217589937796,185.0
MEMORIAL HOSPITAL,KY,0.7728771170480475,-0.3830358385754475,0.31051193479864947,759.0
MEMORIAL HOSPITAL,NE,-0.8216374673083898,1.171670019695979,-0.02431447250664226,2488.0
MEMORIAL HOSPITAL,OH,-0.15118646371167355,0.1341671063076766,-0.037045035703933485,2572.0
MEMORIAL HOSPITAL,OK,0.3686199933978792,-0.44704099343124315,0.04235559866623026,2061.0
MEMORIAL HOSPITAL,PA,-0.07338103860291897,0.3045034055206815,0.07777273904652121,1833.0
MEMORIAL HOSPITAL,TX,0.21797544691071585,0.0319653267798736,0.14357139885837897,1490.0
MEMORIAL HOSPITAL & PHYSICIAN GROUP,OK,0.49774389038687644,-0.4552997230900557,0.11652644499610354,1621.0
MEMORIAL HOSPITAL AND HEALTH CARE CENTER,IN,-0.4877126641060748,0.2004434118196457,-0.21245023373578653,3640.0
MEMORIAL HOSPITAL AND MANOR,GA,-0.11973320675281525,0.3106974527647906,0.05243905705422709,1987.0
MEMORIAL HOSPITAL AT GULFPORT,MS,-0.006335938243247227,-0.11669180707874878,-0.05047828577744785,2669.0
MEMORIAL HOSPITAL JACKSONVILLE,FL,0.2121814258919788,-0.5502751141663977,-0.09280119013137184,2953.0
MEMORIAL HOSPITAL LOS BANOS,CA,0.46794606800480015,-0.08365688844349954,0.24730488542548026,1047.0
MEMORIAL HOSPITAL MIRAMAR,FL,-0.03365060876015042,0.007189137803436552,-0.01731471013471563,2436.0
MEMORIAL HOSPITAL OF CARBON COUNTY,WY,0.5573395351510292,0.15584627166205892,0.39674222975544104,445.0
MEMORIAL HOSPITAL OF CARBONDALE,IL,0.1476194773974802,-0.19514973883746634,0.010511790903501558,2263.0
MEMORIAL HOSPITAL OF CONVERSE COUNTY,WY,-0.2670668840864148,0.09390579922096626,-0.1226778107634624,3142.0
MEMORIAL HOSPITAL OF GARDENA,CA,0.27094935336774034,-0.44373750156771824,-0.014925388606443102,2429.0
MEMORIAL HOSPITAL OF LAFAYETTE COUNTY,WI,-0.7421766076228531,0.6761462401672375,-0.17484746850681687,3450.0
MEMORIAL HOSPITAL OF MARTINSVILLE & HENRY COUNTY,VA,-0.016623281684678335,0.2004434118196458,0.07020339571705134,1883.0
MEMORIAL HOSPITAL OF RHODE ISLAND,RI,-0.10459780490795119,-0.04731847794472499,-0.08168607412266071,2884.0
MEMORIAL HOSPITAL OF SALEM COUNTY,NJ,0.46297976427445414,0.21035388741022057,0.36192941352876074,550.0
MEMORIAL HOSPITAL OF SOUTH BEND,IN,-0.2645837322212417,0.15584627166205914,-0.09641173066792136,2974.0
MEMORIAL HOSPITAL OF TAMPA,FL,0.05243198923251421,-0.1290799015669674,-0.020172767087278436,2459.0
MEMORIAL HOSPITAL OF TEXAS COUNTY AUTHORITY,OK,0.17162327876081931,-0.14972672571399834,0.04308327697089225,2053.0
MEMORIAL HOSPITAL PEMBROKE,FL,0.2510841384463562,-0.11173656928346135,0.10595585535442917,1671.0
MEMORIAL HOSPITAL SWEETWATER COUNTY,WY,0.343788474746149,0.3639662590641305,0.3518595884733416,577.0
MEMORIAL HOSPITAL WEST,FL,-0.1017599170620392,-0.15633370944104816,-0.12358943401364278,3151.0
"MEMORIAL HOSPITAL, INC  TOWANDA",PA,0.7559916843648709,-0.09191561810231184,0.41682876337799774,386.0
"MEMORIAL HOSPITAL, THE",CO,-0.35149404750229757,0.08151770473274766,-0.17828934660827947,3467.0
"MEMORIAL HOSPITAL, THE",NH,-0.12304407590637943,0.21530912520550807,0.012297204538375586,2252.0
MEMORIAL MEDICAL CENTER,CA,-0.10566201285016821,-0.07126879395528085,-0.09190472529221326,2949.0
MEMORIAL MEDICAL CENTER,IL,-0.15532505015362857,0.019577232291655033,-0.08536413717551512,2909.0
MEMORIAL MEDICAL CENTER,PA,0.050776554655732276,-0.21992592781390316,-0.05750443833212191,2720.0
MEMORIAL MEDICAL CENTER,TX,0.4629797642744543,-0.23231402230212192,0.1848622496438238,1287.0
MEMORIAL MEDICAL CENTER,WI,-0.34354796153374384,0.5324443441039025,0.0068489607213147174,2286.0
MEMORIAL MEDICAL CENTER INC,NM,-0.20747123932226214,0.011318502632842694,-0.1199553425402202,3126.0
MEMORIAL MEDICAL CENTER LIVINGSTON,TX,-0.18926145897766,-0.1352739488110767,-0.16766645491102666,3407.0
MEMORIAL MEDICAL CENTER OF EAST TEXAS,TX,-0.26210058035606865,-0.1992791036668724,-0.23697198968039015,3748.0
MEMORIAL MISSION HOSPITAL AND ASHEVILLE SURGERY CE,NC,-0.4433706665136994,-0.14559736088459221,-0.32426134426205655,3978.0
MEMORIAL REGIONAL HOSPITAL,FL,-0.24223536543468446,-0.4511703582606493,-0.3258093625650704,3981.0
MENA REGIONAL HEALTH SYSTEM,AR,0.22857022820212075,0.7256986181201117,0.4274215841693172,354.0
MENDOCINO COAST DISTRICT HOSPITAL,CA,-0.1826397206705319,0.1930105551267146,-0.032379610351633295,2542.0
MENIFEE VALLEY MEDICAL CENTER,CA,0.0713512415385945,0.16575674725263373,0.10911344382421018,1659.0
MENLO PARK SURGICAL HOSPITAL,CA,-0.1131114684456872,0.0,-0.06786688106741232,2794.0
MENNONITE GENERAL HOSPITAL INC,PR,0.125271110610923,-0.14766204329929516,0.01609784904683572,2227.0
MENORAH MEDICAL CENTER,KS,-0.12056092404120637,-0.11669180707874886,-0.11901327725622338,3119.0
MERCER COUNTY JOINT TOWNSHIP COMMUNITY HOSPITAL,OH,-0.26635741212493663,-0.09687085589759925,-0.19856278963400167,3570.0
MERCY ALLEN HOSPITAL,OH,0.02594503600400202,-0.47181718240768017,-0.17315985136067089,3443.0
MERCY FITZGERALD HOSPITAL,PA,0.64838843687404,-0.07209466692116209,0.3601951953559592,555.0
MERCY GENERAL HOSPITAL,CA,-0.053515823681534624,-0.4470409934312432,-0.21092589158141806,3632.0
MERCY GILBERT MEDICAL CENTER,AZ,-0.047840047989710595,0.002233900008149092,-0.027810468790566718,2507.0
MERCY HARVARD HOSPITAL,IL,0.5275417127689528,-0.33967750786668255,0.1806540245146986,1305.0
MERCY HEALTH - WEST HOSPITAL,OH,-0.09076310165913,-0.31903068371965165,-0.18207013448333867,3484.0
MERCY HEALTH LAKESHORE CAMPUS,MI,0.5027101941172225,0.7876390905612045,0.6166817526948154,80.0
MERCY HEALTH LOVE COUNTY,OK,0.0458102509253861,0.6761462401672375,0.29794464662212666,798.0
MERCY HEALTH MUSKEGON,MI,-0.47068533703060256,0.1868165078826054,-0.20768459906531936,3613.0
MERCY HEALTH SYSTEM CORP,WI,-0.12801037963672557,0.08977643439156023,-0.04089565402541125,2603.0
MERCY HOSPITAL,CA,-0.033650608760150594,0.4531605393793038,0.16107385049563117,1410.0
MERCY HOSPITAL,IA,-0.5302809817947551,-0.5296282900193667,-0.5300199050845997,4113.0
MERCY HOSPITAL,KS,0.3437884747461489,0.3292795944971185,0.33798492264653673,641.0
MERCY HOSPITAL,ME,-0.3373046082727374,0.240085314181945,-0.10634863929086442,3040.0
MERCY HOSPITAL,MN,-0.14092276933562514,-0.16978364059968548,-0.15246711784124928,3325.0
MERCY HOSPITAL ADA,OK,-0.09608414137021513,0.17566722284320876,0.012616404315154428,2251.0
MERCY HOSPITAL AND MEDICAL CENTER,IL,0.1025680078436267,-0.5048521010429297,-0.14040003571099585,3254.0
MERCY HOSPITAL ANDERSON,OH,0.003596669217444781,-0.3892298858195568,-0.15353395279735588,3331.0
"MERCY HOSPITAL ARDMORE, INC",OK,-0.019461169530590437,0.2599062653630947,0.09228580442688362,1747.0
MERCY HOSPITAL AURORA,MO,0.37689716628178926,0.0567415157563107,0.24883490607159783,1035.0
MERCY HOSPITAL BERRYVILLE,AR,0.3702754279746612,1.4194319094603502,0.7899380205689368,17.0
MERCY HOSPITAL BOONEVILLE,AR,0.24446240013922832,1.1964462086724164,0.6252559235525036,71.0
MERCY HOSPITAL CARTHAGE,MO,-0.14092276933562503,-0.15798545537281053,-0.14774784375049924,3300.0
MERCY HOSPITAL CASSVILLE,MO,0.21797544691071594,0.2921153110324629,0.24763139255941471,1045.0
MERCY HOSPITAL CLERMONT,OH,-0.05067793583562256,-0.10678133148817395,-0.07311929409664311,2828.0
MERCY HOSPITAL COLUMBUS,KS,0.20473197029645973,1.2955509645781644,0.6410595680091417,63.0
"MERCY HOSPITAL EL RENO, INC",OK,0.5772047500724133,-0.24883148161974655,0.24679025739554936,1050.0
MERCY HOSPITAL FAIRFIELD,OH,-0.0659315830073999,-0.2942544947432145,-0.15726074770172577,3352.0
"MERCY HOSPITAL HEALDTON, INC.",OK,0.06567546584677056,1.1468938307195424,0.49816281179587935,212.0
MERCY HOSPITAL JEFFERSON,MO,0.11037219941988496,-0.41813543962539995,-0.10103085619822903,2998.0
MERCY HOSPITAL JOPLIN,MO,0.0383607953298671,0.015447867462248762,0.029195624182819766,2140.0
MERCY HOSPITAL KINGFISHER,OK,0.5176091053082607,-0.372712426501932,0.16148049258418357,1407.0
MERCY HOSPITAL LEBANON,MO,0.10937893867381572,0.03196532677987368,0.0784134939162389,1828.0
MERCY HOSPITAL LINCOLN,MO,0.453047156813762,-0.2901251299138083,0.1557782421227339,1438.0
"MERCY HOSPITAL LOGAN COUNTY, INC",OK,0.35868738593718713,0.07325897507393542,0.24451602159188643,1059.0
MERCY HOSPITAL NORTHWEST ARKANSAS,AR,-0.15532505015362857,-0.11256244224934263,-0.1382200069919142,3241.0
MERCY HOSPITAL OF BUFFALO,NY,-0.3092804657943561,0.14345817717384038,-0.1281850086070775,3176.0
MERCY HOSPITAL OF DEFIANCE,OH,-0.13297668336707136,0.0753236574886384,-0.04965654702478745,2661.0
MERCY HOSPITAL OF FOLSOM,CA,0.023107148158089976,0.3986529236311423,0.1733254583473109,1345.0
MERCY HOSPITAL OF FRANCISCAN SISTERS-OELWEIN,IA,0.5523732314206831,0.23017483859137022,0.4234938742889579,368.0
MERCY HOSPITAL OF VALLEY CITY,ND,0.2990917411730348,-0.19927910366687243,0.0997434032370719,1703.0
"MERCY HOSPITAL OKLAHOMA CITY, INC",OK,-0.25216797289537657,0.3912200669382113,0.005187243038058592,2299.0
MERCY HOSPITAL SPRINGFIELD,MO,-0.2496848210302035,-0.10430371259053044,-0.19153237765433428,3536.0
MERCY HOSPITAL ST LOUIS,MO,-0.10317886098499521,-0.5709219383134286,-0.2902760919163686,3912.0
MERCY HOSPITAL TISHOMINGO INC,OK,0.34378847474614926,-0.37684179133133827,0.05553636831515424,1967.0
MERCY HOSPITAL TURNER MEMORIAL,AR,0.5623058388813753,-0.3396775078666825,0.20151250018215217,1218.0
MERCY HOSPITAL WALDRON,AR,0.4431145493530701,0.5274891063086152,0.47686437213528815,250.0
MERCY HOSPITAL WASHINGTON,MO,-0.3401424961186494,0.23017483859137022,-0.11201556223464154,3081.0
"MERCY HOSPITAL WATONGA, INC",OK,0.20473197029645973,1.221222397648853,0.6113281412374171,85.0
MERCY HOSPITAL-FORT SCOTT,KS,0.6467330022972582,0.5832355315055985,0.6213340139805943,75.0
MERCY MEDICAL CENTER,CA,-0.013785393838766424,0.3292795944971185,0.12344060149558755,1590.0
MERCY MEDICAL CENTER,ND,-0.11708451142996412,0.04848278609749842,-0.05085759241897911,2675.0
MERCY MEDICAL CENTER,NY,0.1848667553750756,0.11620436929975964,0.1574018009449492,1433.0
MERCY MEDICAL CENTER,OH,-0.2447185172998575,-0.4098767099665876,-0.3107817943665495,3953.0
MERCY MEDICAL CENTER,OR,-0.3571698231941216,0.44325006378872905,-0.037001868400981325,2570.0
MERCY MEDICAL CENTER - CEDAR RAPIDS,IA,-0.16419344967210364,0.012144375598724036,-0.09365831956377256,2960.0
MERCY MEDICAL CENTER MT SHASTA,CA,-0.13297668336707136,0.5956236259938172,0.1584634403772841,1426.0
MERCY MEDICAL CENTER OF OSHKOSH,WI,-0.21811331874443235,0.2698167409536697,-0.022941294865191517,2481.0
MERCY MEDICAL CENTER REDDING,CA,-0.4433706665136994,0.4985835525027719,-0.06658897890711085,2777.0
MERCY MEDICAL CENTER-CENTERVILLE,IA,0.3537210822068411,-0.02584578083181303,0.20189433699137943,1216.0
MERCY MEDICAL CENTER-CLINTON,IA,0.0401344752335623,0.26486150315838203,0.1300252864034902,1557.0
MERCY MEDICAL CENTER-DES MOINES,IA,-0.3291456807157403,-0.2694783057667775,-0.3052787307361552,3939.0
MERCY MEDICAL CENTER-DUBUQUE,IA,-0.10566201285016824,-0.17863227951984148,-0.13485011951803755,3218.0
MERCY MEDICAL CENTER-NEW HAMPTON,IA,0.4133167269709937,-0.06713942912587474,0.22113426453224633,1147.0
MERCY MEDICAL CENTER-NORTH IOWA,IA,-0.3291456807157404,0.044353421268092254,-0.17974603992220733,3474.0
MERCY MEDICAL CENTER-SIOUX CITY,IA,-0.1429092908277635,0.13519944751502813,-0.03166579549064684,2538.0
MERCY MEDICAL CTR,MA,0.04581025092538636,0.38874244804056746,0.1829831297714588,1296.0
MERCY MEMORIAL HOSPITAL,OH,0.5871373575331054,-0.1992791036668724,0.2725707730531142,911.0
MERCY REGIONAL MEDICAL CENTER,CO,-0.37419715026959377,0.08151770473274775,-0.19191120826865715,3538.0
MERCY REGIONAL MEDICAL CENTER,LA,0.042972363079474205,-0.14146799605518592,-0.03080378057438985,2529.0
MERCY REGIONAL MEDICAL CENTER,OH,-0.07338103860291895,-0.5833100328016471,-0.2773526362824102,3875.0
MERCY SAN JUAN MEDICAL CENTER,CA,0.07809122517263548,-0.14972672571399817,-0.013035955182017986,2408.0
MERCY ST ANNE HOSPITAL,OH,-0.1556797861343677,-0.3743641724336944,-0.2431535406540984,3775.0
MERCY ST CHARLES HOSPITAL,OH,-0.20959965520669613,0.22026436300079544,-0.03765404792369949,2579.0
MERCY ST FRANCIS HOSPITAL,MO,0.433181941892378,-0.2240552926433094,0.17028704807810302,1364.0
MERCY ST VINCENT MEDICAL CENTER,OH,-0.011302241973593183,0.011318502632842694,-0.002253944131018832,2339.0
MERCY TIFFIN HOSPITAL,OH,-0.27865492612388876,0.10009984646507558,-0.127153017088303,3171.0
MERCY WALWORTH HOSPITAL & MEDICAL CENTER,WI,-0.005839307870212746,0.23017483859137028,0.08856635071442047,1762.0
MERCY WILLARD HOSPITAL,OH,-0.0972192965085799,-0.40574734513718136,-0.22063051596002048,3670.0
MERIT HEALTH BATESVILLE,MS,0.5722384463420673,-0.3066425892314332,0.22068603211266707,1150.0
MERIT HEALTH BILOXI,MS,-0.050677935835622856,-0.0274975267635754,-0.04140577220680387,2606.0
MERIT HEALTH CENTRAL,MS,0.10043959195919262,-0.15385609054340452,-0.0012786810418462385,2332.0
MERIT HEALTH GILMORE MEMORIAL,MS,0.39543803354174784,0.13107008268562204,0.2896908531992975,839.0
MERIT HEALTH MADISON,MS,0.06567546584677045,-0.01758705117300045,0.032370459038862084,2121.0
MERIT HEALTH NATCHEZ,MS,-0.008109618146942246,0.5225338685133277,0.20414777651716576,1205.0
MERIT HEALTH NATCHEZ-COMMUNITY CAMPUS,MS,0.3239232598247649,0.6203998149702543,0.4425138818829607,317.0
MERIT HEALTH RANKIN,MS,0.7063286470614105,-0.22405529264330956,0.3341750711795225,653.0
MERIT HEALTH RIVER OAKS,MS,-0.050204954527970636,0.2921153110324629,0.08672315169620279,1775.0
MERIT HEALTH RIVER REGION,MS,0.16500154045369142,0.04022405643868591,0.11509054684768921,1629.0
MERIT HEALTH WESLEY,MS,-0.11559462031086025,-0.22405529264330928,-0.15897888924383985,3358.0
MESA VIEW REGIONAL HOSPITAL,NV,-0.16078798425700927,-0.00932832151418809,-0.1002041191598808,2994.0
METHODIST AMBULATORY SURGERY HOSPITAL NW,TX,-1.2652939338859703,0.0,-0.7591763603315822,4156.0
METHODIST CHARLTON MEDICAL CENTER,TX,-0.31176361765952904,-0.07952752361409332,-0.21886918004135475,3663.0
METHODIST DALLAS MEDICAL CENTER,TX,-0.07834734233326493,0.048482786097498363,-0.02761529096095961,2506.0
METHODIST HEALTHCARE - OLIVE BRANCH HOSPITAL,MS,0.6268677873758738,-0.13320926639637362,0.3228369658669748,704.0
METHODIST HEALTHCARE MEMPHIS HOSPITALS,TN,-0.09076310165913004,-0.21992592781390338,-0.1424282321210394,3266.0
METHODIST HOSPITAL,KY,0.03729658738765015,0.2648615031583822,0.12832255369594298,1572.0
METHODIST HOSPITAL,NE,-0.2745163396819338,-0.16624418503162297,-0.23120747782180945,3712.0
METHODIST HOSPITAL,TX,-0.0758641904680919,-0.26121957610796515,-0.1500063447240412,3309.0
METHODIST HOSPITAL FOR SURGERY,TX,-1.3248895786501227,0.0,-0.7949337471900736,4163.0
METHODIST HOSPITAL OF CHICAGO,IL,0.4282156381620319,-0.4470409934312432,0.07811298552472182,1830.0
METHODIST HOSPITAL OF SACRAMENTO,CA,0.020269260312177993,0.2846824543395318,0.12603453792311953,1578.0
METHODIST HOSPITAL OF SOUTHERN CA,CA,-0.2298196061088194,-0.8186838280777993,-0.4653652948964113,4103.0
METHODIST HOSPITAL UNION COUNTY,KY,0.5225754090386066,-0.2075378333256849,0.23053011209288995,1112.0
"METHODIST HOSPITAL,THE",TX,-0.2174038467829542,-0.9425647729599848,-0.5074682172537665,4110.0
METHODIST HOSPITALS INC,IN,0.3711031452630522,-0.4676878175782741,0.03558676012652168,2102.0
METHODIST JENNIE EDMUNDSON,IA,-0.24081642151172852,0.2599062653630948,-0.040527346761799185,2599.0
METHODIST MANSFIELD MEDICAL CENTER,TX,-0.013785393838766459,-0.31077195406083935,-0.1325800179275956,3206.0
METHODIST MCKINNEY HOSPITAL,TX,-1.1957656816611257,0.0,-0.7174594089966754,4141.0
METHODIST MEDICAL CENTER OF ILLINOIS,IL,-0.17270711320983984,-0.1290799015669674,-0.15525622855269086,3344.0
METHODIST MEDICAL CENTER OF OAK RIDGE,TN,-0.0708978867377458,0.052612150926904556,-0.021493871671885656,2470.0
METHODIST RICHARDSON MEDICAL CENTER,TX,-0.19257232813122394,-0.5048521010429297,-0.31748423729590625,3960.0
METHODIST STONE OAK HOSPITAL,TX,-0.16029135388397472,-0.4305235341136184,-0.2683842259758322,3840.0
METHODIST SUGAR LAND HOSPITAL,TX,-0.10566201285016828,-0.6080862217780842,-0.3066316964213347,3945.0
METHODIST WEST HOUSTON HOSPITAL,TX,-0.21740384678295424,-0.20753783332568476,-0.21345744140004644,3643.0
METHODIST WILLOWBROOK HOSPITAL,TX,-0.02620115316463144,-0.5131108307017421,-0.22096502417947572,3672.0
METRO HEALTH HOSPITAL,MI,-0.3713592624236817,0.08647294252803532,-0.1882263804429949,3516.0
METRO NASHVILLE GENERAL HOSPITAL,TN,0.4530471568137621,0.0,0.27182829408825726,919.0
METROHEALTH SYSTEM,OH,0.3125717084411167,0.03196532677987367,0.2003291557766195,1227.0
METROPLEX HOSPITAL,TX,-0.022299057376502316,-0.09687085589759933,-0.05212777678494113,2683.0
METROPOLITAN HOSPITAL,PR,0.6616319134882962,0.2549510275678073,0.4989595591201006,209.0
METROPOLITAN HOSPITAL CENTER,NY,0.6765308246793342,-0.15385609054340443,0.34437605859023873,616.0
METROSOUTH MEDICAL CENTER,IL,0.21218142589197878,-0.5007227362135236,-0.07298023895022218,2826.0
METROWEST MEDICAL CENTER,MA,-0.15284189828845568,-0.08200514251173699,-0.1245071959777682,3161.0
MEYERSDALE MEDICAL CENTER,PA,0.5772047500724135,0.6513700511908005,0.6068708705197683,89.0
MIAMI COUNTY MEDICAL CENTER,KS,-0.12503059739851777,-0.2405727519609342,-0.17124745922348433,3427.0
MIAMI VALLEY HOSPITAL,OH,-0.2993478583336642,-0.6204743162663027,-0.4277984415067196,4082.0
MID COAST HOSPITAL,ME,-0.10743569275386324,0.24999578977251993,0.03553690025669004,2104.0
MID VALLEY HOSPITAL,WA,-0.21243754305260829,0.40360816142642986,0.03398073873900698,2111.0
MID-COLUMBIA MEDICAL CENTER,OR,-0.19824810382304806,0.39369768583585507,0.038530212040513226,2083.0
MIDDLE PARK MEDICAL CENTER,CO,-0.07338103860291896,0.0,-0.04402862316175137,2628.0
MIDDLESBORO APPALACHIAN REGIONAL HEALTHCARE HOSPIT,KY,0.5027101941172225,0.28963769213481927,0.4174811933242612,383.0
MIDDLESEX HOSPITAL,CT,-0.08757047783247891,0.036920564575161,-0.03777406086942294,2580.0
MIDLAND MEMORIAL HOSPITAL,TX,-0.3117636176595292,0.007189137803436459,-0.18418251547434294,3492.0
MIDMICHGAN MEDICAL CENTER - ALPENA,MI,-0.36000771104003354,0.09638341811861008,-0.17745125937657608,3464.0
MIDMICHIGAN MEDICAL CENTER-CLARE,MI,0.04978329390966305,0.34166768898533706,0.16653705193993265,1380.0
MIDMICHIGAN MEDICAL CENTER-GLADWIN,MI,0.47787867546549234,-0.24057275196093417,0.19049810449492172,1267.0
MIDMICHIGAN MEDICAL CENTER-GRATIOT,MI,-0.22946487012808034,0.29954816772539405,-0.01785965498669058,2442.0
MIDMICHIGAN MEDICAL CENTER-MIDLAND,MI,-0.24968482103020367,-0.21166719815509097,-0.2344777718801586,3736.0
MIDSTATE MEDICAL CENTER,CT,-0.05635371152744684,-0.1761546606221978,-0.10427409116534722,3020.0
MIDTOWN MEDICAL CENTER,GA,0.37027542797466134,0.453160539379304,0.4034294725365184,429.0
MIDWEST MEDICAL CENTER,IL,0.18486675537507563,0.9239081299316082,0.48048330519768867,242.0
MIDWEST ORTHOPEDIC SPECIALTY HOSPITAL,WI,-1.2752265413466624,0.0,-0.7651359248079974,4157.0
MIDWEST SURGICAL HOSPITAL LLC,NE,-1.2553613264252783,0.0,-0.753216795855167,4154.0
MIDWESTERN REGION MED CENTER,IL,-0.09324625352430307,0.0,-0.05594775211458184,2706.0
MILAN GENERAL HOSPITAL,TN,0.45304715681376195,-0.05888069946706235,0.2482760143014322,1042.0
MILBANK AREA HOSPITAL/AVERA HEALTH - CAH,SD,-0.08331364606361084,1.7415223661540318,0.6466207588234463,61.0
MILE BLUFF MEDICAL CENTER,WI,0.16500154045369128,0.4469664921351946,0.2777875211262926,888.0
"MILFORD HOSPITAL, INC",CT,-0.005271730301030152,0.20044341181964578,0.07701432654724022,1838.0
MILFORD REGIONAL MEDICAL CENTER,MA,0.16783942829960347,-0.25048322755150904,0.0005103659591584597,2322.0
MILLCREEK COMMUNITY HOSPITAL,PA,0.45106063532162377,-0.2240552926433094,0.18101426413565047,1303.0
MILLE LACS HEALTH SYSTEM,MN,0.37027542797466134,0.34166768898533717,0.35883233237893164,557.0
MILLER COUNTY HOSPITAL,GA,0.4431145493530701,0.9115200354433899,0.630476743789198,66.0
MILLINOCKET REGIONAL HOSPITAL,ME,-0.20846450006833125,0.1434581771738406,-0.06769542917146251,2792.0
MILLS-PENINSULA MEDICAL CENTER,CA,-0.39370762921023905,-0.48007591206649264,-0.42825494235274053,4083.0
MILTON S HERSHEY MEDICAL CENTER,PA,-0.1453924426929365,-0.33141877820787025,-0.21980297689891,3667.0
MIMBRES MEMORIAL HOSPITAL,NM,0.760957988095217,0.32927959449711847,0.5882866306559775,100.0
MINDEN MEDICAL CENTER,LA,-0.18973444028531203,0.3391900700876934,0.02183536386389015,2194.0
MINERAL COMMUNITY HOSPITAL,MT,0.006079821082617859,0.0,0.003647892649570715,2306.0
MINERS' COLFAX MEDICAL CENTER,NM,0.40835042324064774,0.12281135302680951,0.2941347951551124,820.0
MINIDOKA MEMORIAL HOSPITAL,ID,-0.41108969226645004,0.3292795944971185,-0.11494197756102262,3092.0
MINISTRY DOOR COUNTY MEDICAL CENTER,WI,-0.25216797289537657,0.4085633992217172,0.012124575951460936,2254.0
MINISTRY EAGLE RIVER MEMORIAL HOSPITAL,WI,0.4828449791958384,-0.06094538188176532,0.2653288347647969,950.0
MINISTRY SACRED HEART HOSPITAL,WI,0.48284497919583835,-0.0753981587846871,0.2595477240036282,982.0
MINISTRY SAINT JOSEPHS HOSPITAL,WI,0.038360795329867164,-0.1373386312257797,-0.03191897529239158,2540.0
MINISTRY SAINT MARYS HOSPITAL,WI,-0.11878724413751142,0.215309125205508,0.014851303599696344,2239.0
MINISTRY ST MICHAELS HOSPITAL OF STEVENS POINT,WI,-0.03932638445197461,-0.12164704487403626,-0.07225464862079928,2823.0
MINNEOLA DISTRICT HOSPITAL NBR 2,KS,0.5523732314206831,0.5027129173321783,0.5325091057852811,150.0
MINNIE HAMILTON HEALTH CARE CENTER,WV,0.7112949507917565,-0.07539815878468707,0.3966177069611791,446.0
MIRIAM HOSPITAL,RI,-0.02229905737650238,-0.25048322755150904,-0.11357272544650504,3086.0
MISSION COMMUNITY HOSPITAL,CA,-0.16608537490271172,-0.488334641725305,-0.294985081631749,3919.0
MISSION HOSPITAL REGIONAL MED CENTER,CA,-0.2223701505133003,-0.4676878175782741,-0.3204972173392898,3963.0
MISSION REGIONAL MEDICAL CENTER,TX,-0.08757047783247887,-0.4387822637724309,-0.22805519220845968,3701.0
MISSISSIPPI BAPTIST MEDICAL CENTER,MS,-0.046066368086015615,-0.2612195761079652,-0.13212765129479545,3202.0
MISSOURI BAPTIST MEDICAL CENTER,MO,-0.08083049419843796,-0.45942908791946163,-0.23226993168684745,3720.0
MISSOURI BAPTIST SULLIVAN HOSPITAL,MO,0.2692939187909583,-0.09191561810231154,0.12481010403365037,1582.0
MISSOURI DELTA MEDICAL CENTER,MO,-0.13297668336707152,0.29954816772539405,0.040033257069914716,2072.0
MITCHELL COUNTY HOSPITAL,GA,-0.053515823681534846,0.0,-0.032109494208920904,2541.0
MITCHELL COUNTY HOSPITAL DISTRICT,TX,0.48284497919583824,-0.0010695918553758645,0.2892791507753526,841.0
MITCHELL COUNTY HOSPITAL HEALTH SYSTEMS,KS,0.3795458616046405,0.1310700826856219,0.2801555500370331,881.0
MIZELL MEMORIAL HOSPITAL,AL,0.30803108788765754,0.5708474370173802,0.4131576275395466,399.0
MOAB REGIONAL HOSPITAL,UT,-0.7620418225442375,0.4779367283557411,-0.266050402184246,3834.0
MOBERLY REGIONAL MEDICAL CENTER,MO,0.019323297696873843,0.38502601969410205,0.16560438649576514,1388.0
MOBILE INFIRMARY MEDICAL CENTER,AL,0.10292274382436567,-0.1579854553728107,-0.0014405358545048833,2335.0
MOBRIDGE REGIONAL HOSPITAL - CAH,SD,0.448080853083416,0.5027129173321779,0.4699336787829208,259.0
MODOC MEDICAL CENTER,CA,0.06567546584677039,1.122117641743105,0.4882523362053042,232.0
MONADNOCK COMMUNITY HOSPITAL,NH,-0.3415614400416054,0.15584627166205905,-0.1425983553601396,3267.0
MONMOUTH MEDICAL CENTER,NJ,-0.09040836567839099,-0.21084132518920976,-0.1385815494827185,3243.0
MONMOUTH MEDICAL CENTER-SOUTHERN CAMPUS,NJ,0.38682977374248156,-0.15137847164576085,0.17154647558718458,1354.0
MONONGAHELA VALLEY HOSPITAL,PA,0.008917708928529841,-0.29508036770909585,-0.11268152172652045,3082.0
MONONGALIA COUNTY GENERAL HOSPITAL,WV,-0.10317886098499528,-0.2859957650844021,-0.17630562262475802,3457.0
MONROE COUNTY HOSPITAL,AL,0.3477615177304257,0.3726379252058832,0.35771208072060867,562.0
MONROE COUNTY HOSPITAL,GA,0.3702754279746612,0.6885343346554562,0.4975789906469792,213.0
MONROE COUNTY HOSPITAL,IA,0.25770587675348416,0.6513700511908006,0.4151715465284107,393.0
MONROE COUNTY MEDICAL CENTER,KY,0.780823203016601,0.19920460237082382,0.5481757627582902,134.0
MONROE HOSPITAL,IN,-0.1965453711155008,-0.29012512991380834,-0.23397727463482382,3733.0
MONROE SURGICAL HOSPITAL,LA,-0.27203318781676084,0.0,-0.1632199126900565,3376.0
MONTCLAIR HOSPITAL MEDICAL CENTER,CA,0.5176091053082608,-0.3396775078666825,0.17469446003828343,1337.0
MONTEFIORE MEDICAL CENTER,NY,0.11285535128505793,-0.8434600170542362,-0.26967079605065974,3848.0
MONTEFIORE MOUNT VERNON HOSPITAL,NY,0.47489889322728474,0.13107008268562187,0.3373673690106196,646.0
MONTEFIORE NEW ROCHELLE HOSPITAL,NY,0.1621636526077796,0.10629389370918493,0.1398157490483417,1508.0
MONTEREY PARK HOSPITAL,CA,0.6169351799151815,-0.1992791036668724,0.2904494664823599,835.0
MONTGOMERY COUNTY MEMORIAL HOSPITAL,IA,0.29611195893482717,0.30945864331596884,0.30145063268728384,781.0
"MONTGOMERY GENERAL HOSPITAL, INC",WV,0.39014064289604544,-0.29838385957262065,0.11473084190857898,1633.0
MONTROSE MEMORIAL HOSPITAL,CO,-0.37703503811550565,0.31441388111125645,-0.1004554704248008,2995.0
MOREHEAD MEMORIAL HOSPITAL,NC,0.3173015215176367,0.18557769843378355,0.26461199228409543,954.0
MOREHOUSE GENERAL HOSPITAL,LA,0.3358423887775953,0.5770414842614893,0.4323220269711529,336.0
MORGAN COUNTY ARH HOSPITAL,KY,0.5424406239599908,-0.25709021127855886,0.2226282898645709,1141.0
MORGAN MEMORIAL HOSPITAL,GA,0.19479936283576751,1.5680890433189725,0.7441152350290495,29.0
MORRILL COUNTY COMMUNITY HOSPITAL,NE,0.04581025092538627,1.0973414527666676,0.4664227316618988,268.0
MORRIS COUNTY HOSPITAL,KS,0.3487547784764952,-0.0919156181023117,0.17248661984497243,1352.0
MORRIS HOSPITAL & HEALTHCARE CENTERS,IL,-0.1727071132098398,0.28468245433953177,0.010248713809908827,2267.0
MORRISON COMMUNITY HOSPITAL,IL,-0.09324625352430307,0.0,-0.05594775211458184,2706.0
MORRISTOWN HAMBLEN HOSPITAL ASSOCIATION,TN,-0.013785393838766234,0.48784720394631587,0.18686764527526661,1280.0
MORRISTOWN MEDICAL CENTER,NJ,-0.16774080947949377,-0.6617679645603645,-0.36535167151184206,4039.0
MORROW COUNTY HOSPITAL,OH,0.5623058388813751,-0.1332092663963735,0.28409979677027564,869.0
MORTON COUNTY HOSPITAL,KS,0.5672721426117211,0.10629389370918492,0.38288084305070663,491.0
MORTON GENERAL HOSPITAL,WA,0.025945036004001984,0.04435342126809205,0.033308390109638014,2115.0
MORTON HOSPITAL,MA,0.06283757800085839,0.056741515756310645,0.060399153103039296,1932.0
MORTON PLANT HOSPITAL,FL,-0.2099543911874352,-0.26534894093737127,-0.23211221108740965,3718.0
MORTON PLANT NORTH BAY HOSPITAL,FL,0.11391955922727483,0.03692056457516104,0.08311996136642931,1802.0
MOSAIC LIFE CARE AT ST JOSEPH,MO,-0.3341119844460863,-0.5254989251899608,-0.4106667607436361,4071.0
"MOSES H CONE MEMORIAL HOSPITAL, THE",NC,-0.39370762921023894,-0.27773703542559,-0.3473193916963793,4012.0
MOSES TAYLOR HOSPITAL,PA,-0.09608414137021508,0.41351863701700464,0.10775696998467281,1665.0
MOSES-LUDINGTON HOSPITAL,NY,0.43649281104594184,0.6389819567025817,0.5174884693085977,178.0
MOTHER FRANCES HOSPITAL,TX,-0.2819657952774528,-0.15385609054340424,-0.23072191338383335,3709.0
MOTHER FRANCES HOSPITAL JACKSONVILLE,TX,0.5325080164992989,0.06500024541512313,0.3455049080656286,608.0
MOTION PICTURE & TELEVISION HOSPITAL,CA,0.1054058956895388,0.502712917332178,0.2643287043465945,956.0
MOUNDVIEW MEMORIAL HOSPITAL AND CLINICS,WI,0.11202763399666683,1.072565263790231,0.49624268591409254,216.0
MOUNT AUBURN HOSPITAL,MA,-0.20250493559191618,-0.6328624107545213,-0.37464792565695826,4046.0
MOUNT CARMEL NEW ALBANY SURGICAL HOSPITAL,OH,-1.6129351950101933,0.0,-0.967761117006116,4184.0
MOUNT CARMEL ST ANN'S,OH,0.0032419332367058357,0.0815177047327477,0.03455224183512259,2109.0
MOUNT CARMEL WEST,OH,0.006079821082617863,-0.05062196980824992,-0.016600895273729252,2432.0
MOUNT DESERT ISLAND HOSPITAL,ME,0.002106778098340989,-0.3809711561607443,-0.15112439560529312,3319.0
MOUNT GRANT GENERAL HOSPITAL,NV,0.8404188477807538,-0.10017434776112405,0.46418156956400264,273.0
MOUNT NITTANY MEDICAL CENTER,PA,-0.06202948721927082,0.05674151575631079,-0.01452108602903817,2423.0
MOUNT PLEASANT HOSPITAL,SC,0.16500154045369128,-0.07952752361409327,0.06718991482657746,1900.0
MOUNT SINAI HOSPITAL,NY,0.00607982108261787,-0.6948028831956138,-0.2742732606286748,3868.0
MOUNT SINAI MEDICAL CENTER,FL,0.020978732273655987,-0.9219179488129537,-0.3561799401609879,4027.0
MOUNT ST MARY'S HOSPITAL AND  HEALTH CENTER,NY,-0.24649219720355248,0.0765624669374603,-0.11727033154714736,3110.0
MOUNTAIN LAKES MEDICAL CENTER,GA,0.41828303070134,-0.20753783332568476,0.16795468509053005,1376.0
MOUNTAIN VIEW HOSPITAL,ID,-1.3745526159535832,0.0,-0.8247315695721499,4170.0
MOUNTAIN VIEW HOSPITAL,UT,-0.17270711320983986,0.16575674725263373,-0.037321569024850426,2575.0
MOUNTAIN VIEW REGIONAL HOSPITAL,WY,-1.2454287189645858,0.0,-0.7472572313787514,4151.0
MOUNTAIN VIEW REGIONAL MEDICAL CENTER,NM,-0.016268545703939485,-0.24883148161974658,-0.10929372007026233,3070.0
"MOUNTAIN VISTA MEDICAL CENTER, LP",AZ,-0.03861691249049668,-0.18689100917865378,-0.09792655116575952,2980.0
MOUNTAIN WEST MEDICAL CENTER,UT,-0.11708451142996398,0.47793672835574097,0.120923984484318,1603.0
MOUNTAINS COMMUNITY HOSPITAL,CA,0.09547328822884674,0.502712917332178,0.2583691398701793,988.0
MOUNTAINVIEW HOSPITAL,NV,-0.006335938243247283,-0.327289413378464,-0.13471732829733396,3217.0
MOUNTAINVIEW MEDICAL CENTER,MT,-0.01378539383876626,1.0973414527666676,0.4306653448034073,344.0
MOUNTRAIL COUNTY MEDICAL CENTER,ND,-0.053515823681534846,0.0,-0.032109494208920904,2541.0
MT ASCUTNEY HOSPITAL,VT,0.3835189045889174,-0.09191561810231175,0.19334509551242574,1256.0
MT SAN RAFAEL HOSPITAL,CO,0.6368003948365659,-0.2570902112785589,0.279244152390516,884.0
MT SINAI HOSPITAL MEDICAL CENTER,IL,0.3570319513604054,0.08647294252803508,0.24880834782745725,1036.0
MT. GRAHAM REGIONAL MEDICAL CENTER,AZ,-0.06543495263436519,0.3375383241559309,0.09575435808175325,1729.0
MULESHOE AREA MEDICAL CENTER,TX,0.5076764978475686,0.5398772007968338,0.5205567790272747,172.0
MULTICARE AUBURN MEDICAL CENTER,WA,-0.3032499541217931,0.24504055197723243,-0.0839337516821829,2898.0
MULTICARE GOOD SAMARITAN HOSPITAL,WA,-0.1102735805997753,-0.0820051425117369,-0.09896620536455994,2986.0
MUNCY VALLEY HOSPITAL,PA,0.5225754090386068,-0.2157965629844971,0.22722662022936518,1125.0
MUNICIPAL HOSPITAL AND GRANITE MANOR,MN,0.5772047500724132,-0.2818664002549961,0.23357628994144947,1107.0
MUNISING MEMORIAL HOSPITAL,MI,-0.0038527863780743743,1.171670019695979,0.466356336051547,269.0
MUNROE REGIONAL MEDICAL CENTER,FL,-0.10566201285016819,0.0319653267798736,-0.05061107699815147,2670.0
MUNSON HEALTHCARE CADILLAC HOSPITAL,MI,-0.11878724413751121,-0.017587051173000433,-0.0783071669517069,2859.0
MUNSON HEALTHCARE CHARLEVOIX HOSPITAL,MI,-0.17270711320983984,0.29624467586186926,0.014873602418843807,2238.0
MUNSON HEALTHCARE GRAYLING HOSPITAL,MI,-0.15284189828845565,0.031965326779873536,-0.07891900826112397,2863.0
MUNSON MEDICAL CENTER,MI,-0.3986739329405849,-0.33967750786668255,-0.37507536291102395,4048.0
MURPHY MEDICAL CENTER INC,NC,-0.13865245905889537,0.1954881740243584,-0.004996205825593847,2357.0
MURRAY COUNTY MEMORIAL HOSPITAL,MN,-0.6759592245515726,0.8248033740258602,-0.07565418512059946,2841.0
MURRAY MEDICAL CENTER,GA,0.10540589568953891,-0.07539815878468716,0.033084273899848485,2116.0
MURRAY-CALLOWAY COUNTY HOSPITAL,KY,-0.05635371152744671,0.6315491000096507,0.21880741308739227,1156.0
MUSC MEDICAL CENTER,SC,-0.023718001299458502,-0.21992592781390327,-0.10220117190523642,3006.0
MUSCOGEE (CREEK) NATION MEDICAL CENTER,OK,0.7361264694434868,0.07325897507393535,0.47097947169566623,257.0
MYRTUE MEDICAL CENTER,IA,0.12924415359519972,0.19301055512671464,0.15475071420780567,1445.0
N Y EYE AND EAR INFIRMARY,NY,-0.09324625352430307,0.0,-0.05594775211458184,2706.0
NACOGDOCHES MEDICAL CENTER,TX,0.04297236307947418,0.5274891063086151,0.23677906037113056,1094.0
NANTICOKE MEMORIAL HOSPITAL,DE,-0.18122077674757592,0.031965326779873605,-0.0959463353365961,2969.0
NANTUCKET COTTAGE HOSPITAL,MA,-0.10317886098499532,0.527489106308615,0.14908832593244883,1465.0
NAPLES COMMUNITY HOSPITAL,FL,-0.4309549071878343,-0.25296084644915273,-0.35975728289236164,4032.0
NASH GENERAL HOSPITAL,NC,0.2671655029065244,0.38874244804056746,0.3157962809601416,737.0
NASHOBA VALLEY MEDICAL CENTER,MA,0.006079821082617789,0.09142818032332249,0.040219164778899676,2070.0
NASON HOSPITAL,PA,-0.286932099007799,0.8124152795376415,0.15280685241037725,1454.0
NASSAU UNIVERSITY MEDICAL CENTER,NY,0.6583210443347319,0.8347138496164348,0.7288781664474131,32.0
NATCHITOCHES REGIONAL MEDICAL CENTER,LA,-0.28527666443101696,-0.19102037400806005,-0.24757414826183421,3794.0
NATHAN LITTAUER HOSPITAL,NY,0.0855406807681546,0.24999578977251988,0.1513227243699007,1459.0
NATIONAL PARK MEDICAL CENTER,AR,0.08802383263332762,0.12281135302680972,0.10193884079072046,1690.0
NATIVIDAD MEDICAL CENTER,CA,-0.05351582368153472,-0.0010695918553758066,-0.032537330951071156,2544.0
NAVARRO REGIONAL HOSPITAL,TX,-0.21574841220617236,0.3639662590641305,0.016137456301948794,2226.0
NAZARETH HOSPITAL,PA,0.054323914463122215,-0.06713942912587459,0.005738577027523492,2296.0
NEA BAPTIST MEMORIAL HOSPITAL,AR,-0.04358321622084254,-0.236443387131528,-0.12072728458511672,3134.0
NEBRASKA ORTHOPAEDIC HOSPITAL,NE,-1.5235417278639647,0.0,-0.9141250367183787,4181.0
"NEBRASKA SPINE HOSPITAL, LLC",NE,-0.510415766873371,0.0,-0.3062494601240226,3942.0
NELL J REDFIELD MEMORIAL HOSPITAL,ID,0.20473197029645973,1.023012885837357,0.5320443365128187,152.0
NELSON COUNTY HEALTH SYSTEM,ND,-0.09324625352430307,0.0,-0.05594775211458184,2706.0
NEMAHA COUNTY HOSPITAL,NE,-0.023718001299458495,0.3788319724499925,0.1373019882003219,1523.0
NEMAHA VALLEY COMMUNITY HOSPITAL,KS,-0.05351582368153467,0.37883197244999267,0.11942329477107629,1613.0
NEOSHO MEMORIAL REGIONAL MEDICAL CENTER,KS,0.5623058388813751,0.06912961024452918,0.36503534742663674,541.0
NESHOBA COUNTY GENERAL HOSPITAL,MS,0.38351890458891746,0.2239807913472611,0.3197036592922549,724.0
NESS COUNTY HOSPITAL DISTRICT #2,KS,-0.03365060876015055,0.4036081614264297,0.14125289931448157,1500.0
NEVADA REGIONAL MEDICAL CENTER,MO,0.5225754090386067,0.015447867462248984,0.31972439240806355,722.0
NEW ENGLAND BAPTIST HOSPITAL,MA,-0.2720331878167608,0.019577232291655033,-0.15538901977339445,3346.0
NEW HANOVER REGIONAL MEDICAL CENTER,NC,-0.21988699864812727,-0.0010695918553758805,-0.13236003593102671,3204.0
NEW LONDON HOSPITAL,NH,0.01005286406689474,0.1124879409532942,0.051026894821454526,2001.0
NEW ORLEANS EAST HOSPITAL,LA,-0.053515823681534846,0.0,-0.032109494208920904,2541.0
NEW ULM MEDICAL CENTER,MN,-0.22095120659034434,0.07656246693746041,-0.10194573717922244,3005.0
"NEW YORK COMMUNITY HOSPITAL OF BROOKLYN, INC.",NY,0.5722384463420672,-0.11669180707874868,0.29666634497374084,804.0
NEW YORK METHODIST HOSPITAL,NY,0.2717770706561314,-0.5750513031428348,-0.06695427886345512,2784.0
NEW YORK-PRESBYTERIAN HOSPITAL,NY,0.020978732273656125,-0.905400489495329,-0.34957295643393793,4016.0
NEW YORK-PRESBYTERIAN/HUDSON VALLEY HOSPITAL,NY,0.1877046432209875,0.061696753551598205,0.13730148735323178,1524.0
NEW YORK-PRESBYTERIAN/QUEENS,NY,0.13272056620644215,-0.37684179133133816,-0.07110437680867,2814.0
NEWARK BETH ISRAEL MEDICAL CENTER,NJ,0.22459718521784386,-0.4222648044548061,-0.03414761065121613,2555.0
NEWARK-WAYNE COMMUNITY HOSPITAL,NY,0.2018940824505476,0.09638341811860998,0.15968981671777255,1421.0
NEWBERRY COUNTY MEMORIAL HOSPITAL,SC,-0.2058158047454802,0.22398079134726107,-0.033897166308383686,2553.0
NEWMAN MEMORIAL HOSPITAL,OK,0.49608845581009464,0.502712917332178,0.498738240418928,210.0
NEWMAN REGIONAL HEALTH,KS,-0.16135556182619185,0.2698167409536696,0.011113359285752744,2259.0
NEWPORT COMMUNITY HOSPITAL,WA,0.4960884558100944,0.04435342126809222,0.31539444199329353,741.0
NEWPORT HOSPITAL,RI,-0.2777089635085847,-0.2009308495986349,-0.2469977179446048,3790.0
NEWTON MEDICAL CENTER,KS,-0.3458182718104735,-0.17615466062219792,-0.27795282733516324,3877.0
NEWTON MEDICAL CENTER,NJ,-0.05351582368153474,0.4135186370170045,0.13329796059788096,1541.0
NEWTON-WELLESLEY HOSPITAL,MA,-0.2209512065903443,-0.4090508370007064,-0.29619105875448914,3921.0
NIAGARA FALLS MEMORIAL MEDICAL CENTER,NY,0.5374743202296448,0.30945864331596884,0.4462680494641744,306.0
NICHOLAS H NOYES MEMORIAL HOSPITAL,NY,-0.045569737712980986,0.1971399199561207,0.0515141253546597,1995.0
NIX HEALTH CARE SYSTEM,TX,-0.20959965520669613,-0.1464232338504734,-0.18432908666420703,3494.0
NOBLE HOSPITAL,MA,-0.15615276744201959,0.013383185047545793,-0.08833838644619343,2923.0
NOCONA GENERAL HOSPITAL,TX,0.651699306027604,0.07325897507393538,0.4203231736461365,377.0
NOR-LEA HOSPITAL DISTRICT,NM,0.333855867285457,-0.05888069946706237,0.17676124058444925,1330.0
NORMAN REGIONAL HOSPITAL AUTHORITY,OK,-0.19505547999639702,-0.2901251299138084,-0.23308333996336159,3728.0
NORTH ARKANSAS REGIONAL MEDICAL CENTER,AR,-0.18689655243939982,0.4531605393793039,0.0691262842880817,1889.0
NORTH AUSTIN MEDICAL CENTER,TX,-0.06841473487257282,-0.302513224402027,-0.1620541306843545,3373.0
NORTH BALDWIN INFIRMARY,AL,0.44708759233734696,0.49651887008806866,0.4668601034376356,266.0
NORTH BIG HORN HOSPITAL DISTRICT,WY,-0.11311146844568737,1.4689842874132237,0.5197268338978771,173.0
NORTH CADDO MEDICAL CENTER,LA,0.8006884179379854,-0.18276164434924771,0.40730839302309213,417.0
NORTH CANYON MEDICAL CENTER,ID,0.4033841195103016,-0.2240552926433096,0.15240835464885713,1455.0
NORTH CAROLINA BAPTIST HOSPITAL,NC,-0.09076310165913007,-0.3561949671843072,-0.19693584786920093,3560.0
NORTH CAROLINA SPECIALTY HOSPITAL,NC,-1.3348221861108147,0.0,-0.8008933116664888,4165.0
NORTH CENTRAL BRONX HOSPITAL,NY,0.7857895067469471,0.03196532677987374,0.48425983476011775,239.0
NORTH CENTRAL SURGICAL CENTER LLP,TX,-1.3149569711894307,0.0,-0.7889741827136584,4162.0
NORTH COLORADO MEDICAL CENTER,CO,-0.2819657952774528,-0.24883148161974675,-0.26871206981437035,3843.0
NORTH COUNTRY HOSPITAL AND HEALTH CENTER,VT,-0.07007016944935485,0.30945864331596884,0.08174135565677464,1808.0
NORTH CYPRESS MEDICAL CENTER,TX,0.011046124812963881,-0.5131108307017421,-0.19861665739291853,3571.0
NORTH FLORIDA REGIONAL MEDICAL CENTER,FL,0.27674337438647745,-0.3851005209901505,0.01200581623582625,2255.0
NORTH GEORGIA MEDICAL CENTER,GA,0.7460590769041789,0.23843356825018236,0.5430088734425803,138.0
NORTH HAWAII COMMUNITY HOSPITAL,HI,-0.1607879842570093,0.34579705381474324,0.04184603097169173,2065.0
NORTH HILLS HOSPITAL,TX,-0.2596174284908956,-0.17450291469043533,-0.22557162297071148,3687.0
NORTH KANSAS CITY HOSPITAL,MO,-0.19753863186157009,-0.35619496718430727,-0.2610011659906649,3822.0
NORTH LOGAN MERCY HOSPITAL,AR,-0.09324625352430307,1.8406271220597799,0.6803030967093302,47.0
NORTH MEMORIAL MEDICAL CENTER,MN,-0.2819657952774529,-0.24883148161974647,-0.26871206981437035,3843.0
NORTH METRO MEDICAL CENTER,AR,0.5871373575331054,0.27146848688543196,0.460869809274036,279.0
NORTH MISSISSIPPI MEDICAL CENTER,MS,-0.07089788673774583,-0.054751334637656135,-0.06443926589770996,2760.0
NORTH OAK REGIONAL MEDICAL CENTER,MS,0.6020362687241435,-0.29012512991380834,0.24517170926896273,1056.0
"NORTH OAKS MEDICAL CENTER, L L C",LA,-0.12552722777155234,-0.3025132244020268,-0.19632162642374212,3558.0
NORTH OKALOOSA MEDICAL CENTER,FL,0.30074717574981663,0.1459357960714842,0.23882262387848363,1082.0
NORTH OTTAWA COMMUNITY HEALTH SYSTEM,MI,-0.33493970173447735,0.3974141141823204,-0.04199817536775824,2611.0
NORTH RUNNELS HOSPITAL,TX,0.006079821082617859,0.0,0.003647892649570715,2306.0
NORTH SHORE MEDICAL CENTER,FL,0.6587940256423842,-0.2034084684962787,0.313913027986919,748.0
NORTH SHORE MEDICAL CENTER,MA,-0.26706688408641477,-0.723708437001457,-0.44972350525243165,4096.0
NORTH SHORE UNIVERSITY HOSPITAL,NY,0.07560807330746253,-0.5172401955311482,-0.16153123422798177,3369.0
NORTH SUBURBAN MEDICAL CENTER,CO,-0.1443282347507196,0.3639662590641305,0.05898956277522045,1941.0
NORTH SUNFLOWER MEDICAL CENTER CAH,MS,0.5970699649937974,-0.0010695918553757326,0.3578141422541281,561.0
NORTH TEXAS MEDICAL CENTER,TX,0.33385586728545696,-0.00932832151418809,0.19658219176559893,1241.0
NORTH VALLEY HEALTH CENTER,MN,0.006079821082617859,0.0,0.003647892649570715,2306.0
NORTH VALLEY HOSPITAL,MT,-0.19257232813122405,0.18062246063849607,-0.043294412623336,2626.0
NORTH VALLEY HOSPITAL,WA,0.14513632553230726,-0.0795275236140931,0.05527078587374711,1972.0
NORTH VISTA HOSPITAL,NV,0.017431372466265933,-0.08200514251173693,-0.022343233524935217,2474.0
NORTHBAY MEDICAL CENTER,CA,-0.11062831658051417,-0.19102037400806002,-0.1427851395515325,3269.0
NORTHCREST MEDICAL CENTER,TN,0.014593484620353925,0.2846824543395319,0.12262907250802511,1595.0
NORTHEAST ALABAMA REGIONAL MED CENTER,AL,-0.16525765761432082,-0.16211482020221687,-0.16400052264947923,3382.0
"NORTHEAST GEORGIA MEDICAL CENTER, INC",GA,-0.2472016691650305,-0.2323140223021218,-0.24124661041986703,3769.0
NORTHEAST REGIONAL MEDICAL CENTER,MO,-0.06675930029579087,0.14098055827619665,0.01633664313300414,2225.0
NORTHEASTERN HEALTH SYSTEM,OK,-0.16774080947949382,-0.3479362375254949,-0.23981898069789426,3762.0
NORTHEASTERN NEVADA REGIONAL HOSPITAL,NV,-0.06486737506518284,0.2103538874102205,0.0452211299249785,2039.0
NORTHEASTERN VERMONT REGIONAL HOSPITAL,VT,-0.2852766644310169,0.7108329047342494,0.11316716323508966,1637.0
NORTHERN COCHISE COMMUNITY HOSPITAL,AZ,0.2577058767534843,-0.5131108307017422,-0.050620806228606346,2671.0
NORTHERN DUTCHESS HOSPITAL,NY,-0.18689655243939993,0.37883197244999267,0.03939485751635713,2075.0
NORTHERN HOSPITAL OF SURRY COUNTY,NC,-0.14953102913489166,-0.0485572873935467,-0.10914153243835369,3068.0
NORTHERN INYO HOSPITAL,CA,-0.1568149412727325,0.31689150000889993,0.03266763523992049,2120.0
NORTHERN LOUISIANA MEDICAL CENTER,LA,0.07135124153859447,0.27972721654424443,0.15470163154085445,1446.0
NORTHERN MAINE MEDICAL CENTER,ME,-0.4541309912627825,0.11124913150447217,-0.22797894215588063,3700.0
NORTHERN MONTANA HOSPITAL,MT,0.0855406807681545,0.2549510275678073,0.1533048194880156,1452.0
NORTHERN NAVAJO MEDICAL CENTER,NM,0.25770587675348416,0.36644387796177397,0.30120107723680006,782.0
NORTHERN NEVADA MEDICAL CENTER,NV,-0.0421642722978866,0.3540557834735556,0.11632375001069029,1623.0
NORTHERN ROCKIES MEDICAL CENTER,MT,-0.013785393838766438,1.642417610248284,0.6486958077960537,60.0
NORTHERN WESTCHESTER HOSPITAL,NY,-0.04500216014379869,-0.1910203740080602,-0.1034094456895033,3016.0
NORTHFIELD HOSPITAL,MN,-0.13694972635134833,-0.19102037400806016,-0.15857798541403306,3355.0
NORTHRIDGE HOSPITAL MEDICAL CENTER,CA,-0.10814516471534119,-0.4387822637724308,-0.24040000433817704,3766.0
NORTHRIDGE MEDICAL CENTER,GA,0.5583327958970983,0.2983093582765722,0.4543234208488878,293.0
NORTHSIDE HOSPITAL,FL,0.13272056620644196,-0.2199259278139033,-0.008338031401696158,2381.0
NORTHSIDE HOSPITAL,GA,-0.21811331874443232,0.2004434118196457,-0.05069062651880109,2674.0
NORTHSIDE HOSPITAL CHEROKEE,GA,-0.2464921972035525,0.33919007008769336,-0.012219290287054124,2404.0
NORTHSIDE HOSPITAL FORSYTH,GA,-0.15284189828845568,0.5423548196944773,0.1252367889047175,1580.0
NORTHSIDE MEDICAL CENTER,GA,-1.2056982891218175,0.0,-0.7234189734730905,4142.0
NORTHSIDE MEDICAL CENTER,OH,-0.03613376062532364,-0.4222648044548061,-0.19058617815711662,3532.0
NORTHWEST COMMUNITY HOSPITAL 1,IL,-0.3514940475022975,-0.025845780831812954,-0.22123474083410366,3673.0
NORTHWEST FLORIDA COMMUNITY HOSPITAL,FL,0.3636536896675333,0.18888119029730865,0.29374468991944347,824.0
NORTHWEST HILLS SURGICAL HOSPITAL,TX,-1.255361326425278,0.0,-0.7532167958551669,4153.0
NORTHWEST HOSPITAL,WA,-0.3373046082727374,0.03196532677987366,-0.18959663425169299,3520.0
NORTHWEST MEDICAL CENTER,AL,0.2762467440134428,-0.054751334637656135,0.1438475125530032,1487.0
NORTHWEST MEDICAL CENTER,AZ,-0.23478590983916536,0.056741515756310756,-0.1181749396009749,3114.0
NORTHWEST MEDICAL CENTER,FL,0.5112238576549588,-0.4305235341136185,0.1345249009475279,1536.0
NORTHWEST MEDICAL CENTER,MO,0.5871373575331055,-0.2405727519609342,0.25605331373548956,1003.0
NORTHWEST MEDICAL CENTER-SPRINGDALE,AR,-0.011302241973593252,0.16410500132087133,0.05886065534419259,1942.0
NORTHWEST MISSISSIPPI REGIONAL MEDICAL CENTER,MS,0.5854819229563234,0.12611484489033453,0.4017350917299279,434.0
NORTHWEST SPECIALTY HOSPITAL,ID,-1.2255635040432016,0.0,-0.7353381024259209,4146.0
NORTHWEST SURGICAL HOSPITAL,OK,-1.2950917562680464,0.0,-0.7770550537608278,4159.0
NORTHWEST TEXAS HOSPITAL,TX,-0.3663929586933356,-0.17037354986102912,-0.287985195160413,3905.0
NORTHWEST TEXAS SURGERY CENTER,TX,-2.2585546799551794,0.0,-1.3551328079731075,4191.0
NORTHWESTERN LAKE FOREST HOSPITAL,IL,-0.20676176736078414,-0.18606513621277262,-0.19848311490157955,3569.0
NORTHWESTERN MEDICAL CENTER INC,VT,-0.047840047989710546,0.4382948259934416,0.1466139016035503,1476.0
NORTHWESTERN MEMORIAL HOSPITAL,IL,-0.12801037963672535,-1.1655504737479185,-0.5430264172812026,4115.0
NORTHWOOD DEACONESS HEALTH CENTER,ND,-0.1528418982884558,1.4194319094603498,0.4760676248110665,252.0
NORTON COMMUNITY HOSPITAL,VA,0.2365163141706744,-0.13155752046461106,0.0892867803165602,1755.0
NORTON COUNTY HOSPITAL,KS,0.0060798210826180366,0.9486843189080456,0.3831216202127891,486.0
NORTON HOSPITAL/NORTON MEDICAL PAVILIONS/KOSAIR CH,KY,-0.031167456894977415,-0.33554814303727637,-0.152919731351897,3329.0
NORTON SOUND REGIONAL HOSPITAL,AK,-0.033650608760150545,0.4531605393793041,0.16107385049563133,1409.0
NORWALK HOSPITAL ASSOCIATION,CT,-0.15851767398027963,-0.30499084329967063,-0.21710694170803602,3658.0
NORWEGIAN-AMERICAN HOSPITAL,IL,0.5821710538027592,-0.08572157085820249,0.31501400393837453,743.0
NORWOOD HOSPITAL,MA,-0.08189470214065493,0.022054851189298896,-0.040314880808673396,2597.0
NOVANT HEALTH BRUNSWICK MEDICAL CENTER,NC,0.2245971852178438,0.07656246693746036,0.16538329790569042,1392.0
NOVANT HEALTH FORSYTH MEDICAL CENTER,NC,-0.18760602440087798,-0.16624418503162283,-0.17906128865317592,3470.0
NOVANT HEALTH HUNTERSVILLE MEDICAL CENTER,NC,-0.09324625352430305,-0.0671394291258746,-0.08280352376493166,2890.0
NOVANT HEALTH MATTHEWS MEDICAL CENTER,NC,-0.3060878419677051,0.11620436929975972,-0.13717095746071917,3232.0
NOVANT HEALTH MEDICAL PARK HOSPITAL,NC,-0.27203318781676084,0.0,-0.1632199126900565,3376.0
NOVANT HEALTH PRESBYTERIAN MEDICAL CENTER,NC,-0.18512287253570495,-0.2529608464491528,-0.21225806210108408,3638.0
NOVANT HEALTH ROWAN MEDICAL CENTER,NC,-0.12730090767524743,0.40360816142642963,0.08506271996542342,1788.0
NOVANT HEALTH THOMASVILLE MEDICAL CENTER,NC,-0.23892449628112045,0.9301021771757176,0.22868617310161482,1115.0
NOVANT HEALTH UVA  PRINCE WILLIAM MEDICAL CENTER,VA,-0.05635371152744682,0.834713849616435,0.300073312930106,789.0
NOVANT HEALTH UVA HEALTH HAYMARKET MEDICAL CENTER,VA,0.5722384463420672,0.06500024541512296,0.3693431659712895,531.0
NOVATO COMMUNITY HOSPITAL,CA,-0.20581580474548009,-0.1538560905434044,-0.1850319190646498,3497.0
NYACK HOSPITAL,NY,0.16783942829960338,-0.042363240149437625,0.08375836091998698,1794.0
NYU HOSPITALS CENTER,NY,-0.20995439118743525,-1.087092541989201,-0.5608096515081415,4118.0
O'CONNOR HOSPITAL,CA,-0.04216427229788649,0.3738767346547052,0.12425213048315022,1585.0
O'CONNOR HOSPITAL,NY,0.5374743202296449,-0.07952752361409338,0.2906735826921496,834.0
OAK HILL HOSPITAL,FL,-0.008819090108420288,0.07738833990334155,0.02566388189628445,2163.0
OAK VALLEY HOSPITAL DISTRICT,CA,-0.005839307870212629,0.2735331693001351,0.10590968299792647,1672.0
OAKBEND MEDICAL CENTER,TX,0.25439500759992006,-0.07209466692116206,0.1237991377914872,1587.0
OAKDALE COMMUNITY HOSPITAL,LA,0.5374743202296449,-0.13320926639637365,0.2692008855792375,935.0
OAKES COMMUNITY HOSPITAL,ND,0.4729123717351462,0.04848278609749817,0.303140537480087,777.0
OAKLAND MERCY HOSPITAL,NE,-0.06344843114222673,1.2955509645781644,0.4801513271459298,244.0
OAKLAND REGIONAL HOSPITAL,MI,-2.2386894650337954,0.0,-1.343213679020277,4190.0
OAKLAWN HOSPITAL,MI,-0.39453534649863004,-0.08696038030702438,-0.2715053600219878,3855.0
OAKLEAF SURGICAL HOSPITAL,WI,-1.2156308965825096,0.0,-0.7293785379495057,4144.0
OCALA REGIONAL MEDICAL CENTER,FL,0.023461884138828992,0.2838565813736506,0.12761976303275763,1574.0
OCEAN BEACH HOSPITAL,WA,0.40338411951030145,0.2136573792737454,0.327493423415679,684.0
OCEAN MEDICAL CENTER,NJ,-0.18122077674757603,0.04683104016573588,-0.09000004998225125,2933.0
OCH REGIONAL MEDICAL CENTER,MS,-0.08662451521717503,0.6080117204820357,0.19122997906250924,1264.0
OCHSNER MEDICAL CENTER,LA,0.1178216550154039,-0.3851005209901504,-0.08334721538681783,2894.0
OCHSNER MEDICAL CENTER - BATON ROUGE,LA,-0.25465112476054963,-0.4057473451371814,-0.31508961291120235,3957.0
"OCHSNER MEDICAL CENTER - NORTHSHORE, L L C",LA,0.48615584834940245,-0.01263181337771313,0.2866407836585562,857.0
OCHSNER MEDICAL CENTER KENNER,LA,-0.036488496606062536,0.31936911890654374,0.10585454959897998,1673.0
OCHSNER ST ANNE GENERAL HOSPITAL,LA,0.5176091053082608,-0.11669180707874889,0.2638887403534569,960.0
OCONEE REGIONAL MEDICAL CENTER,GA,-0.15284189828845565,-0.2219906102286064,-0.18050138306451596,3476.0
OCONOMOWOC MEMORIAL HOSPITAL,WI,-0.17838288890166393,0.22521960079608278,-0.01694189302256524,2434.0
ODESSA REGIONAL MEDICAL CENTER,TX,-0.26706688408641466,-0.21579656298449723,-0.2465587556456477,3788.0
OGALLALA COMMUNITY HOSPITAL,NE,0.48781128292618436,0.08151770473274782,0.32529385164880975,695.0
OGDEN REGIONAL MEDICAL CENTER,UT,-0.21243754305260826,-0.18689100917865398,-0.20221892950302656,3595.0
OHIO COUNTY HOSPITAL,KY,0.5821710538027594,0.03196532677987355,0.362088762993605,549.0
OHIO STATE UNIVERSITY HOSPITALS,OH,-0.14787559455810956,-0.55853384382521,-0.31213889426494973,3955.0
OHIO VALLEY GENERAL HOSPITAL,PA,-0.0574888666658115,-0.13320926639637345,-0.08777702655803629,2921.0
OHIO VALLEY MEDICAL CENTER,WV,-0.0024338424551182242,0.36892149685941794,0.14610829327069624,1477.0
"OHIO VALLEY MEDICAL CENTER, LLC",OH,-1.255361326425278,0.0,-0.7532167958551669,4153.0
OHIOHEALTH MANSFIELD HOSPITAL,OH,0.0060798210826178145,-0.0051989566847820134,0.0015683099756578834,2315.0
OHIOHEALTH O'BLENESS HOSPITAL,OH,0.08156763778387768,-0.4140060747959938,-0.11666184724807091,3105.0
OHIOHEALTH SHELBY HOSPITAL,OH,-0.19257232813122396,-0.14972672571399803,-0.1754340871643336,3453.0
OHSU HOSPITAL AND CLINICS,OR,-0.2124375430526082,-0.3107719540608392,-0.2517713074559006,3806.0
OJAI VALLEY COMMUNITY HOSPITAL,CA,0.15837980214656322,0.3664438779617742,0.24160543247264762,1067.0
OKEENE MUNICIPAL HOSPITAL,OK,-0.04358321622084261,0.8248033740258602,0.30377141987783857,775.0
OKLAHOMA CENTER FOR ORTHOPAEDIC & MULTI-SP,OK,-1.225563504043202,0.0,-0.7353381024259212,4148.0
OKLAHOMA HEART HOSPITAL,OK,-0.13865245905889548,-0.55853384382521,-0.3066050129654213,3944.0
"OKLAHOMA HEART HOSPITAL SOUTH, LLC",OK,0.01459348462035391,-0.4842052768958988,-0.1849260199861472,3495.0
OKLAHOMA SPINE HOSPITAL,OK,-0.23230275797399225,0.0,-0.13938165478439535,3247.0
OKLAHOMA STATE UNIVERSITY MEDICAL CENTER,OK,0.03091133973434807,-0.1868910091786539,-0.05620959983085272,2709.0
"OKLAHOMA SURGICAL HOSPITAL, LLC",OK,-1.5136091204032724,0.0,-0.9081654722419634,4179.0
OLATHE MEDICAL CENTER,KS,-0.05351582368153464,0.07738833990334164,-0.0011541582475841222,2331.0
OLEAN GENERAL HOSPITAL,NY,-0.10175991706203917,0.16575674725263378,0.005246748663830014,2298.0
OLMSTED MEDICAL CENTER,MN,-0.2819657952774529,1.171670019695979,0.2994885307119199,792.0
OLYMPIA MEDICAL CENTER,CA,0.16500154045369136,-0.5923946354263406,-0.13795692989832148,3239.0
OLYMPIC MEDICAL CENTER,WA,-0.2663574121249368,0.5671310086709145,0.06703795619340372,1903.0
ONECORE HEALTH,OK,-0.9673157100652073,0.0,-0.5803894260391244,4119.0
ONEIDA HEALTHCARE,NY,-0.11311146844568716,0.3375383241559309,0.06714844859496008,1901.0
ONSLOW MEMORIAL HOSPITAL,NC,0.006079821082617898,0.1162043692997596,0.05012964036947458,2007.0
OPELOUSAS GENERAL HEALTH SYSTEM,LA,-0.32595305688908927,0.38874244804056746,-0.040074854917226566,2593.0
ORANGE CITY AREA HEALTH SYSTEM,IA,-0.09721929650857997,0.015447867462248882,-0.052152430920248426,2684.0
ORANGE COAST MEMORIAL MEDICAL CENTER,CA,-0.10566201285016819,-0.513110830701742,-0.26864153999079776,3842.0
ORANGE COUNTY GLOBAL MEDICAL CENTER,CA,0.214664577757152,0.7702957582776985,0.4369170499653706,325.0
ORANGE PARK MEDICAL CENTER,FL,0.0035966692174449755,-0.17450291469043522,-0.06764316434570711,2790.0
ORANGE REGIONAL MEDICAL CENTER,NY,0.3409505869002371,0.056741515756310756,0.2272669584426666,1124.0
ORCHARD HOSPITAL,CA,0.7410927731738327,-0.01758705117300045,0.43762084343509944,322.0
ORLANDO HEALTH,FL,-0.17022396134466677,-0.27773703542558986,-0.21322919097703602,3641.0
ORO VALLEY HOSPITAL,AZ,-0.17838288890166387,-0.1117365692834615,-0.15172436105438292,3322.0
OROVILLE HOSPITAL,CA,0.45446610073671806,-0.6964546291273764,-0.005902191208919716,2364.0
ORTHOCOLORADO HOSPITAL AT ST ANTHONY MED CAMPUS,CO,-1.3050243637287386,0.0,-0.7830146182372432,4161.0
ORTHOINDY HOSPITAL,IN,-1.6427330173922698,0.0,-0.9856398104353619,4185.0
ORTHOPAEDIC HOSPITAL AT PARKVIEW NORTH LLC,IN,-1.354687401032199,0.0,-0.8128124406193193,4167.0
ORTHOPAEDIC HOSPITAL OF WISCONSIN,WI,-1.3348221861108147,0.0,-0.8008933116664888,4165.0
ORTONVILLE AREA HEALTH SERVICES,MN,-0.053515823681534846,0.9239081299316082,0.3374537577637224,645.0
OSBORNE COUNTY MEMORIAL HOSPITAL,KS,-0.013785393838766258,0.8248033740258602,0.3216501133070844,708.0
OSCEOLA COMMUNITY HOSPITAL,IA,0.4331819418923777,-0.025845780831812954,0.24957085280270142,1030.0
OSCEOLA REGIONAL MEDICAL CENTER,FL,0.3214401079595918,-0.48007591206649264,0.0008336999491580233,2318.0
OSF HOLY FAMILY MEDICAL CENTER,IL,0.3090243486337267,-0.1414679960551859,0.12882741075816165,1567.0
OSF SAINT ANTHONY'S HEALTH CENTER,IL,0.22175929737193195,0.3738767346547052,0.28260627228504126,874.0
OSF SAINT LUKES MEDICAL CENTER,IL,0.5225754090386068,-0.1084330774199364,0.27017201445518946,929.0
OSF SAINT PAUL MEDICAL CENTER,IL,-0.1885992851469471,-0.05888069946706239,-0.1367118508749932,3230.0
OSMOND GENERAL HOSPITAL,NE,-0.023718001299458488,1.5185366653660985,0.5931838653667644,97.0
OSS ORTHOPAEDIC HOSPITAL,PA,-1.255361326425278,0.0,-0.7532167958551669,4153.0
OSWEGO COMMUNITY HOSPITAL,KS,-0.053515823681534846,0.0,-0.032109494208920904,2541.0
OSWEGO HOSPITAL,NY,0.19054253106689958,-0.012631813377713108,0.10927279328905451,1656.0
OTHELLO COMMUNITY HOSPITAL,WA,-0.1131114684456872,0.0,-0.06786688106741232,2794.0
OTSEGO MEMORIAL HOSPITAL,MI,-0.2985201410452731,0.4234291126075795,-0.009740439584132038,2386.0
OTTAWA COUNTY HEALTH CENTER,KS,0.0160124285433101,1.2955509645781644,0.5278278429572519,159.0
OTTAWA REGIONAL HOSPITAL & HEALTHCARE CENTER,IL,-0.05351582368153466,0.5225338685133278,0.17690405319641037,1329.0
OTTO KAISER MEMORIAL HOSPITAL,TX,0.2974363065962525,-0.2281846574727157,0.08718792096866518,1770.0
OTTUMWA REGIONAL HEALTH CENTER,IA,-0.20392387951487215,0.0914281803233226,-0.08578305557959423,2913.0
OU MEDICAL CENTER,OK,0.006079821082617858,0.25990626536309475,0.10761039879480862,1666.0
OUACHITA COMMUNITY HOSPITAL,LA,-2.318150324719332,0.0,-1.3908901948315993,4192.0
OUACHITA COUNTY MEDICAL CENTER,AR,-0.2554788420489406,0.5089069645762874,0.050275480601150585,2006.0
OUR LADY OF BELLEFONTE HOSPITAL,KY,0.10824378353545072,-0.00767657558242564,0.061875639888300166,1925.0
OUR LADY OF FATIMA HOSPITAL,RI,0.0912164564599787,0.06665199134688546,0.0813906704147414,1810.0
OUR LADY OF LOURDES MEDICAL CENTER,NJ,-0.13297668336707136,-0.5254989251899606,-0.28998558009622705,3910.0
"OUR LADY OF LOURDES MEMORIAL HOSPITAL, INC",NY,0.2501381758310522,0.502712917332178,0.35116807243150255,581.0
"OUR LADY OF LOURDES REGIONAL MEDICAL CENTER, INC",LA,-0.17767341694018593,-0.07126879395528084,-0.13511156774622388,3220.0
OUR LADY OF THE ANGELS HOSPITAL,LA,0.5474069276903369,0.23017483859137008,0.4205140920507502,376.0
OUR LADY OF THE LAKE REGIONAL MEDICAL CENTER,LA,-0.25961742849089564,0.048482786097498475,-0.136377342655538,3227.0
OUR LADY OF VICTORY HOSPITAL,WI,0.33882217101580314,-0.24057275196093428,0.10706420182510817,1668.0
OVERLAKE HOSPITAL MEDICAL CENTER,WA,-0.18512287253570497,-0.08778625327290558,-0.14618822483058522,3290.0
OVERLAND PARK REG MED CTR,KS,-0.08189470214065506,0.0666519913468855,-0.022476024745638833,2476.0
OVERLOOK MEDICAL CENTER,NJ,-0.2862226270463208,0.02701008898458615,-0.160929540633958,3365.0
OWATONNA HOSPITAL,MN,0.10871676484310282,0.08151770473274772,0.09783714079896078,1719.0
OWENSBORO HEALTH MUHLENBERG COMMUNITY HOSPITAL,KY,-0.021731479807320042,0.03196532677987368,-0.0002527571724425526,2327.0
OWENSBORO HEALTH REGIONAL HOSPITAL,KY,-0.22485330237847337,-0.23231402230212175,-0.22783759034793272,3699.0
OZARK HEALTH,AR,-0.07338103860291897,0.02370659712106134,-0.03454598431332685,2558.0
OZARKS COMMUNITY HOSPITAL,MO,0.2643276150606124,1.023012885837357,0.5678017233713103,119.0
OZARKS COMMUNITY HOSPITAL OF GRAVETTE,AR,0.49608845581009464,0.21778674410315182,0.3847677711273175,482.0
OZARKS MEDICAL CENTER,MO,-0.16419344967210367,0.9090424165457461,0.26510089681503624,951.0
P & S SURGICAL HOSPITAL,LA,-1.2354961115038938,0.0,-0.7412976669023362,4149.0
P H S INDIAN HOSP AT BELCOURT-QUENTIN N BURDICK,ND,0.08554068076815452,0.8743557519787342,0.4010667092523864,438.0
P H S INDIAN HOSPITAL AT BROWNING - BLACKFEET,MT,0.19811023198933161,0.05674151575631059,0.1415627454961232,1499.0
P H S INDIAN HOSPITAL CROW / NORTHERN CHEYENNE,MT,-0.03365060876015038,0.0,-0.020190365256090227,2460.0
PACIFIC ALLIANCE MEDICAL CENTER,CA,0.21665109924929013,-0.45117035826064933,-0.05047748375468569,2668.0
PACIFICA HOSPITAL OF THE VALLEY,CA,0.6417666985669119,-0.11669180707874897,0.33838329630864755,638.0
PAGE HOSPITAL,AZ,-0.0038527863780743743,0.0,-0.0023116718268446244,2341.0
"PAGE MEMORIAL HOSPITAL, INC",VA,0.42324933443168583,-0.1745029146904352,0.18414843478283743,1290.0
PAGOSA SPRINGS MEDICAL CENTER,CO,0.025945036004001977,1.1468938307195424,0.4743245538902182,253.0
PALESTINE REGIONAL MEDICAL CENTER,TX,-0.13297668336707136,0.12115960709504706,-0.031322167182223984,2534.0
PALI MOMI MEDICAL CENTER,HI,0.3570319513604052,0.3193691189065436,0.34196681837886056,623.0
PALISADES MEDICAL CENTER,NJ,0.8271753711664976,-0.017587051173000558,0.48927040223069834,229.0
PALM BAY HOSPITAL,FL,0.07986490507633048,0.06169675355159816,0.07259764446643756,1866.0
PALM BEACH GARDENS MEDICAL CENTER,FL,-0.10069570911982223,-0.5750513031428347,-0.29043794672902723,3913.0
PALMDALE REGIONAL MEDICAL CENTER,CA,0.014593484620353916,0.07656246693746034,0.03938107754719649,2076.0
PALMERTON HOSPITAL,PA,0.0060798210826177946,0.012144375598723934,0.00850564288906025,2279.0
PALMETTO GENERAL HOSPITAL,FL,0.0557428583860782,-0.29425449474321447,-0.08425608286563888,2902.0
PALMETTO HEALTH BAPTIST,SC,-0.08189470214065496,0.40360816142642975,0.11230644328617892,1642.0
PALMETTO HEALTH BAPTIST PARKRIDGE,SC,-0.013785393838766447,-0.257090211278559,-0.11110732081468348,3076.0
PALMETTO HEALTH RICHLAND,SC,-0.1329766833670714,-0.2653489409373713,-0.18592558639519136,3503.0
PALMETTO HEALTH TUOMEY HOSPITAL,SC,0.06567546584677046,0.15089103386677158,0.09976169305477091,1702.0
PALMS OF PASADENA HOSPITAL,FL,-0.039326384451974485,0.2599062653630947,0.0803666754740532,1818.0
PALMS WEST HOSPITAL,FL,0.15364998907004332,-0.0572289535352999,0.06929841202790601,1888.0
PALO ALTO COUNTY HOSPITAL,IA,0.3934515120496096,-0.257090211278559,0.13323482271834214,1542.0
PALO PINTO GENERAL HOSPITAL,TX,0.6268677873758736,0.37883197244999267,0.5276534614055212,160.0
PALO VERDE HOSPITAL,CA,0.4100058578174295,0.08151770473274766,0.27861059658355675,886.0
PALOMAR HEALTH DOWNTOWN CAMPUS,CA,-0.2546511247605496,-0.07126879395528085,-0.18129819243844209,3480.0
PALOS COMMUNITY HOSPITAL,IL,-0.1379429870974174,-0.7402258963190819,-0.3788561507860832,4051.0
PAMPA REGIONAL MEDICAL CENTER,TX,-0.29189840273814494,-0.037408002354150136,-0.19010224258454703,3529.0
PANA COMMUNITY HOSPITAL,IL,0.5623058388813753,-0.2901251299138083,0.22133345136330185,1146.0
PARADISE VALLEY HOSPITAL,CA,0.2742602225213044,-0.26039370314208393,0.06039865225594904,1933.0
PARIS COMMUNITY HOSPITAL,IL,-0.03762365174442728,-0.05062196980824993,-0.042822978969956335,2622.0
PARIS REGIONAL MEDICAL CENTER,TX,-0.20498808745708919,0.015447867462248984,-0.11681370548935392,3106.0
PARK CITY MEDICAL CENTER,UT,-0.7819070374656216,0.8743557519787342,-0.11940192168787922,3122.0
PARK NICOLLET METHODIST HOSPITAL,MN,-0.23726906170433842,-0.4552997230900555,-0.32448132625862525,3979.0
PARK PLACE SURGICAL HOSPITAL,LA,-1.2652939338859701,0.0,-0.7591763603315821,4155.0
PARK PLAZA HOSPITAL,TX,-0.22095120659034434,-0.24057275196093428,-0.22879982473858032,3705.0
PARK RIDGE HEALTH,NC,-0.23230275797399239,0.3491005456782682,0.0002585634869118614,2324.0
PARKER ADVENTIST HOSPITAL,CO,-0.1698692253639278,-0.1216470448740363,-0.1505803531679712,3316.0
PARKLAND HEALTH AND HOSPITAL SYSTEM,TX,-0.05067793583562256,-0.06713942912587459,-0.057262533151723374,2718.0
PARKLAND HEALTH CENTER,MO,-0.19588319728478812,0.09638341811860988,-0.07897655112342891,2864.0
PARKLAND HEALTH CENTER - WEBER ROAD,MO,-0.02967756577587366,-0.03410451049062529,-0.03144834366177431,2536.0
PARKLAND MEDICAL CENTER,NH,0.025945036004002085,0.2103538874102206,0.0997085765664895,1704.0
PARKRIDGE MEDICAL CENTER,TN,-0.3390782881764324,-0.06301006429646845,-0.2286509986244468,3704.0
PARKVIEW COMMUNITY HOSPITAL MEDICAL CENTER,CA,-0.05351582368153474,0.046831040165735825,-0.013377078142626512,2410.0
PARKVIEW HOSPITAL,TX,0.0160124285433101,0.8495795630022972,0.34943928232690497,589.0
PARKVIEW HUNTINGTON HOSPITAL,IN,-0.22237015051330034,-0.12907990156696741,-0.18505405093476715,3498.0
PARKVIEW LAGRANGE HOSPITAL,IN,0.33882217101580325,-0.16624418503162308,0.1367956285968327,1527.0
PARKVIEW MEDICAL CENTER INC,CO,-0.4086065404012771,-0.24057275196093422,-0.3413930250251399,4001.0
PARKVIEW NOBLE HOSPITAL,IN,-0.19588319728478798,0.007189137803436524,-0.11465426324949818,3091.0
PARKVIEW REGIONAL HOSPITAL,TX,0.45304715681376195,-0.017587051173000492,0.264793473619057,953.0
PARKVIEW REGIONAL MEDICAL CENTER,IN,-0.3341119844460864,-0.0919156181023117,-0.23723343790857654,3750.0
"PARKVIEW WABASH HOSPITAL, INC",IN,-0.013785393838766157,0.23843356825018236,0.08710219099681325,1772.0
PARKVIEW WHITLEY HOSPITAL,IN,0.47291237173514616,0.23843356825018258,0.3791208503411607,503.0
PARKWEST MEDICAL CENTER,TN,-0.20002178372674306,0.023706597121061195,-0.11053043138762136,3072.0
PARMA COMMUNITY GENERAL HOSPITAL,OH,-0.22485330237847329,-0.45117035826064944,-0.31538012473134375,3958.0
PARRISH MEDICAL CENTER,FL,-0.300412066275881,0.19053293622907094,-0.10403406527390023,3019.0
PASSAVANT AREA HOSPITAL,IL,-0.24223536543468446,0.5832355315055985,0.08795299334142873,1765.0
PATIENTS' HOSPITAL OF REDDING,CA,-0.23230275797399225,0.0,-0.13938165478439535,3247.0
PAUL B HALL REGIONAL MEDICAL CENTER,KY,0.5186023660543299,0.08647294252803517,0.34575059664381197,603.0
PAULDING COUNTY HOSPITAL,OH,0.547406927690337,-0.017587051173000575,0.321409336145002,711.0
PAULS VALLEY HOSPITAL AUTHORITY,OK,0.5126428015779146,-0.09191561810231175,0.27081943370582406,923.0
PAWNEE VALLEY COMMUNITY HOSPITAL,KS,0.5225754090386069,-0.09191561810231164,0.2767789981822395,891.0
PEACE HARBOR MEDICAL CENTER,OR,-0.19588319728478806,0.43457839764697603,0.056301440687917606,1959.0
PEACEHEALTH COTTAGE GROVE COMMUNITY MEDICAL CENTER,OR,0.29743630659625253,-0.06713942912587478,0.1516060123074016,1457.0
PEACEHEALTH KETCHIKAN MEDICAL CENTER,AK,-0.35149404750229746,-0.32728941337846396,-0.34181219385276407,4002.0
PEACEHEALTH PEACE ISLAND MEDICAL CENTER,WA,-0.003852786378074201,0.0,-0.0023116718268445203,2340.0
PEACEHEALTH SOUTHWEST MEDICAL CENTER,WA,-0.07338103860291889,0.04435342126809224,-0.026287254654514435,2495.0
PEACEHEALTH UNITED GENERAL MEDICAL CENTER,WA,0.5970699649937974,0.11455262336799728,0.4040630283434773,427.0
PEACHEALTH ST JOHN MEDICAL CENTER,WA,-0.28054685135449686,0.3689214968594178,-0.02075951206893098,2468.0
PEARL RIVER COUNTY HOSPITAL,MS,0.1650015404536915,1.0973414527666676,0.537937505378882,142.0
PEARLAND MEDICAL CENTER,TX,-0.07338103860291896,0.0,-0.04402862316175137,2628.0
PECONIC BAY MEDICAL CENTER,NY,-0.03081272091423848,0.215309125205508,0.06763601753366011,1897.0
PECOS COUNTY MEMORIAL HOSPITAL,TX,0.7758568992862551,-0.07539815878468699,0.43535487605787826,328.0
PEKIN MEMORIAL HOSPITAL,IL,0.1621636526077793,0.09638341811860997,0.13585155881211156,1529.0
PELHAM MEDICAL CENTER,SC,-0.199194066438352,-0.19102037400806,-0.1959245894662352,3556.0
PELLA REGIONAL HEALTH CENTER,IA,-0.401157084805758,0.0877117519768571,-0.20560955009271198,3607.0
PEMBINA COUNTY MEMORIAL HOSPITAL,ND,0.08554068076815445,-0.09191561810231169,0.014558161219967988,2241.0
PEMISCOT COUNTY MEMORIAL HOSPITAL,MO,0.9993405671518272,-0.06713942912587467,0.5727485686407464,113.0
PENDER COMMUNITY HOSPITAL,NE,0.5722384463420673,-0.2653489409373713,0.23720349143029185,1091.0
PENDER MEMORIAL HOSPITAL,NC,0.5970699649937976,0.048482786097498266,0.3776350934352779,507.0
PENN HIGHLANDS BROOKVILLE,PA,0.38682977374248145,0.17071198504792112,0.3003826582646573,787.0
PENN HIGHLANDS DUBOIS,PA,-0.15284189828845568,-0.47594654723708646,-0.282083757867908,3889.0
PENN PRESBYTERIAN MEDICAL CENTER,PA,-0.18512287253570495,-0.603956856948678,-0.35265646630089414,4020.0
PENNSYLVANIA HOSPITAL,PA,-0.0013696345129012022,-0.5213695603605544,-0.2093696048519625,3621.0
PENOBSCOT BAY MEDICAL CENTER,ME,-0.18405866459348794,0.19053293622907091,-0.034222024264464385,2557.0
PENOBSCOT VALLEY HOSPITAL,ME,0.4550336783059006,0.1855776984337835,0.34725128635705377,599.0
PERHAM HEALTH,MN,0.46297976427445414,-0.05475133463765616,0.25588732470961,1004.0
PERKINS COUNTY HEALTH SERVICES,NE,0.025945036004001977,1.6919699882011578,0.6923550168828644,41.0
PERMIAN REGIONAL MEDICAL CENTER ANDREWS COUNTY HO,TX,0.22459718521784375,0.05674151575631048,0.15745491743323042,1431.0
PERRY COMMUNITY HOSPITAL,TN,0.6268677873758737,-0.3479362375254948,0.23694617741532628,1092.0
PERRY COUNTY GENERAL HOSP,MS,0.25108413844635613,0.5522652952850521,0.37155660118183453,521.0
PERRY COUNTY MEMORIAL HOSPITAL,IN,0.2603545720763353,0.04435342126809208,0.17395411175303802,1340.0
PERRY COUNTY MEMORIAL HOSPITAL,MO,-0.08530016755574951,-0.3149013188902455,-0.1771406280895479,3463.0
PERRY HOSPITAL,GA,-0.0177584368230433,-0.1414679960551859,-0.06724226051590033,2787.0
PERRY MEMORIAL HOSPITAL,IL,0.16102849746941444,0.47298149056045363,0.2858096947058301,866.0
PERRY MEMORIAL HOSPITAL AUTHORITY,OK,0.6715645209489881,0.056741515756310666,0.42563531887191713,361.0
PERSHING MEMORIAL HOSPITAL,MO,0.5573395351510291,-0.17450291469043536,0.2646025552144433,955.0
PERSON MEMORIAL HOSPITAL,NC,-0.09324625352430312,0.25990626536309475,0.04801475403065603,2024.0
PETALUMA VALLEY HOSPITAL,CA,-0.2777089635085847,0.06665199134688565,-0.13996458156639657,3251.0
PETERSON REGIONAL MEDICAL CENTER,TX,-0.23797853366581645,0.7504748070965488,0.1574028026391297,1432.0
PHELPS COUNTY REGIONAL MEDICAL CENTER,MO,-0.1868965524393999,0.3689214968594178,0.035430667280127184,2105.0
PHELPS MEMORIAL HEALTH CENTER,NE,-0.09324625352430309,0.3292795944971184,0.07576408568426551,1845.0
PHELPS MEMORIAL HOSPITAL ASSN,NY,-0.0904083656783911,0.2450405519772325,0.04377120138385835,2051.0
PHILLIPS COUNTY HEALTH SYSTEMS,KS,-0.053515823681534846,1.3946557204839132,0.5257527939846444,161.0
PHILLIPS COUNTY MEDICAL CENTER,MT,0.12527111061092294,0.7256986181201118,0.3654421136145985,538.0
PHOEBE PUTNEY MEMORIAL HOSPITAL,GA,0.08057437703780855,0.2673391220560258,0.15528027504509545,1441.0
PHOEBE SUMTER MEDICAL CENTER,GA,-0.13959842167419942,0.41847387481229203,0.08363049692039719,1799.0
PHOEBE WORTH MEDICAL CENTER,GA,0.5871373575331055,0.8991319409551717,0.711935190901932,39.0
PHOENIX INDIAN MEDICAL CENTER,AZ,-0.04358321622084278,0.8743557519787342,0.323592371058988,700.0
PHOENIXVILLE HOSPITAL,PA,-0.20995439118743514,-0.21166719815509097,-0.21063951397449748,3630.0
PHS INDIAN HOSPITAL AT EAGLE BUTTE,SD,-0.1131114684456872,0.0,-0.06786688106741232,2794.0
PHS INDIAN HOSPITAL AT ROSEBUD,SD,0.0458102509253861,0.37883197244999267,0.17901893953522874,1312.0
PHYSICIAN'S CARE SURGICAL HOSPITAL,PA,-1.1063722145148969,0.0,-0.6638233287089381,4129.0
"PHYSICIANS CENTRE,THE",TX,-1.2056982891218178,0.0,-0.7234189734730906,4143.0
PHYSICIANS MEDICAL CENTER,LA,-2.2585546799551794,0.0,-1.3551328079731075,4191.0
PHYSICIANS REGIONAL MEDICAL CENTER - PINE RIDGE,FL,-0.22378909443625633,0.2698167409536695,-0.026346760280286013,2496.0
PHYSICIANS' MEDICAL CENTER LLC,IN,-1.2056982891218175,0.0,-0.7234189734730905,4142.0
PHYSICIANS' SPECIALTY HOSPITAL,AR,-0.8878548503796705,0.0,-0.5327129102278023,4114.0
PICKENS COUNTY MEDICAL CENTER,AL,0.6020362687241436,0.25495102756780724,0.4632021722616091,275.0
PIEDMONT FAYETTE HOSPITAL,GA,-0.019461169530590523,0.1261148448903345,0.038769236237779496,2082.0
PIEDMONT HENRY HOSPITAL,GA,0.12527111061092297,0.8446243252070097,0.41301239644935767,400.0
PIEDMONT HOSPITAL,GA,-0.20747123932226225,-0.6576385997309583,-0.38753818348574065,4055.0
PIEDMONT MEDICAL CENTER,SC,0.03339449159952097,0.4449018097204917,0.19799741884790928,1235.0
PIEDMONT MOUNTAINSIDE HOSPITAL INC,GA,0.08554068076815442,0.2115926968590425,0.13596148720450965,1528.0
"PIEDMONT NEWNAN HOSPITAL, INC",GA,-0.0620294872192707,0.09142818032332256,-0.0006464202022333915,2330.0
PIEDMONT NEWTON HOSPITAL,GA,0.0032419332367057724,0.765340520482411,0.3080813681349879,765.0
PIGGOTT COMMUNITY HOSPITAL,AR,0.7311601657131408,-0.21579656298449712,0.3523774742340856,576.0
PIH HOSPITAL - DOWNEY,CA,-0.2237890944362563,-0.3594984590478323,-0.2780728402808867,3879.0
PIKE COUNTY MEMORIAL HOSPITAL,MO,0.6665982172186421,-0.07539815878468707,0.3697996668173104,528.0
PIKES PEAK REGIONAL HOSPITAL,CO,-0.43592121091818026,-0.35206560235490103,-0.4023789674928686,4064.0
PIKEVILLE MEDICAL CENTER,KY,0.10540589568953881,-0.19514973883746625,-0.014816358121263223,2427.0
PINCKNEYVILLE COMMUNITY HOSPITAL,IL,0.7311601657131408,-0.07539815878468695,0.4085368359140097,413.0
PINE CREEK MEDICAL CENTER LLP,TX,-1.0169787473686678,0.0,-0.6101872484212006,4120.0
PINEVILLE COMMUNITY HOSPITAL,KY,0.770890595555909,-0.42020012204010304,0.29445430851750415,817.0
PINNACLE HEALTH HOSPITALS,PA,-0.11559462031086032,-0.17450291469043533,-0.13915793806269033,3245.0
PINNACLE HOSPITAL,IN,-0.021731479807319952,-0.06713942912587467,-0.03989465953474184,2592.0
PIONEER COMMUNITY HOSPITAL OF ABERDEEN,MS,0.25770587675348416,0.08151770473274794,0.18723060794518967,1277.0
PIONEER COMMUNITY HOSPITAL OF EARLY,GA,0.08554068076815469,0.4779367283557411,0.24249909980318926,1064.0
PIONEER COMMUNITY HOSPITAL OF SCOTT,TN,0.5275417127689526,-0.0010695918553756307,0.3160971909192213,734.0
PIONEER COMMUNITY HOSPITAL OF STOKES,NC,0.1054058956895388,0.527489106308615,0.2742391799371693,904.0
PIONEER HEALTH SERVICES OF NEWTON,MS,0.8453851515111002,0.5935589435791139,0.7446546683383056,28.0
"PIONEER HEALTH SERVICES OF PATRICK COUNTY,INC",VA,0.2312189235249719,-0.017587051173000412,0.13169653364578296,1546.0
PIONEER MEDICAL CENTER,MT,0.13520371807161513,0.0,0.08112223084296907,1813.0
PIONEER MEMORIAL HOSPITAL,OR,-0.07338103860291896,0.0,-0.04402862316175137,2628.0
PIONEERS MEDICAL CENTER,CO,0.08554068076815449,1.1964462086724164,0.5299028919298593,154.0
PIONEERS MEMORIAL HEALTHCARE DISTRICT,CA,0.04864813877129824,0.09142818032332269,0.06576015539210803,1910.0
PIPESTONE COUNTY  MEDICAL CENTER,MN,-0.07338103860291896,1.122117641743105,0.40481843353549063,426.0
PLACENTIA LINDA HOSPITAL,CA,-0.03365060876015049,0.12611484489033453,0.03025557270004352,2131.0
PLAINS MEMORIAL HOSPITAL,TX,0.17493414791438355,1.0477890748137935,0.5240761186741476,164.0
PLAINS REGIONAL MEDICAL CENTER,NM,-0.09986799183143118,0.22521960079608286,0.03016704521957444,2132.0
PLAINVIEW HOSPITAL,NY,0.07135124153859443,-0.1662441850316229,-0.0236869290894925,2485.0
PLANTATION GENERAL HOSPITAL,FL,0.03836079532986712,-0.7567433556367066,-0.2796808650567624,3881.0
PLATEAU MEDICAL CENTER,WV,-0.11642233759925132,0.21159269685904247,0.014783676184066202,2240.0
PLATTE COUNTY MEMORIAL HOSPITAL,WY,0.5225754090386068,0.09390579922096642,0.3511075651115506,582.0
PLATTE HEALTH CENTER - CAH,SD,0.05574285838607851,0.6761462401672375,0.3039042110985421,774.0
PLATTE VALLEY MEDICAL CENTER,CO,-0.16419344967210384,0.30450340552068156,0.02328529240501033,2185.0
PLAZA MEDICAL CENTER OF FORT WORTH,TX,-0.289415250872972,-0.23644338713152813,-0.2682265053763945,3839.0
PLEASANT VALLEY HOSPITAL,WV,0.6219014836455277,0.2648615031583822,0.4790854914506695,245.0
PLUMAS DISTRICT HOSPITAL,CA,0.5921036612634514,-0.0010695918553758066,0.3548343600159205,567.0
POCAHONTAS MEMORIAL HOSPITAL,WV,-0.09324625352430307,0.0,-0.05594775211458184,2706.0
POCONO MEDICAL CENTER,PA,-0.08827994979395701,-0.5420163845075853,-0.26977452367940835,3849.0
POINCIANA MEDICAL CENTER,FL,0.5722384463420671,-0.20753783332568465,0.2603279344749664,975.0
POINTE COUPEE GENERAL HOSPITAL,LA,0.5672721426117212,-0.11669180707874886,0.2936865627355332,825.0
POLK MEDICAL CENTER,GA,0.09547328822884674,0.7752509960729859,0.36738437136650237,536.0
POMERADO HOSPITAL,CA,-0.21811331874443227,0.3144138811112564,-0.005102438802156772,2359.0
POMERENE HOSPITAL,OH,-0.2203836290211619,-0.05062196980824988,-0.15247896533599709,3326.0
POMONA VALLEY HOSPITAL MEDICAL CENTER,CA,-0.09821255725464906,-0.3520656023549009,-0.1997537752947498,3581.0
PONDERA MEDICAL CENTER,MT,0.11533850315023086,0.7504748070965488,0.36939302472875807,529.0
PONTOTOC HEALTH SERVICE CAH,MS,0.328889563555111,0.12281135302680957,0.24645827934379042,1051.0
POPLAR BLUFF REGIONAL MEDICAL CENTER,MO,0.03587764346469405,-0.16624418503162305,-0.044971087933832796,2630.0
POPLAR COMMUNITY HOSPITAL,MT,-0.013785393838766258,0.0,-0.008271236303259754,2380.0
"PORTER HOSPITAL, INC",VT,-0.10317886098499522,0.05674151575631067,-0.03921071028847286,2588.0
PORTER REGIONAL HOSPITAL,IN,-0.22485330237847326,-0.34380687269608873,-0.2724347305055195,3858.0
PORTNEUF MEDICAL CENTER,ID,-0.2695500359515877,-0.038233875320031384,-0.17702357169896518,3462.0
PORTSMOUTH REGIONAL HOSPITAL,NH,0.00359666921744479,-0.2942544947432146,-0.11554379636681897,3097.0
POTOMAC VALLEY HOSPITAL,WV,0.4778786754654923,-0.5048521010429298,0.08478636486212343,1790.0
POTTSTOWN MEMORIAL MEDICAL CENTER,PA,0.2558139515228763,0.6513700511908005,0.414036391390046,398.0
POUDRE VALLEY HOSPITAL,CO,-0.2720331878167608,0.24999578977251988,-0.0632215967810485,2755.0
POWELL VALLEY HOSPITAL,WY,-0.09324625352430296,0.06500024541512317,-0.029947653948532507,2527.0
PRAGUE COMMUNITY HOSPITAL,OK,0.28419282998199635,0.6018176732379265,0.41124276728436837,406.0
PRAIRIE LAKES HOSPITAL,SD,-0.19541021597713618,0.5274891063086152,0.09374951293716441,1739.0
PRAIRIE RIDGE HOSPITAL AND HEALTH SERVICES,MN,0.09547328822884657,1.0973414527666676,0.496220554043975,217.0
PRATT REGIONAL MEDICAL CENTER,KS,-0.2687223186631968,0.16823436615027762,-0.09393964473780703,2963.0
PRATTVILLE BAPTIST HOSPITAL,AL,0.23254327118639742,0.13602532048090932,0.1939360909042022,1253.0
PREMIER SURGICAL INSTITUTE,KS,-1.1759004667397412,0.0,-0.7055402800438447,4137.0
PRESBYTERIAN COMMUNITY HOSP,PR,-0.10743569275386326,0.1855776984337835,0.009769663721195448,2272.0
PRESBYTERIAN ESPANOLA HOSPITAL,NM,-0.2025049355919161,-0.09810966534642096,-0.16074682749371805,3363.0
PRESBYTERIAN HOSPITAL,NM,-0.3887413254798929,-0.10843307741993645,-0.2766180262559103,3874.0
PRESBYTERIAN INTERCOMMUNITY HOSPITAL,CA,-0.02229905737650242,-0.3991403614101315,-0.17303557898995406,3442.0
PRESBYTERIAN ST LUKES MEDICAL CENTER,CO,-0.1301387955211593,0.2202643630007953,0.010022467887622538,2269.0
PRESENCE COVENANT MEDICAL CENTER,IL,0.05574285838607839,-0.054751334637656024,0.011545181176584624,2258.0
PRESENCE MERCY MEDICAL CENTER,IL,-0.19505547999639702,-0.10430371259053019,-0.15875477303405028,3356.0
PRESENCE RESURRECTION MEDICAL CENTER,IL,-0.10069570911982201,-0.48833464172530494,-0.2557512821620152,3812.0
PRESENCE SAINT FRANCIS HOSPITAL,IL,0.12030480688057696,-0.4470409934312432,-0.10663351324415113,3044.0
PRESENCE SAINT JOSEPH HOSPITAL - CHICAGO,IL,0.1600352367233455,-0.5998274921192718,-0.14390985481370144,3277.0
PRESENCE SAINT JOSEPH HOSPITAL - ELGIN,IL,-0.11559462031086026,-0.16624418503162305,-0.13585444619916537,3225.0
PRESENCE SAINT JOSEPH MEDICAL CENTER,IL,0.3288895635551108,-0.5998274921192719,-0.042597258714642317,2616.0
PRESENCE SAINTS MARY AND ELIZABETH MEDICAL CENTER,IL,-0.04110006435566952,-0.5956981272898656,-0.262939289529348,3826.0
PRESENCE ST MARYS HOSPITAL,IL,0.034458699541738046,-0.04731847794472492,0.0017478285471528576,2314.0
PRESENCE UNITED SAMARITANS MEDICAL CENTER,IL,0.12810899845683507,0.274771978748957,0.18677419057368383,1282.0
PRESENTATION MEDICAL CENTER,ND,0.06567546584677039,0.502712917332178,0.24049044644093348,1073.0
PRESTON MEMORIAL HOSPITAL,WV,0.6219014836455277,0.06500024541512306,0.3991409883533658,442.0
PRINCETON COMMUNITY HOSPITAL,WV,0.00040404539079389297,0.2004434118196458,0.08041979196233466,1817.0
PROCTOR HOSPITAL,IL,0.11391955922727479,0.28963769213481927,0.18420681239029257,1289.0
PROGRESS WEST HOSPITAL,MO,-0.008109618146942252,0.027010088984586234,0.005938264705669142,2294.0
PROMEDICA BIXBY HOSPITAL,MI,-0.34014249611864944,0.35901102126884304,-0.06048108916365244,2734.0
PROMEDICA HERRICK HOSPITAL,MI,-0.10648973013855918,0.12487603544151266,-0.013943423906530444,2419.0
PROMEDICA MONROE REGIONAL HOSPITAL,MI,0.011755596774442014,-0.2653489409373714,-0.09908621831028334,2988.0
PROSSER MEMORIAL HOSPITAL,WA,0.41331672697099364,0.114552623367997,0.29381108552979496,822.0
PROVIDENCE - PROVIDENCE PARK HOSPITAL,MI,-0.15532505015362869,-0.8475893818836425,-0.43223078284563426,4086.0
PROVIDENCE ALASKA MEDICAL CENTER,AK,-0.4458538183788724,-0.13320926639637357,-0.32079599758587285,3964.0
PROVIDENCE CENTRALIA HOSPITAL,WA,0.09689223215180283,0.28468245433953177,0.1720083210268944,1353.0
PROVIDENCE HEALTH CENTER,TX,-0.14539244269293647,0.06087088058571688,-0.06288711338147512,2748.0
PROVIDENCE HOLY CROSS MEDICAL CENTER,CA,-0.06202948721927082,-0.24552798975622164,-0.13542888823405116,3223.0
PROVIDENCE HOLY FAMILY HOSPITAL,WA,-0.22662698228216835,0.24504055197723243,-0.037959968578408027,2581.0
PROVIDENCE HOOD RIVER MEMORIAL HOSPITAL,OR,-0.18595058982409599,0.11868198819740332,-0.06409755861549626,2757.0
PROVIDENCE HOSPITAL,AL,-0.001369634512901216,0.09390579922096638,0.036740538980645825,2095.0
PROVIDENCE HOSPITAL,DC,0.10824378353545086,-0.1464232338504734,0.006376976581081148,2291.0
PROVIDENCE HOSPITAL,SC,-0.34404459190677844,-0.2859957650844021,-0.3208250611778279,3965.0
PROVIDENCE KODIAK ISLAND MEDICAL CTR,AK,0.20473197029645973,0.23017483859137033,0.21490911761442397,1166.0
PROVIDENCE LITTLE CO OF MARY MED CTR SAN PEDRO,CA,-0.14953102913489158,0.299548167725394,0.030100649609222666,2133.0
PROVIDENCE LITTLE COMPANY OF MARY MED CTR TORRANCE,CA,-0.10814516471534125,-0.45529972309005556,-0.24700698806522697,3791.0
PROVIDENCE MEDFORD MEDICAL CENTER,OR,-0.05635371152744676,0.5423548196944774,0.18312970096132292,1294.0
PROVIDENCE MEDICAL CENTER,KS,0.16996784418403743,-0.46355845274886787,-0.08344267458912469,2896.0
PROVIDENCE MEDICAL CENTER,NE,-0.311763617659529,0.6142057677261449,0.058624136494740575,1943.0
PROVIDENCE MEMORIAL HOSPITAL,TX,-0.19257232813122413,0.05674151575631078,-0.09284679057621015,2954.0
PROVIDENCE MILWAUKIE HOSPITAL,OR,-0.12966581421350734,0.5076681551274655,0.12526777352288182,1579.0
PROVIDENCE MOUNT CARMEL HOSPITAL,WA,0.041837207941109344,0.21035388741022065,0.10924387972875386,1657.0
PROVIDENCE NEWBERG MEDICAL CENTER,OR,-0.2521679728953766,0.13107008268562187,-0.09887275066297721,2985.0
PROVIDENCE PORTLAND MEDICAL CENTER,OR,-0.3812918698843738,-0.2736076705961836,-0.3382181901690977,3996.0
PROVIDENCE REGIONAL MEDICAL CENTER EVERETT,WA,-0.08827994979395704,0.007189137803436478,-0.05009231475499963,2665.0
PROVIDENCE SACRED HEART MEDICAL CENTER,WA,-0.4086065404012771,-0.05888069946706224,-0.26871620402759117,3844.0
PROVIDENCE SAINT JOHN'S HEALTH CENTER,CA,-0.3043141620640101,-0.653509234901552,-0.44399219119902683,4093.0
PROVIDENCE SAINT JOSEPH MEDICAL CTR,CA,-0.01626854570393932,-0.29425449474321447,-0.1274629253196494,3173.0
PROVIDENCE SEASIDE HOSPITAL,OR,0.44311454935307004,0.0567415157563107,0.2885653359143663,846.0
PROVIDENCE ST JOSEPH HOSPITAL,WA,0.3835189045889174,0.08151770473274794,0.2627184246464496,965.0
PROVIDENCE ST JOSEPH MEDICAL CENTER,MT,0.37855260085857134,0.19713991995612087,0.30598752849759114,770.0
PROVIDENCE ST MARY MEDICAL CENTER,WA,-0.28622262704632095,0.26486150315838225,-0.06578897496443965,2771.0
PROVIDENCE ST PETER HOSPITAL,WA,-0.3192130732550481,0.15997563649146515,-0.12753758935644277,3175.0
PROVIDENCE ST VINCENT MEDICAL CENTER,OR,-0.2372690617043384,-0.24057275196093408,-0.23859053780697667,3758.0
PROVIDENCE TARZANA MEDICAL CENTER,CA,-0.09324625352430312,-0.7526139908073004,-0.356993348437502,4028.0
PROVIDENCE WILLAMETTE FALLS MEDICAL CENTER,OR,-0.2521679728953765,0.2945929299301066,-0.03346361176518327,2552.0
PROVIDENT HOSPITAL OF CHICAGO,IL,0.668253651795424,-0.7113203425132388,0.11642405407195883,1622.0
PROWERS MEDICAL CENTER,CO,0.5672721426117212,-0.0010695918553756585,0.33993544882488247,629.0
PULASKI MEMORIAL HOSPITAL,IN,0.4166275961245578,0.41599625591464817,0.416375060040594,388.0
PULLMAN REGIONAL HOSPITAL,WA,-0.7554200842371093,1.0477890748137937,-0.03413642061674804,2554.0
PUNXSUTAWNEY AREA HOSPITAL,PA,-0.15284189828845557,-0.007676575582425649,-0.0947757692060436,2965.0
PURCELL MUNICIPAL HOSPITAL,OK,0.3984178157799556,-0.04236324014943756,0.22210539340819835,1142.0
PUSHMATAHA COUNTY TOWN OF ANTLERS HOSPITAL,OK,0.4977438903868764,-0.06713942912587445,0.27179056258177603,921.0
PUTNAM COMMUNITY MEDICAL CENTER,FL,-0.10743569275386312,0.24999578977251988,0.03553690025669008,2103.0
PUTNAM COUNTY HOSPITAL,IN,0.1898330591054216,0.04022405643868587,0.1299894580387273,1558.0
PUTNAM COUNTY MEMORIAL HOSPITAL,MO,0.2908145682891245,-0.1786322795198415,0.10303582916553809,1686.0
PUTNAM GENERAL HOSPITAL,GA,0.5672721426117211,-0.017587051173000554,0.3333284650978324,656.0
PUTNAM HOSPITAL CENTER,NY,0.1309468863027469,-0.02749752676357541,0.06756912107621797,1898.0
QUAIL CREEK SURGICAL HOSPITAL,TX,-1.4142830457963516,0.0,-0.848569827477811,4173.0
QUARTZ MOUNTAIN MEDICAL CENTER,OK,0.21466457775715161,0.9239081299316082,0.49836199862693425,211.0
QUEEN OF THE VALLEY MEDICAL CENTER,CA,-0.23478590983916545,-0.06301006429646851,-0.16607557162208667,3397.0
QUEENS HOSPITAL CENTER,NY,0.8006884179379853,0.28963769213481916,0.5962681276167189,95.0
QUINCY VALLEY HOSPITAL,WA,-0.1329766833670713,0.0,-0.07978601002024278,2872.0
RAINY LAKE MEDICAL CENTER,MN,0.5921036612634513,-0.1662441850316228,0.28876452274542164,844.0
RALEIGH GENERAL HOSPITAL,WV,0.24730028798514003,-0.03740800235415007,0.13341697184942397,1540.0
RANDOLPH HOSPITAL,NC,-0.23230275797399233,0.4382948259934416,0.03593627561298124,2101.0
RANSOM MEMORIAL HOSPITAL,KS,-0.1647610272412862,0.09390579922096626,-0.0612942966563852,2738.0
RAPID CITY REGIONAL HOSPITAL,SD,-0.2869320990077988,-0.3025132244020269,-0.29316454916549006,3918.0
RAPIDES REGIONAL MEDICAL CENTER,LA,-0.0584821274118807,-0.24470211679034048,-0.13297012316326462,3209.0
RAPPAHANNOCK GENERAL HOSPITAL,VA,0.3199502168404881,0.22398079134726087,0.2815624466431972,878.0
RARITAN BAY MEDICAL CENTER PERTH AMBOY DIVISION,NJ,0.2245971852178439,-0.04236324014943767,0.11781301507093125,1617.0
RAULERSON HOSPITAL,FL,0.04297236307947424,-0.32976703227610765,-0.10612339506275853,3037.0
RAWLINS COUNTY HEALTH CENTER,KS,0.6020362687241435,1.4689842874132237,0.9488154761997756,4.0
RAY COUNTY MEMORIAL HOSPITAL,MO,0.6467330022972578,-0.0423632401494376,0.3710945053185797,522.0
READING HOSPITAL,PA,-0.1702239613446667,-0.6328624107545213,-0.3552793411086086,4026.0
RED BAY HOSPITAL,AL,0.2908145682891244,0.2549510275678073,0.2764691520005976,893.0
RED BUD REGIONAL HOSPITAL,IL,0.5921036612634516,-0.20753783332568476,0.27224706342779703,913.0
RED LAKE HOSPITAL A,MN,0.04581025092538609,0.0,0.027486150555231653,2152.0
REDINGTON FAIRVIEW GENERAL HOSPITAL,ME,-0.30041206627588096,-0.05227371574001247,-0.20115672606153356,3587.0
REDLANDS COMMUNITY HOSPITAL,CA,-0.20392387951487198,0.19548817402435822,-0.04415905809917989,2629.0
REDMOND REGIONAL MEDICAL CENTER,GA,-0.2323027579739924,-0.20753783332568468,-0.2223967881146693,3680.0
REDWOOD AREA HOSPITAL,MN,0.43318194189237796,0.7752509960729859,0.5700095635646212,117.0
REDWOOD MEMORIAL HOSPITAL,CA,-0.23892449628112034,0.6451760039466912,0.11471570381000432,1634.0
REEDSBURG AREA MEDICAL CENTER,WI,0.037864164956832494,0.04022405643868598,0.03880812154957389,2080.0
REEVES COUNTY HOSPITAL DISTRICT,TX,0.6765308246793342,-0.0010695918553758805,0.40549065806545015,425.0
REEVES MEMORIAL MEDICAL CENTER,LA,0.045810250925386264,0.8495795630022972,0.36731797575615066,537.0
REGINA HOSPITAL,MN,0.029918078988278807,0.07325897507393546,0.04725443742254147,2027.0
REGIONAL GENERAL HOSPITAL WILLISTON,FL,-0.03365060876015038,0.0,-0.020190365256090227,2460.0
REGIONAL HEALTH SERVICES OF HOWARD COUNTY,IA,-0.043583216220842616,0.9982366968609196,0.3731447490118623,516.0
REGIONAL HOSPITAL OF SCRANTON,PA,0.033394491599521126,-0.13320926639637345,-0.03324701159883671,2549.0
REGIONAL MEDICAL CENTER,IA,-0.17668015619411656,-0.1084330774199365,-0.14938132468444454,3307.0
REGIONAL MEDICAL CENTER BAYONET POINT,FL,0.12030480688057708,0.24256293307958865,0.1692080573601817,1371.0
REGIONAL MEDICAL CENTER OF SAN JOSE,CA,0.0905069844985007,-0.4800759120664925,-0.1377261741274966,3236.0
REGIONAL ONE HEALTH,TN,-1.0865069995935124,0.0,-0.6519041997561074,4124.0
REGIONAL WEST MEDICAL CENTER,NE,-0.13865245905889556,0.5076681551274655,0.1198757866156489,1610.0
REGIONS HOSPITAL,MN,-0.1578082020188016,0.07325897507393542,-0.06538133118170679,2768.0
REHOBOTH MCKINLEY CHRISTIAN HEALTH CARE SERVICES,NM,0.5176091053082608,-0.10017434776112417,0.27049572408050676,927.0
REID HEALTH,IN,-0.27203318781676067,-0.4016179803077753,-0.3238671048131665,3977.0
RENOWN REGIONAL MEDICAL CENTER,NV,-0.2124375430526082,0.43251371523227294,0.04554296026134427,2038.0
RENOWN SOUTH MEADOWS MEDICAL CENTER,NV,-0.19654537111550083,-0.14972672571399828,-0.1778179129548998,3466.0
RENVILLE COUNTY HOSPITAL AND CLINICS,MN,0.36365368966753325,0.3540557834735557,0.3598145271899422,556.0
REPUBLIC COUNTY HOSPITAL,KS,0.5623058388813753,0.09803516405037249,0.37659756894897417,510.0
RESEARCH MEDICAL CENTER,MO,-0.09076310165913001,-0.2323140223021218,-0.14738346991632673,3298.0
RESOLUTE HEALTH HOSPITAL,TX,0.6070025724544896,0.056741515756310756,0.3868981497752181,479.0
RESTON HOSPITAL CENTER,VA,0.26716550290652424,0.1954881740243585,0.23849457135365795,1085.0
REX HOSPITAL,NC,-0.2645837322212417,-0.08365688844349937,-0.19221299471014477,3541.0
REYNOLDS MEMORIAL HOSPITAL,WV,0.24115153098566397,0.14098055827619677,0.2010831419018771,1219.0
RHEA MEDICAL CENTER,TN,0.48284497919583846,0.3540557834735556,0.43132930090692534,342.0
RHODE ISLAND HOSPITAL,RI,-0.023718001299458558,-0.15385609054340446,-0.07577323699703692,2844.0
RICE MEMORIAL HOSPITAL,MN,-0.15946363659558377,0.0567415157563107,-0.07298157565482598,2827.0
RICHARDSON MEDICAL CENTER,LA,0.661631913488296,0.04848278609749823,0.41637226253197684,389.0
RICHLAND HOSPITAL,WI,-0.22568101966686424,0.41847387481229215,0.031980938124798325,2123.0
RICHLAND MEMORIAL HOSPITAL,IL,0.617928440661251,0.2202643630007953,0.45886280959706865,284.0
RICHLAND PARISH HOSPITAL-DELHI,LA,0.5126428015779144,-0.09810966534642102,0.26834181480818026,943.0
RICHMOND UNIVERSITY MEDICAL CENTER,NY,0.1706773161455155,0.11620436929975964,0.14888813740721316,1466.0
RIDDLE MEMORIAL HOSPITAL,PA,-0.18689655243939995,-0.027497526763575243,-0.12313694216907006,3147.0
RIDEOUT MEMORIAL HOSPITAL,CA,0.0011135173522718311,0.015447867462248946,0.006847257396262677,2287.0
RIDGEVIEW MEDICAL CENTER,MN,-0.22095120659034434,0.10629389370918492,-0.09005316647053263,2934.0
RIDGEVIEW SIBLEY MEDICAL CENTER,MN,-0.1727071132098399,0.0,-0.10362426792590393,3017.0
RINGGOLD COUNTY HOSPITAL,IA,-0.04556973771298105,0.031965326779873536,-0.014555711915839212,2424.0
RIO GRANDE HOSPITAL,CO,0.4927775866565304,-0.2736076705961836,0.18622348375544479,1285.0
RIO GRANDE REGIONAL HOSPITAL,TX,-0.12056092404120627,-0.7567433556367066,-0.3750338966794064,4047.0
RIPON MEDICAL CENTER,WI,0.4282156381620318,0.17236373097968363,0.32587487528909254,692.0
RIVER FALLS AREA HOSPITAL,WI,-0.12105755441424089,0.14758754200324672,-0.013599515847245836,2416.0
"RIVER HOSPITAL, INC",NY,0.15506893299299945,0.6018176732379265,0.33376842909097026,654.0
RIVER VALLEY MEDICAL CENTER,AR,0.49608845581009464,0.6513700511908006,0.558201093962377,125.0
RIVER'S EDGE HOSPITAL & CLINIC,MN,-0.7554200842371093,0.7009224291436749,-0.1728830788847956,3441.0
RIVERLAND MEDICAL CENTER,LA,1.0192057820732114,0.02370659712106134,0.6210061080923513,76.0
RIVERSIDE COMMUNITY HOSPITAL,CA,0.05077655465573237,-0.3438068726960888,-0.10705681628499608,3046.0
RIVERSIDE DOCTORS' HOSPITAL OF WILLIAMSBURG,VA,-0.2918984027381449,-0.07333347636998377,-0.20447243219088046,3602.0
RIVERSIDE MEDICAL CENTER,IL,-0.18760602440087792,-0.488334641725305,-0.30789747133064876,3949.0
RIVERSIDE MEDICAL CENTER,LA,0.39841781577995566,-0.1827616443492478,0.16594603172827427,1387.0
RIVERSIDE METHODIST HOSPITAL,OH,-0.05848212741188075,0.2921153110324628,0.08175684796585668,1807.0
RIVERSIDE REGIONAL MEDICAL CENTER,VA,-0.01378539383876623,-0.15385609054340454,-0.06981367252062157,2809.0
RIVERSIDE SHORE MEMORIAL HOSPITAL,VA,0.2676384842141763,-0.04236324014943747,0.1436377944687308,1488.0
RIVERSIDE TAPPAHANNOCK HOSPITAL,VA,-0.15000401044254372,-0.022542288968288006,-0.09901932185284143,2987.0
RIVERSIDE UNIVERSITY HEALTH SYSTEM-MEDICAL CENTER,CA,0.30803108788765754,-0.21579656298449712,0.09850002753879566,1715.0
RIVERSIDE WALTER REED HOSPITAL,VA,-0.0677052629110949,0.07160722914217288,-0.011980266089787785,2400.0
RIVERTON HOSPITAL,UT,-0.37135926242368167,0.3045034055206815,-0.1010141952459364,2997.0
RIVERVIEW HEALTH,IN,-0.2947362905840568,0.37387673465470533,-0.027291080488551944,2503.0
RIVERVIEW HOSPITAL,MN,0.3371667364390209,0.40360816142642963,0.3637433064339844,543.0
RIVERVIEW MEDICAL CENTER,NJ,-0.27203318781676084,0.03692056457516098,-0.1484516868599921,3303.0
RIVERVIEW REGIONAL MEDICAL CENTER,AL,-0.03613376062532356,-0.17037354986102926,-0.08982967631960584,2931.0
RIVERVIEW REGIONAL MEDICAL CENTER,TN,0.6119688761848355,-0.10843307741993664,0.3238080947429266,699.0
RIVERWOOD HEALTHCARE CENTER,MN,-0.2720331878167609,-0.1992791036668724,-0.2429315541568055,3774.0
RMC JACKSONVILLE,AL,0.5970699649937976,0.3788319724499926,0.5097747679762756,192.0
ROANE GENERAL HOSPITAL,WV,0.37689716628178943,0.292115311032463,0.3429844241820589,622.0
ROANE MEDICAL CENTER,TN,0.4113302054788551,0.16823436615027743,0.31409186974742404,747.0
ROBERT PACKER HOSPITAL,PA,0.13768686993678814,-0.41813543962539984,-0.08464205388808707,2905.0
ROBERT WOOD JOHNSON UNIVERSITY HOSPITAL,NJ,0.11782165501540391,-0.2240552926433094,-0.01892912404808142,2455.0
ROBERT WOOD JOHNSON UNIVERSITY HOSPITAL AT RAHWAY,NJ,0.0912164564599786,0.2995481677253941,0.17454914096614482,1338.0
ROBERT WOOD JOHNSON UNIVERSITY HOSPITAL HAMILTON,NJ,-0.0024338424551181453,0.3491005456782682,0.1381799127982364,1516.0
ROBERT WOOD JOHNSON UNIVERSITY HOSPITAL SOMERSET,NJ,0.00040404539079386126,0.23017483859137022,0.09231236267102441,1746.0
ROCHELLE COMMUNITY HOSPITAL,IL,-0.061461909650088443,-0.397488615478369,-0.19587259198140067,3555.0
ROCHESTER GENERAL HOSPITAL,NY,0.05822601025125125,-0.6163449514368966,-0.2116023744240079,3635.0
ROCK COUNTY HOSPITAL,NE,-0.1131114684456872,0.0,-0.06786688106741232,2794.0
ROCKCASTLE REGIONAL HOSPITAL & RESPIRATORY CARE CT,KY,0.9000144925449064,0.1868165078826054,0.614735298679986,83.0
ROCKDALE MEDICAL CENTER,GA,0.03445869954173817,0.2549510275678072,0.12265563075216579,1594.0
ROCKFORD MEMORIAL HOSPITAL,IL,-0.12552722777155226,0.0815177047327478,-0.04270925476983222,2618.0
ROCKVILLE GENERAL HOSPITAL,CT,0.4590067212901773,-0.18110989841748534,0.2029600734071122,1207.0
ROGER WILLIAMS MEDICAL CENTER,RI,-0.0421642722978866,0.05178627796102322,-0.004584052194322671,2353.0
ROLLING PLAINS MEMORIAL HOSPITAL,TX,0.6268677873758739,-0.07333347636998395,0.3467872818775307,602.0
ROLLINS BROOK COMMUNITY HOSPITAL,TX,0.6219014836455277,-0.4552997230900555,0.1910210009512944,1266.0
"ROME MEMORIAL HOSPITAL, INC",NY,0.3967623812031736,0.215309125205508,0.32418107880410735,697.0
RONALD REAGAN U C L A MEDICAL CENTER,CA,0.4260872222775979,-0.7360965314896757,-0.03878627922931155,2584.0
ROOKS COUNTY HEALTH CENTER,KS,-0.2223701505133002,0.7009224291436749,0.14694688134948983,1474.0
ROOSEVELT GENERAL HOSPITAL,NM,0.462979764274454,0.13726412992973117,0.3326935105365648,661.0
ROPER HOSPITAL,SC,-0.42847175532266135,-0.4594290879194618,-0.44085468836138153,4092.0
ROSE MEDICAL CENTER,CO,-0.07338103860291888,-0.012631813377713092,-0.04908134851283656,2657.0
ROSEBUD HEALTH CARE CENTER,MT,0.08554068076815469,0.7504748070965488,0.3515143312995124,580.0
ROSELAND COMMUNITY HOSPITAL,IL,0.7609579880952171,0.09390579922096631,0.49413711254551673,223.0
ROUND ROCK MEDICAL CENTER,TX,-0.17022396134466683,-0.3685830616725257,-0.2495676014758104,3798.0
ROUNDUP MEMORIAL HEALTHCARE,MT,0.03587764346469404,0.6265938622143634,0.27216413096456177,915.0
ROXBOROUGH MEMORIAL HOSPITAL,PA,0.436492811045942,0.12611484489033462,0.312341624583699,752.0
RUBY VALLEY HOSPITAL,MT,0.06567546584677056,0.8495795630022972,0.37923710470898125,502.0
RUMFORD  HOSPITAL,ME,0.272273701029166,0.18062246063849624,0.23561320487289808,1103.0
RUSH COUNTY MEMORIAL HOSPITAL,KS,0.13520371807161513,0.6513700511908005,0.3416702513192893,625.0
RUSH FOUNDATION HOSPITAL,MS,0.05077655465573222,-0.24883148161974664,-0.06906665985445933,2802.0
RUSH MEMORIAL HOSPITAL,IN,0.5871373575331054,0.2879859462030568,0.4674767930010859,263.0
RUSH OAK PARK HOSPITAL,IL,-0.025136945222414404,-0.3594984590478323,-0.15888155075258156,3357.0
RUSH UNIVERSITY MEDICAL CENTER,IL,0.11285535128505787,-0.7691314501249251,-0.2399393692789354,3763.0
RUSK COUNTY MEMORIAL HOSPITAL,WI,0.4927775866565305,-0.1745029146904353,0.22586538611774415,1130.0
RUSSELL COUNTY HOSPITAL,KY,0.5821710538027591,0.35405578347355565,0.49092494567107775,227.0
RUSSELL COUNTY MEDICAL CENTER,VA,0.9000144925449063,-0.15385609054340443,0.478466259309582,246.0
RUSSELL HOSPITAL,AL,-0.15567978613436764,0.2945929299301067,0.02442930029142211,2173.0
RUSSELL REGIONAL HOSPITAL,KS,0.4762232408887104,0.2673391220560258,0.3926695933556365,464.0
RUSSELLVILLE HOSPITAL,AL,0.0756080733074626,0.4135186370170045,0.21077229879127934,1179.0
RUTHERFORD REGIONAL MEDICAL CENTER,NC,-0.09324625352430305,0.3540557834735555,0.08567456127484036,1785.0
RUTLAND REGIONAL MEDICAL CENTER,VT,-0.36852137457776973,0.18062246063849616,-0.14886384049126336,3304.0
RYDER MEMORIAL HOSPITAL INC,PR,0.5722384463420673,0.8000271850494233,0.6633539418250097,56.0
"Rothman Orthopaedic Specialty Hospital, LLC",PA,-1.2950917562680464,0.0,-0.7770550537608278,4159.0
SABETHA COMMUNITY HOSPITAL,KS,0.006079821082617856,1.2707747756017278,0.5119578028902618,188.0
SABINE COUNTY HOSPITAL,TX,0.36365368966753325,0.2549510275678075,0.32017262482764297,719.0
SABINE MEDICAL CENTER,LA,0.6368003948365659,0.0815177047327477,0.4146873187950386,397.0
SACRED HEART HOSPITAL,FL,-0.2819657952774529,-0.0010695918553756956,-0.16960731390862202,3415.0
SACRED HEART HOSPITAL,PA,-0.1443282347507195,-0.14642323385047334,-0.14516623439062104,3286.0
SACRED HEART HOSPITAL,WI,-0.39619078107541195,-0.2859957650844021,-0.352112774679008,4019.0
SACRED HEART HOSPITAL ON THE EMERALD COAST,FL,-0.10459780490795123,0.2103538874102205,0.021382872019317475,2200.0
SACRED HEART HOSPITAL ON THE GULF,FL,0.23452979267853602,-0.422264804454806,-0.028188046174800835,2511.0
SACRED HEART MEDICAL CENTER - RIVERBEND,OR,-0.17270711320983995,0.0526121509269045,-0.08257940755514218,2889.0
SACRED HEART UNIVERSITY DISTRICT,OR,0.429871072738814,0.8619676574905155,0.6027097066394946,90.0
SADDLEBACK MEMORIAL MEDICAL CENTER,CA,-0.22485330237847334,-0.347936237525495,-0.274086476437282,3867.0
SAGE MEMORIAL HOSPITAL,AZ,0.08554068076815452,0.10629389370918495,0.09384196594456669,1738.0
SAGEWEST HEALTH CARE,WY,-0.24223536543468452,0.14098055827619682,-0.08894899595033197,2925.0
SAINT AGNES MEDICAL CENTER,CA,-0.0907631016591301,-0.021716416002406702,-0.06314442739644074,2753.0
"SAINT ALPHONSUS MEDICAL CENTER - BAKER CITY, INC",OR,-0.17932885151696798,0.6203998149702541,0.1405626150779209,1504.0
SAINT ALPHONSUS MEDICAL CENTER - NAMPA,ID,-0.18122077674757592,-0.03740800235415022,-0.12369566699020564,3153.0
"SAINT ALPHONSUS MEDICAL CENTER - ONTARIO, INC",OR,-0.3183853559666571,-0.0423632401494376,-0.20797650963976932,3616.0
SAINT ANNE'S HOSPITAL,MA,0.1650015404536914,-0.26534894093737116,-0.007138652102733636,2375.0
SAINT ANTHONY HOSPITAL,IL,0.6020362687241434,-0.24057275196093428,0.26499266045011227,952.0
SAINT ANTHONY MEDICAL CENTER,IL,-0.0783473423332649,-0.050621969808249935,-0.06725719332325891,2789.0
SAINT BARNABAS MEDICAL CENTER,NJ,-0.05848212741188077,-0.7402258963190819,-0.3311796349747612,3986.0
SAINT CLARE'S HOSPITAL,NJ,0.17351520399142753,0.274771978748957,0.2140179138944393,1167.0
SAINT FRANCIS BARTLETT MEDICAL CENTER,TN,-0.11311146844568734,0.5770414842614894,0.16294971263718336,1401.0
"SAINT FRANCIS HOSPITAL SOUTH, LLC",OK,-0.045002160143798674,0.10133865591389737,0.013534166279279749,2246.0
"SAINT FRANCIS HOSPITAL, INC",OK,0.0756080733074625,-0.40574734513718136,-0.11693409407039507,3107.0
SAINT FRANCIS MEDICAL CENTER,CA,0.1550689329929993,-0.2950803677090958,-0.024990787287838753,2494.0
SAINT FRANCIS MEDICAL CENTER,IL,-0.11807777217603327,-0.13320926639637357,-0.1241303698641694,3158.0
SAINT FRANCIS MEDICAL CENTER,MO,-0.13049353150189844,0.19713991995612076,0.0005598490813092522,2321.0
SAINT FRANCIS MEMORIAL HOSPITAL,CA,0.03256677431113009,0.07160722914217296,0.04818295624354724,2020.0
SAINT JAMES HOSPITAL,IL,-0.17668015619411664,0.09803516405037248,-0.06679402809632098,2783.0
SAINT JOHN HOSPITAL,KS,0.6119688761848356,-0.4140060747959938,0.20157889579250388,1217.0
SAINT JOSEPH BEREA,KY,0.3984178157799557,0.13107008268562179,0.2914787225422221,831.0
SAINT JOSEPH EAST,KY,0.1990561946046357,0.09638341811860997,0.1579870840102254,1429.0
SAINT JOSEPH HOSPITAL,CO,-0.3486561596563855,-0.719579072172051,-0.4970253246626517,4109.0
SAINT JOSEPH HOSPITAL,KY,-0.031167456894977498,-0.20753783332568476,-0.10171560746726041,3003.0
SAINT JOSEPH LONDON,KY,-0.18689655243939995,-0.1513784716457608,-0.1726893201219443,3438.0
SAINT JOSEPH MARTIN,KY,0.5970699649937975,-0.1579854553728106,0.2950477968471542,815.0
SAINT JOSEPH MERCY LIVINGSTON HOSPITAL,MI,-0.18926145897766,-0.09191561810231177,-0.1503231226275207,3312.0
SAINT JOSEPH MOUNT STERLING,KY,0.01799895003544836,0.27353316930013505,0.12021263774132304,1609.0
SAINT JOSEPH REGIONAL MEDICAL CENTER,IN,-0.3316288325809133,0.023706597121061268,-0.18949466070012347,3519.0
SAINT JOSEPH REGIONAL MEDICAL CENTER - PLYMOUTH,IN,-0.3089257298136171,0.15089103386677158,-0.12499902434146161,3162.0
"SAINT JOSEPH'S HOSPITAL OF ATLANTA, INC",GA,-0.15284189828845562,-0.2901251299138084,-0.20775519093859673,3615.0
SAINT LOUISE REGIONAL HOSPITAL,CA,-0.096084141370215,0.20539864961493332,0.024508975023844345,2171.0
SAINT LUKE'S CUSHING HOSPITAL,KS,-0.12503059739851768,-0.24057275196093422,-0.17124745922348428,3426.0
SAINT LUKE'S EAST LEE'S SUMMIT HOSPITAL,MO,-0.10175991706203923,-0.0423632401494376,-0.07800124629699857,2855.0
SAINT LUKE'S SOUTH HOSPITAL,KS,-0.192572328131224,-0.12164704487403633,-0.1642022148283489,3386.0
SAINT LUKES NORTHLAND HOSPITAL,MO,-0.10459780490795116,-0.10678133148817404,-0.1054712155400403,3031.0
SAINT MARY'S HEALTH CARE,MI,-0.25216797289537657,0.0418758023704485,-0.13455046278904653,3215.0
SAINT MARY'S REGIONAL MEDICAL CENTER,NV,-0.006335938243247297,-0.2199259278139032,-0.09177193407150966,2947.0
SAINT MARY'S STANDISH COMMUNITY HOSPITAL,MI,0.5275417127689528,-0.11669180707874885,0.2698483048298721,932.0
SAINT MARYS HOSPITAL,CT,-0.10069570911982209,-0.4098767099665877,-0.22436810945852834,3684.0
SAINT MICHAEL'S MEDICAL CENTER,NJ,0.07560807330746255,-0.719579072172051,-0.24246678488434287,3773.0
SAINT PETER'S UNIVERSITY HOSPITAL,NJ,0.11959533491909899,-0.037408002354150226,0.0567940000097993,1956.0
SAINT THOMAS DEKALB HOSPITAL,TN,-0.20846450006833145,-0.2653489409373714,-0.23121827641594742,3713.0
SAINT THOMAS HICKMAN HOSPITAL,TN,0.006079821082617863,0.9486843189080456,0.383121620212789,487.0
SAINT THOMAS HIGHLANDS HOSPITAL,TN,0.5027101941172225,0.5770414842614892,0.5324427101749292,151.0
SAINT THOMAS HOSPITAL FOR SPECIALTY SURGERY,TN,-1.2255635040432018,0.0,-0.735338102425921,4147.0
SAINT THOMAS MIDTOWN HOSPITAL,TN,-0.2323027579739924,-0.23231402230212198,-0.23230726370524424,3721.0
SAINT THOMAS RIVER PARK HOSPITAL,TN,-0.11973320675281525,0.002233900008149159,-0.0709463640484295,2813.0
SAINT THOMAS RUTHERFORD HOSPITAL,TN,0.12243322276501102,0.4630710149698786,0.25868833964695803,985.0
SAINT THOMAS STONES RIVER HOSPITAL,TN,0.3487547784764951,-0.1745029146904354,0.1394517012097229,1509.0
SAINT THOMAS WEST HOSPITAL,TN,-0.24471851729985755,-0.2199259278139033,-0.23480148150547586,3738.0
SAINT VINCENT HOSPITAL,PA,-0.25961742849089564,-0.19514973883746625,-0.2338303526295239,3732.0
SAINT VINCENT MEDICAL CENTER,CA,-0.051032671816361674,-0.7402258963190819,-0.32670996161744975,3982.0
SAKAKAWEA MEDICAL CENTER - CAH,ND,0.47622324088871054,0.3045034055206815,0.4075353067414989,415.0
SALEM HOSPITAL,OR,-0.26458373222124165,-0.12495053673756125,-0.2087304540277695,3618.0
SALEM MEMORIAL DISTRICT HOSPITAL,MO,0.7967153749537084,-0.042363240149437625,0.4610839289124499,277.0
SALEM REGIONAL MEDICAL CENTER,OH,-0.10743569275386318,0.31936911890654374,0.0632862319102996,1919.0
SALEM TOWNSHIP HOSPITAL,IL,0.5821710538027594,-0.16624418503162297,0.2828049582690064,873.0
SALINA REGIONAL HEALTH CENTER,KS,-0.06593158300739983,-0.2405727519609342,-0.1357880505888136,3224.0
SALINA SURGICAL HOSPITAL,KS,-1.2156308965825098,0.0,-0.7293785379495058,4145.0
SALINAS VALLEY MEMORIAL HOSPITAL,CA,-0.13545983523224445,-0.30664258923143306,-0.2039329368319199,3600.0
SALINE MEMORIAL HOSPITAL,AR,0.09121645645997864,0.19053293622907086,0.13094304836761553,1551.0
SALT LAKE REGIONAL MEDICAL CENTER,UT,-0.13013879552115942,-0.6072603488122029,-0.3209874168375768,3967.0
SAMARITAN ALBANY GENERAL HOSPITAL,OR,-0.25878971120250466,0.5894295787497079,0.0804980047783804,1816.0
SAMARITAN HOSPITAL,NY,-0.14716612259663164,0.21035388741022049,-0.004158118593890772,2351.0
SAMARITAN HOSPITAL,WA,-0.31176361765952915,0.6117281488285011,0.057633088935683,1951.0
SAMARITAN LEBANON COMMUNITY HOSPITAL,OR,0.46794606800480026,0.10629389370918482,0.32328519828655405,701.0
SAMARITAN MEDICAL CENTER,NY,-0.1102735805997752,0.6414595756002257,0.19041968188022518,1268.0
SAMARITAN NORTH LINCOLN HOSPITAL,OR,-0.1395984216741995,0.4593545866234132,0.0999827816448456,1701.0
SAMARITAN PACIFIC COMMUNITY HOSPITAL,OR,0.20473197029645968,0.37263792520588335,0.2718943522602291,918.0
SAMARITAN REGIONAL HEALTH SYSTEM,OH,-0.21243754305260829,0.4159962559146482,0.038935976534294314,2079.0
SAMPSON REGIONAL MEDICAL CENTER,NC,-0.13959842167419942,0.05178627796102338,-0.0630445418201103,2749.0
SAN ANGELO COMMUNITY MEDICAL CENTER,TX,-0.12446301982933532,0.13602532048090926,-0.020267683705237474,2462.0
SAN ANTONIO REGIONAL HOSPITAL,CA,-0.17022396134466666,-0.4470409934312431,-0.28095077417929726,3885.0
SAN DIMAS COMMUNITY HOSPITAL,CA,-0.13959842167419942,-0.26534894093737127,-0.18989862937946816,3525.0
SAN FRANCISCO GENERAL HOSPITAL,CA,0.05432391446312213,0.5522652952850522,0.2535004667918942,1015.0
SAN GABRIEL VALLEY MEDICAL CENTER,CA,-0.07621892644883088,-0.3892298858195567,-0.2014233101971212,3588.0
SAN GORGONIO MEMORIAL HOSPITAL,CA,-0.1443282347507196,0.28468245433953177,0.027276040885380964,2153.0
SAN JOAQUIN COMMUNITY HOSPITAL,CA,-0.031167456894977404,-0.15385609054340463,-0.0802429103543483,2877.0
SAN JOAQUIN GENERAL HOSPITAL,CA,0.34776151773042596,0.4531605393793038,0.3899211263899771,472.0
SAN JUAN HOSPITAL,UT,-0.5170375051804993,0.7752509960729859,-0.00012210467910522826,2326.0
SAN JUAN MUNICIPAL HOSPITAL,PR,0.06567546584677056,0.0,0.03940527950806234,2074.0
SAN JUAN REGIONAL MEDICAL CENTER,NM,-0.15851767398027974,0.09142818032332249,-0.058539332258838846,2728.0
SAN LEANDRO HOSPITAL,CA,0.34776151773042596,0.046831040165735874,0.22738932670454992,1123.0
SAN LUIS VALLEY HEALTH,CO,-0.11708451142996408,0.24875698032369803,0.029252085271500763,2138.0
SAN LUIS VALLEY HEALTH CONEJOS COUNTY HOSPITAL,CO,-0.03365060876015037,0.8991319409551717,0.33946241112597847,631.0
SAN LUKE'S MEMORIAL HOSPITAL INC,PR,0.609982354692697,0.03815937402398292,0.38125316242521134,494.0
SAN MATEO MEDICAL CENTER,CA,0.12527111061092291,1.221222397648853,0.5636516254260949,122.0
SAN RAMON REGIONAL MEDICAL CTR,CA,-0.14539244269293647,-0.34793623752549485,-0.2264099606259598,3694.0
SANDHILLS REGIONAL MEDICAL CENTER,NC,0.29611195893482695,0.046831040165735915,0.19639959142719052,1242.0
SANFORD ABERDEEN MEDICAL CENTER,SD,-0.24081642151172836,-0.057228953535299845,-0.16738143432115693,3404.0
SANFORD BAGLEY MEDICAL CENTER,MN,-0.03365060876015038,0.0,-0.020190365256090227,2460.0
SANFORD BEMIDJI MEDICAL CENTER,MN,-0.2379785336658164,0.2400853141819451,-0.04675299452671179,2639.0
SANFORD CANBY MEDICAL CENTER,MN,0.11533850315023067,0.7504748070965488,0.36939302472875796,530.0
SANFORD CANTON-INWOOD MEDICAL CENTER - CAH,SD,-0.0634484311422269,0.5770414842614895,0.19274753501925967,1260.0
SANFORD CHAMBERLAIN MEDICAL CENTER,SD,0.035877643464694214,0.40360816142642986,0.18296985064938848,1297.0
SANFORD CLEAR LAKE MEDICAL CENTER,SD,-0.1727071132098399,0.0,-0.10362426792590393,3017.0
SANFORD HILLSBORO,ND,0.035877643464694034,0.8991319409551717,0.38117936246088513,495.0
SANFORD HOSPITAL WEBSTER - CAH,SD,-0.1131114684456872,1.0973414527666676,0.37106970003925477,523.0
SANFORD JACKSON MEDICAL CENTER,MN,0.045810250925386264,1.4689842874132237,0.6150798655205213,82.0
SANFORD LUVERNE MEDICAL CENTER,MN,0.34378847474614904,0.9115200354433899,0.5708810990250455,116.0
SANFORD MAYVILLE,ND,0.42324933443168594,0.4036081614264297,0.41539286522958346,392.0
SANFORD MEDICAL CENTER BISMARCK,ND,-0.12056092404120637,-0.04649260497884383,-0.09093359641626136,2941.0
SANFORD MEDICAL CENTER FARGO,ND,-0.29934785833366406,-0.07539815878468699,-0.20976797851407322,3626.0
SANFORD MEDICAL CENTER THIEF RIVER FALLS,MN,-0.3862581736147198,-0.09191561810231202,-0.2685211514097567,3841.0
SANFORD ROCK RAPIDS MEDICAL CENTER,IA,0.32392325982476483,0.2549510275678073,0.29633436692198184,808.0
SANFORD SHELDON MEDICAL CENTER,IA,0.5821710538027592,0.23017483859137022,0.44137256771820366,318.0
SANFORD TRACY MEDICAL CENTER,MN,0.025945036004001977,0.5522652952850523,0.23647313971642214,1096.0
SANFORD USD MEDICAL CENTER,SD,-0.3167299213898752,-0.36032433201371344,-0.3341676856394105,3990.0
SANFORD VERMILLION HOSPITAL,SD,0.5093319324243505,0.08151770473274794,0.3382062413477095,639.0
SANFORD WESTBROOK MEDICAL CENTER,MN,-0.1131114684456872,0.0,-0.06786688106741232,2794.0
SANFORD WORTHINGTON MEDICAL CENTER,MN,-0.05748886666581162,-0.3892298858195567,-0.19018527432730964,3530.0
SANPETE VALLEY HOSPITAL - CAH,UT,0.055742858386078155,1.2955509645781644,0.5516661008629127,127.0
SANTA BARBARA COTTAGE HOSPITAL,CA,-0.4359212109181802,-0.3561949671843072,-0.40403071342463104,4067.0
SANTA CLARA VALLEY MEDICAL CENTER,CA,0.34709934389971303,0.15584627166205908,0.2705981150046515,926.0
SANTA MONICA - UCLA MED CTR & ORTHOPAEDIC HOSPITAL,CA,0.22459718521784397,-0.49824511731587984,-0.06453973579564556,2762.0
SANTA ROSA CLINIC,PR,0.006079821082617859,0.0,0.003647892649570715,2306.0
SANTA ROSA MEDICAL CENTER,FL,-0.14290929082776352,-0.10678133148817395,-0.12845810709192768,3178.0
SANTA ROSA MEMORIAL HOSPITAL,CA,-0.43343805905300736,0.027835961950467447,-0.24892845065161745,3796.0
SANTA YNEZ VALLEY COTTAGE HOSPITAL,CA,0.2775710916748683,0.502712917332178,0.3676278219377922,534.0
SANTIAM MEMORIAL HOSPITAL,OR,0.3305449981318931,-0.07952752361409332,0.16651598943349852,1381.0
SARAH BUSH LINCOLN HEALTH CENTER,IL,0.04581025092538633,0.14593579607148416,0.08586046898382546,1781.0
SARAH D CULBERTSON MEMORIAL HOSPITAL,IL,0.2775710916748683,0.3045034055206813,0.2883440172131935,848.0
SARASOTA MEMORIAL HOSPITAL,FL,-0.5451798929857933,-0.3644536968431196,-0.4728894145287238,4104.0
SARATOGA HOSPITAL,NY,-0.16419344967210356,0.3144138811112563,0.027249482641240386,2154.0
SARTORI MEMORIAL HOSPITAL,IA,-0.10516538247713347,0.32102086483830616,0.06530911644904239,1911.0
SATANTA DISTRICT HOSPITAL,KS,0.05574285838607851,1.1964462086724164,0.5120241985006136,186.0
SAUK PRAIRIE HOSPITAL,WI,-0.5819305405903543,0.06500024541512313,-0.3231582261881633,3975.0
SAUNDERS MEDICAL CENTER,NE,0.05574285838607833,1.0477890748137935,0.45256134495716444,296.0
SAVOY MEDICAL CENTER,LA,0.5126428015779145,-0.11669180707874893,0.2609089581152491,972.0
"SAYRE MEMORIAL HOSPITAL, INC",OK,0.5275417127689526,0.3045034055206813,0.43832638986964406,321.0
SCENIC MOUNTAIN MEDICAL CENTER,TX,0.6219014836455277,0.5894295787497078,0.6089127216871997,88.0
SCHEURER HOSPITAL,MI,-0.49551685568233284,-0.35206560235490114,-0.4381363543513601,4090.0
SCHNECK MEDICAL CENTER,IN,-0.48061794449129464,0.4531605393793039,-0.10710655094305521,3048.0
SCHOOLCRAFT MEMORIAL HOSPITAL,MI,-0.13297668336707147,-0.08365688844349939,-0.11324876539764264,3084.0
"SCHUYLER HOSPITAL, INC",NY,0.6914297358703724,-0.1579854553728107,0.3516636593730992,578.0
SCHUYLKILL MEDICAL CENTER - EAST NORWEGIAN STREET,PA,-0.05067793583562262,0.7256986181201119,0.2598726857466712,979.0
SCHUYLKILL MEDICAL CENTER - SOUTH JACKSON STREET,PA,0.1877046432209876,0.27972721654424443,0.2245136725502903,1136.0
SCOTLAND COUNTY  HOSPITAL,MO,0.7957221142076393,-0.17450291469043533,0.40763210264840943,414.0
SCOTLAND MEMORIAL HOSPITAL,NC,-0.08473258998656696,0.002233900008149048,-0.04994599398868056,2663.0
SCOTT & WHITE HOSPITAL BRENHAM,TX,-0.14716612259663148,0.1954881740243584,-0.010104403948235516,2387.0
SCOTT & WHITE HOSPITAL-ROUND ROCK,TX,-0.1602913538839747,-0.442911628601837,-0.2733394637711196,3861.0
SCOTT & WHITE MEDICAL CENTER - TEMPLE,TX,-0.02868430502980447,-0.6411211404133336,-0.27365903918321616,3864.0
SCOTT COUNTY HOSPITAL,KS,0.6864634321400265,0.007189137803436514,0.4147537144053905,396.0
SCOTT MEMORIAL HOSPITAL,IN,0.646733002297258,-0.0010695918553758066,0.3876119646362045,477.0
SCOTT REGIONAL HOSPITAL CAH,MS,0.5424406239599908,-0.29838385957262076,0.20611083054694615,1200.0
SCOTTSDALE OSBORN MEDICAL CENTER,AZ,-0.09572940538947608,-0.14146799605518598,-0.11402484165576005,3089.0
SCOTTSDALE SHEA MEDICAL CENTER,AZ,-0.27699949154710685,-0.4429116286018371,-0.34336434636899893,4006.0
SCOTTSDALE THOMPSON PEAK MEDICAL CENTER,AZ,-0.22662698228216827,-0.3396775078666824,-0.2718471925159739,3857.0
SCRIPPS GREEN HOSPITAL,CA,-0.296864706468491,-0.6287330459251149,-0.4296120422511406,4084.0
SCRIPPS MEMORIAL HOSPITAL - ENCINITAS,CA,-0.2748710756626728,-0.1266022826693237,-0.21556355846533315,3647.0
SCRIPPS MEMORIAL HOSPITAL LA JOLLA,CA,-0.35894350309781664,-0.24057275196093422,-0.3115952026430637,3954.0
SCRIPPS MERCY HOSPITAL,CA,0.08057437703780854,-0.5337576548487729,-0.16515843571682406,3391.0
SEBASTIAN RIVER MEDICAL CENTER,FL,-0.059191599373358834,0.04187580237044852,-0.018764638675835887,2453.0
SEBASTICOOK VALLEY HEALTH,ME,0.5722384463420673,0.4036081614264298,0.5047863323758123,200.0
SEDAN CITY HOSPITAL,KS,-0.11311146844568719,0.8248033740258602,0.2620544685429318,967.0
SEDGWICK COUNTY MEMORIAL HOSPITAL,CO,0.035877643464694214,1.3203271535546017,0.5496574475006573,131.0
SEILING MUNICIPAL HOSPITAL,OK,0.11533850315023104,1.023012885837357,0.4784082562250815,247.0
SELBY GENERAL HOSPITAL,OH,-0.23726906170433823,-0.017587051173000412,-0.1493962574918031,3308.0
SELF REGIONAL HEALTHCARE,SC,-0.1453924426929366,-0.0712687939552809,-0.11574298319787434,3098.0
SELLS INDIAN HEALTH SERVICE HOSPITAL,AZ,-0.053515823681534846,0.0,-0.032109494208920904,2541.0
SENECA DISTRICT HOSPITAL,CA,0.5556841005742471,0.4531605393793041,0.5146746760962699,183.0
SENTARA ALBEMARLE MEDICAL CENTER,NC,-0.10175991706203916,0.5274891063086152,0.14993969228622261,1461.0
SENTARA CAREPLEX HOSPITAL,VA,0.11108167138136293,0.5819967220567768,0.29944769165152846,793.0
SENTARA HALIFAX REGIONAL HOSPITAL,VA,-0.13865245905889553,0.44820530158401645,0.09609064519826928,1726.0
SENTARA LEIGH HOSPITAL,VA,-0.15851767398027963,0.29954816772539405,0.024708662701989847,2169.0
SENTARA NORFOLK GENERAL HOSPITAL,VA,0.08837856861406661,-0.27773703542558975,-0.058067673001795946,2725.0
SENTARA NORTHERN VIRGINIA MEDICAL CENTER,VA,-0.008109618146942126,0.23513007638665764,0.08918625966649779,1757.0
SENTARA OBICI HOSPITAL,VA,-0.10175991706203914,0.28963769213481916,0.054799126616704184,1975.0
SENTARA PRINCESS ANNE HOSPITAL,VA,-0.07905681429474294,-0.2257070385750719,-0.13771690400687453,3235.0
SENTARA RMH MEDICAL CENTER,VA,-0.06344843114222681,-0.4140060747959937,-0.20367148860373357,3598.0
SENTARA VIRGINIA BEACH GENERAL HOSPITAL,VA,0.09050698449850078,-0.2405727519609343,-0.04192491008527326,2610.0
SENTARA WILLIAMSBURG REGIONAL MEDICAL CENTER,VA,-0.3713592624236817,0.1409805582761968,-0.1664233341437303,3400.0
SEQUOIA HOSPITAL,CA,-0.3117636176595291,-0.3727124265019319,-0.33614314119649025,3993.0
SEQUOYAH COUNTY-CITY OF SALLISAW HOSPITAL AUTHORIT,OK,0.26432761506061225,-0.2736076705961837,0.049153500797893865,2013.0
SETON EDGAR B DAVIS HOSPITAL,TX,0.5970699649937974,-0.38097115616074423,0.2058535165319807,1201.0
SETON HIGHLAND LAKES,TX,-0.06543495263436508,0.13107008268562206,0.013167061493629784,2248.0
SETON MEDICAL CENTER,CA,-0.10566201285016821,-0.3396775078666825,-0.19926821085677393,3577.0
SETON MEDICAL CENTER AUSTIN,TX,-0.11062831658051424,-0.17450291469043533,-0.13617815582448267,3226.0
SETON MEDICAL CENTER HARKER HEIGHTS,TX,-0.07054315075700687,-0.22075180077978462,-0.13062661076611798,3192.0
SETON MEDICAL CENTER HAYS,TX,-0.06770526291109473,-0.33967750786668255,-0.17649416089332987,3458.0
SETON MEDICAL CENTER WILLIAMSON,TX,0.13378477414865908,-0.33554814303727626,-0.05394839272571507,2691.0
SETON NORTHWEST HOSPITAL,TX,-0.07338103860291884,-0.36445369684311957,-0.18981010189899913,3522.0
SETON SMITHVILLE REGIONAL HOSPITAL,TX,0.3586873859371873,-0.4470409934312432,0.036396034189815074,2098.0
SEVEN RIVERS REGIONAL MEDICAL CENTER,FL,-0.3401424961186494,0.6166833866237885,0.04258785697832579,2058.0
SEVIER VALLEY MEDICAL CENTER,UT,-0.8216374673083898,0.577041484261489,-0.2621658866804383,3825.0
SEYMOUR HOSPITAL,TX,0.3884852083192634,-0.30664258923143306,0.11043408929898481,1649.0
SGMC BERRIEN CAMPUS,GA,-0.053515823681534846,0.0,-0.032109494208920904,2541.0
SGMC LANIER CAMPUS,GA,0.3040580449033808,-0.15385609054340454,0.12089239072466665,1605.0
SHANDS LAKE SHORE REGIONAL MEDICAL CENTER,FL,0.7252006012367254,-0.24057275196093417,0.3388912599576615,635.0
SHANDS LIVE OAK REGIONAL MEDICAL CENTER,FL,0.21267805626501338,0.27477197874895687,0.23751562525859077,1090.0
SHANDS STARKE REGIONAL MEDICAL CENTER,FL,0.01005286406689474,0.0009950905593273385,0.0064297546638677795,2290.0
SHANNON MEDICAL CENTER,TX,-0.4160559959967961,-0.3685830616725257,-0.39706682226708795,4063.0
SHARE MEDICAL CENTER,OK,-0.18263972067053197,1.8406271220597799,0.6266670164215928,70.0
SHARKEY ISSAQUENA COMMUNITY HOSPITAL,MS,0.5225754090386068,0.8000271850494228,0.6335561194429331,65.0
SHARON HOSPITAL,CT,-0.059191599373358786,0.21530912520550793,0.050608690458187916,2005.0
SHARON REGIONAL HEALTH SYSTEM,PA,0.020269260312177968,-0.39418512361484415,-0.1455124932586309,3287.0
SHARP CHULA VISTA MEDICAL CENTER,CA,-0.013785393838766424,-0.5089814658723358,-0.2118638226521942,3637.0
SHARP CORONADO HOSPITAL AND HLTHCR CTR,CA,-0.2687223186631968,0.1434581771738403,-0.10385012032838195,3018.0
SHARP MEMORIAL HOSPITAL,CA,-0.15780820201880172,-0.14972672571399817,-0.1545756114968803,3336.0
SHASTA REGIONAL MEDICAL CENTER,CA,-0.1304935315018984,-0.46355845274886787,-0.26371950000068617,3828.0
SHAWNEE MISSION MEDICAL CENTER,KS,-0.1751902650750129,-0.2942544947432146,-0.22281595694229356,3681.0
SHELBY BAPTIST MEDICAL CENTER,AL,-0.14042613896259054,-0.10430371259053024,-0.1259771684137664,3166.0
SHELBY MEMORIAL HOSPITAL,IL,0.6020362687241436,0.2136573792737456,0.44668471294398443,304.0
SHENANDOAH MEDICAL CENTER,IA,0.48781128292618453,-0.0423632401494376,0.2757414736959357,897.0
SHENANDOAH MEMORIAL HOSPITAL,VA,0.06170242286249352,-0.25709021127855897,-0.06581463079392748,2772.0
SHERIDAN COMMUNITY HOSPITAL,MI,0.19811023198933173,-0.32728941337846407,-0.012049626157786597,2402.0
SHERIDAN COUNTY HOSPITAL,KS,0.11533850315023068,1.3203271535546017,0.5973339633119792,93.0
SHERIDAN MEMORIAL HOSPITAL,WY,-0.2635195242790247,0.5671310086709145,0.06874068890095097,1890.0
SHERIDAN MEMORIAL HOSPTIAL,MT,-0.0038527863780740135,0.7009224291436749,0.27805729983062555,887.0
SHERMAN HOSPITAL,IL,-0.09076310165913001,-0.6700266942191768,-0.32246853868314873,3972.0
SHERMAN OAKS HOSPITAL,CA,0.133784774148659,-0.7113203425132386,-0.20425727251610004,3601.0
SHOALS HOSPITAL,AL,-0.023718001299458377,0.3602498307176649,0.12986913150739093,1560.0
SHORE MEDICAL CENTER,NJ,-0.08189470214065489,-0.04731847794472506,-0.06806421246228295,2797.0
SHOSHONE MEDICAL CENTER,ID,0.30405804490338073,0.4531605393793041,0.3636990426937501,544.0
SIBLEY MEMORIAL HOSPITAL,DC,-0.17838288890166382,0.19548817402435828,-0.028834463731254964,2519.0
SIDNEY HEALTH CENTER,MT,-0.07338103860291882,-0.2653489409373712,-0.15016819953669977,3310.0
SIDNEY REGIONAL MEDICAL CENTER,NE,-0.19257232813122402,-0.03410451049062535,-0.12918520107498455,3181.0
SIERRA MEDICAL CENTER,TX,-0.17519026507501279,-0.1373386312257799,-0.16004961153531963,3359.0
SIERRA NEVADA MEMORIAL HOSPITAL,CA,-0.12730090767524743,0.007189137803436552,-0.07350488948377383,2830.0
SIERRA PROVIDENCE EAST MEDICAL CENTER,TX,0.05999969015494628,0.5423548196944774,0.25294174197075875,1016.0
SIERRA VIEW MEDICAL CENTER,CA,0.03729658738765007,1.1617595441054045,0.4870817700747519,233.0
SIERRA VISTA HOSPITAL,NM,0.4033841195103016,0.25495102756780713,0.3440108827333038,619.0
SIERRA VISTA REGIONAL MEDICAL CENTER,CA,-0.2720331878167608,0.4333395881981543,0.010115922589205295,2268.0
SIGNATURE HEALTHCARE BROCKTON HOSPITAL,MA,0.15932576476186736,-0.02749752676357531,0.08459644815169029,1791.0
SILOAM SPRINGS REGIONAL HOSPITAL,AR,-0.06344843114222676,0.3974141141823207,0.12089658698759223,1604.0
SILVER CROSS HOSPITAL  AND MEDICAL CENTERS,IL,0.23878662444740392,-0.23066227637035946,0.05100706412029857,2002.0
SILVER LAKE MEDICAL CENTER,CA,0.40338411951030173,-0.7856489094425498,-0.07222909207083894,2822.0
SILVERTON HOSPITAL,OR,-0.029677565775873625,-0.05475133463765604,-0.039707073320586594,2591.0
SIMI VALLEY HOSPITAL & HEALTH CARE SERVICES,CA,0.023107148158089896,-0.16128894723633555,-0.05065128999968029,2672.0
SIMPSON GENERAL HOSPITAL CAH,MS,0.3768971662817895,0.26733912205602584,0.33307394859148404,659.0
SINAI-GRACE HOSPITAL,MI,0.3214401079595918,-0.7443552611484882,-0.10487803968364015,3026.0
SINGING RIVER HOSPITAL,MS,0.0582260102512515,-0.038233875320031384,0.019642056022738344,2205.0
SIOUX CENTER HEALTH,IA,0.02594503600400215,1.122117641743105,0.4644140782996433,271.0
SIOUX FALLS SPECIALTY HOSPITAL LLP,SD,-1.3050243637287384,0.0,-0.783014618237243,4160.0
SISTERS OF CHARITY HOSPITAL,NY,-0.06202948721927074,0.35405578347355565,0.10440462105785983,1680.0
SISTERSVILLE GENERAL HOSPITAL,WV,-0.0038527863780740135,1.1468938307195424,0.45644586046097263,287.0
SITKA COMMUNITY HOSPITAL,AK,-0.053515823681534846,1.3946557204839132,0.5257527939846444,161.0
SKAGIT VALLEY HOSPITAL,WA,-0.29189840273814494,0.21530912520550802,-0.08901539156068375,2926.0
SKIFF MEDICAL CENTER,IA,-0.20912667389904419,0.8619676574905157,0.2193110586567798,1154.0
SKY LAKES MEDICAL CENTER,OR,-0.2237890944362563,0.4531605393793038,0.04699075908996775,2030.0
SKY RIDGE MEDICAL CENTER,CO,-0.22378909443625633,0.002233900008149159,-0.13337989665849415,3211.0
SKYLINE HOSPITAL,WA,0.43814824562272414,-0.3314187782078702,0.1303214360904864,1555.0
SLEEPY EYE MUNICIPAL HOSPITAL,MN,0.4100058578174295,0.2177867441031516,0.33311821233171834,658.0
SLIDELL MEMORIAL HOSPITAL,LA,-0.0038527863780742216,-0.422264804454806,-0.17121759360876695,3425.0
SMITH COUNTY MEMORIAL HOSPITAL,KS,0.3371667364390211,-0.00519895668478193,0.20022045918949988,1229.0
SMYTH COUNTY COMMUNITY HOSPITAL,VA,-0.15284189828845568,0.44820530158401645,0.0875769816605332,1768.0
SOCORRO GENERAL HOSPITAL,NM,0.17162327876081954,0.1930105551267145,0.18017818930717752,1307.0
SOIN MEDICAL CENTER,OH,0.5265484520228837,0.08151770473274786,0.34853615310682934,593.0
SOLDIERS AND SAILORS MEMORIAL HOSPITAL,PA,-0.022299057376502316,0.2797272165442444,0.09851145219179636,1714.0
SOLDIERS AND SAILORS MEMORIAL HOSPITAL OF YATES,NY,0.4729123717351463,0.3623145131323679,0.42867322829403487,351.0
SOMERSET HOSPITAL,PA,-0.11594935629159922,0.1707119850479213,-0.0012848197557910057,2333.0
SONOMA VALLEY HOSPITAL,CA,-0.3779810007308098,0.13107008268562192,-0.1743605673642371,3449.0
SONORA REGIONAL MEDICAL CENTER,CA,-0.2805468513544968,0.5572205330803397,0.05456010241943782,1976.0
SOUTH BALDWIN REGIONAL MEDICAL CENTER,AL,-0.13297668336707133,0.0567415157563107,-0.05708940371771852,2714.0
SOUTH BAY HOSPITAL,FL,0.19621830675872362,0.15089103386677155,0.17808739760194278,1318.0
SOUTH BIG HORN COUNTY CRITICAL ACCESS HOSPITAL,WY,-0.1131114684456872,0.0,-0.06786688106741232,2794.0
SOUTH CENTRAL KS  MED CENTER,KS,-0.2687223186631968,0.5089069645762874,0.042329394632596884,2062.0
SOUTH CENTRAL REG MED CTR,MS,0.21608352168010786,0.31936911890654385,0.25739776057068225,995.0
SOUTH COAST GLOBAL MEDICAL CENTER,CA,0.39014064289604544,0.6513700511908005,0.49463240621394744,221.0
SOUTH COUNTY HOSPITAL INC,RI,-0.2720331878167607,0.10133865591389737,-0.12268445032449747,3143.0
SOUTH FLORIDA BAPTIST HOSPITAL,FL,-0.08189470214065506,0.13107008268562192,0.0032912117898557386,2308.0
SOUTH GEORGIA MEDICAL CENTER,GA,-0.0535158236815346,-0.09191561810231186,-0.06887574144984551,2799.0
SOUTH HAVEN COMMUNITY HOSPITAL,MI,-0.16873407022556286,-0.24883148161974653,-0.20077303478323633,3586.0
SOUTH LAKE HOSPITAL,FL,-0.09324625352430298,0.3491005456782682,0.08369246615672551,1795.0
SOUTH LYON MEDICAL CENTER,NV,0.035877643464694034,1.5680890433189725,0.6487622034064054,59.0
SOUTH MIAMI HOSPITAL,FL,-0.1379429870974175,-0.4098767099665875,-0.24671647624508553,3789.0
SOUTH MISSISSISSPI COUNTY REGIONAL MEDICAL CENTER,AR,0.6467330022972579,-0.2240552926433096,0.2984176843210309,795.0
SOUTH NASSAU COMMUNITIES HOSPITAL,NY,0.10540589568953883,0.1855776984337835,0.13747461678723671,1521.0
SOUTH POINTE HOSPITAL,OH,-0.016623281684678505,-0.44373750156771835,-0.18746896963789444,3512.0
SOUTH SHORE HOSPITAL,IL,0.7013623433310644,-0.06713942912587476,0.39396163434828874,452.0
SOUTH SHORE HOSPITAL,MA,-0.050677935835622655,-0.09687085589759918,-0.06915510386041326,2805.0
SOUTH SUNFLOWER COUNTY HOSPITAL,MS,0.3040580449033806,0.06293556300042,0.20760905214219638,1189.0
SOUTH TEXAS HEALTH SYSTEM,TX,-0.18760602440087792,-0.4222648044548061,-0.2814695364224492,3887.0
SOUTH TEXAS REGIONAL MEDICAL CENTER,TX,0.3199502168404881,0.11868198819740348,0.23944292538325423,1079.0
SOUTH TEXAS SPINE AND SURGICAL HOSPITAL,TX,-1.0765743921328204,0.0,-0.6459446352796921,4123.0
SOUTH TEXAS SURGICAL HOSPITAL,TX,-1.0964396070542048,0.0,-0.6578637642325229,4126.0
SOUTHAMPTON HOSPITAL,NY,-0.027028870453022453,-0.11173656928346139,-0.06091194998519803,2736.0
SOUTHAMPTON MEMORIAL HOSPITAL,VA,-0.007163655531638262,0.17071198504792115,0.06398660070018551,1916.0
"SOUTHCOAST HOSPITAL GROUP, INC",MA,0.1650015404536914,-0.7443552611484879,-0.19874118018718034,3573.0
SOUTHEAST ALABAMA MEDICAL CENTER,AL,-0.04358321622084267,-0.22818465747271557,-0.11742379272159184,3111.0
SOUTHEAST COLORADO HOSPITAL,CO,0.3504102130532771,1.3698795315074757,0.7581979404349566,25.0
SOUTHEAST GEORGIA HEALTH SYSTEM- BRUNSWICK CAMPUS,GA,-0.087570477832479,0.36396625906413044,0.09304421692616477,1743.0
SOUTHEAST GEORGIA HEALTH SYSTEM- CAMDEN CAMPUS,GA,-0.017758436823043254,0.007189137803436514,-0.007779406972451346,2377.0
SOUTHEAST HEALTH CENTER OF RIPLEY COUNTY,MO,0.2643276150606125,-0.12907990156696725,0.10696460840958058,1670.0
SOUTHEASTERN OHIO REGIONAL MEDICAL CENTER,OH,0.10824378353545086,0.30450340552068156,0.18674763232954314,1283.0
SOUTHEASTERN REGIONAL MEDICAL CENTER,GA,-0.053515823681534846,0.0,-0.032109494208920904,2541.0
SOUTHEASTERN REGIONAL MEDICAL CENTER,NC,0.18734990724024858,-0.5337576548487728,-0.10109311759535998,2999.0
SOUTHEASTHEALTH,MO,-0.011302241973593224,0.015447867462248835,-0.0006021981992564004,2329.0
SOUTHEASTHEALTH CENTER OF STODDARD COUNTY,MO,0.5225754090386069,-0.04236324014943745,0.2965999493633892,805.0
SOUTHERN CALIFORNIA HOSPITAL AT HOLLYWOOD,CA,0.41993846527812195,-0.869887951962436,-0.09599210161810123,2970.0
SOUTHERN COOS HOSPITAL & HEALTH CENTER,OR,0.4977438903868766,0.12281135302680946,0.34777087544284974,594.0
SOUTHERN HILLS HOSPITAL AND MEDICAL CENTER,NV,-0.0847325899865669,-0.04236324014943769,-0.06778485005171521,2793.0
SOUTHERN MAINE HEALTH CARE,ME,-0.3202772811972653,0.06665199134688547,-0.16550557217960496,3392.0
SOUTHERN NH MEDICAL CENTER,NH,-0.15284189828845565,-0.1266022826693236,-0.14234605204080283,3265.0
SOUTHERN OCEAN MEDICAL CENTER,NJ,-0.3770350381155057,0.10133865591389739,-0.18568556050374443,3502.0
SOUTHERN OHIO MEDICAL CENTER,OH,-0.07089788673774582,-0.3190306837196517,-0.1701510055305082,3418.0
SOUTHERN PALMETTO HOSPITAL,SC,0.7063286470614103,0.1558462716620589,0.4861356969016697,235.0
SOUTHERN REGIONAL MEDICAL CENTER,GA,0.059999690154946266,0.3540557834735556,0.17762212748239,1322.0
SOUTHERN SURGICAL HOSPITAL,LA,-1.1063722145148966,0.0,-0.663823328708938,4128.0
SOUTHERN TENNESSEE REGIONAL HEALTH SYSTEM LAWRENCE,TN,0.06567546584677035,-0.2157965629844972,-0.04691334568573668,2641.0
SOUTHERN TENNESSEE REGIONAL HEALTH SYSTEM PULASKI,TN,0.2563815290920585,0.046831040165735825,0.17256133352152944,1350.0
SOUTHERN TENNESSEE REGIONAL HLTH SYSTEM WINCHESTER,TN,0.15081210122413125,0.1211596070950471,0.13895110357249757,1510.0
SOUTHERN VIRGINIA REGIONAL MEDICAL CENTER,VA,0.539129754806427,0.24999578977251988,0.4234761687928641,369.0
"SOUTHSIDE COMMUNITY HOSPITAL, INC",VA,0.03729658738765002,0.29459292993010655,0.14021512440463263,1506.0
SOUTHSIDE HOSPITAL,NY,0.048293402790559346,0.04848278609749842,0.04836915611333498,2017.0
SOUTHSIDE REGIONAL MEDICAL CENTER,VA,0.2955443813656446,0.240085314181945,0.27336075449216474,907.0
SOUTHWEST GENERAL HEALTH CENTER,OH,-0.1404261389625905,-0.5915687624604594,-0.32088318836173807,3966.0
SOUTHWEST GENERAL HOSPITAL,TX,-0.09892202921612725,0.24008531418194515,0.03668090814310172,2096.0
SOUTHWEST GEORGIA REGIONAL MEDICAL CENTER,GA,0.5623058388813749,-0.04236324014943743,0.3204382072690499,718.0
SOUTHWEST HEALTH CENTER,WI,0.4033841195103016,1.1840581141841975,0.71565371737986,38.0
SOUTHWEST HEALTHCARE SERVICES,ND,-0.03365060876015038,1.493760476389661,0.5773138252997743,108.0
SOUTHWEST HEALTHCARE SYSTEM,CA,-0.005271730301030152,0.3689214968594178,0.14440556056314904,1486.0
SOUTHWEST MEDICAL CENTER,KS,-0.18065319917839356,0.1682343661502775,-0.04109817304692513,2604.0
SOUTHWEST MEMORIAL HOSPITAL,CO,-0.1607879842570094,0.32308554725300936,0.03276142834699812,2117.0
SOUTHWEST MS REGIONAL MEDICAL CENTER,MS,0.07560807330746253,-0.058880699467062404,0.021812564197652554,2195.0
"SOUTHWEST ORTHOPEDIC AND SPINE HOSPITAL, LLC",AZ,-1.1659678592790492,0.0,-0.6995807155674295,4136.0
SOUTHWESTERN MEDICAL CENTER,OK,-0.08000277691004704,0.15584627166205905,0.014336842518795405,2242.0
"SOUTHWESTERN REGIONAL MEDICAL CENTER, INC",OK,-0.03365060876015038,0.0,-0.020190365256090227,2460.0
SOUTHWESTERN VERMONT MEDICAL CENTER,VT,-0.20959965520669618,0.007189137803436574,-0.12288413800264307,3144.0
SPANISH PEAKS REGIONAL HEALTH CENTER,CO,0.2775710916748684,0.6265938622143636,0.41718019989066646,385.0
SPARKS MEDICAL CENTER - VAN BUREN,AR,0.48284497919583824,0.10629389370918485,0.33222454500117693,662.0
SPARKS REGIONAL MEDICAL CENTER,AR,-0.031167456894977602,0.019577232291654968,-0.010869581220324573,2393.0
SPARROW CARSON HOSPITAL,MI,0.0060798210826178796,0.13107008268562195,0.05607592572381952,1961.0
SPARROW CLINTON HOSPITAL,MI,-0.2561410158796533,-0.10017434776112417,-0.19375434863224164,3550.0
SPARROW IONIA HOSPITAL,MI,0.4629797642744542,-0.1992791036668724,0.19807621709792356,1234.0
SPARTA COMMUNITY HOSPITAL,IL,0.5325080164992988,0.45316053937930395,0.5007690256513009,206.0
SPARTANBURG MEDICAL CENTER,SC,-0.2869320990077989,-0.18276164434924771,-0.24526391714437845,3782.0
SPEARE MEMORIAL HOSPITAL,NH,-0.09324625352430314,-0.023781098417109847,-0.06546019148142582,2769.0
SPEARFISH REGIONAL HOSPITAL,SD,-0.2687223186631968,0.6203998149702543,0.08692653479018367,1773.0
SPECIALISTS HOSPITAL SHREVEPORT,LA,-1.2652939338859701,0.0,-0.7591763603315821,4155.0
SPECTRUM HEALTH - BUTTERWORTH CAMPUS,MI,-0.21988699864812727,-0.34793623752549485,-0.2711066941990743,3854.0
SPECTRUM HEALTH BIG RAPIDS HOSPITAL,MI,-0.30514187935240117,0.11248794095329406,-0.13808995123012308,3240.0
SPECTRUM HEALTH GERBER MEMORIAL,MI,-0.1568149412727326,-0.19102037400806016,-0.1704971143668636,3421.0
SPECTRUM HEALTH KELSEY HOSPITAL,MI,0.3437884747461489,0.007189137803436514,0.20914873996906394,1183.0
SPECTRUM HEALTH LUDINGTON HOSPITAL,MI,-0.3316288325809134,0.1682343661502778,-0.13168355308843693,3199.0
SPECTRUM HEALTH PENNOCK,MI,-0.10648973013855921,-0.19721442125216937,-0.1427796065840033,3268.0
SPECTRUM HEALTH REED CITY HOSPITAL,MI,0.15308241150086074,0.49032482284395945,0.2879793760381002,852.0
SPECTRUM HEALTH UNITED MEMORIAL - UNITED CAMPUS,MI,-0.2852766644310169,-0.19721442125216937,-0.25005176715947786,3803.0
SPECTRUM HEALTH ZEELAND COMMUNITY HOSPITAL,MI,-0.14489581231990195,-0.10430371259053033,-0.1286589724281533,3179.0
SPENCER MUNICIPAL HOSPITAL,IA,-0.3548049166558616,0.36644387796177413,-0.06630539880880729,2776.0
SPOONER HEALTH SYSTEM,WI,0.5573395351510292,0.031965326779873626,0.34718985180256695,601.0
SPOTSYLVANIA REGIONAL MEDICAL CENTER,VA,0.02594503600400195,0.15584627166205894,0.07790553026722474,1831.0
SPRING VALLEY HOSPITAL MEDICAL CENTER,NV,0.008562972947790903,-0.1827616443492476,-0.0679668739710245,2796.0
SPRING VIEW HOSPITAL,KY,-0.005839307870212651,0.18888119029730846,0.07204889139679581,1872.0
SPRINGFIELD HOSPITAL,VT,0.028782923849914082,0.012144375598723887,0.022127504549438,2192.0
SPRINGFIELD REGIONAL MEDICAL CENTER,OH,0.035877643464694124,-0.3685830616725257,-0.12590663859019383,3165.0
SPRINGHILL MEDICAL CENTER,LA,0.21665109924929035,-0.12907990156696728,0.0783586989227873,1829.0
SPRINGHILL MEMORIAL HOSPITAL,AL,0.04829340279055927,-0.2447021167903404,-0.0689048050418006,2800.0
SPRINGS MEMORIAL HOSPITAL,SC,0.05432391446312233,0.562175770875627,0.2574646570281242,994.0
SSM HEALTH DEPAUL HOSPITAL ST LOUIS,MO,-0.028684305029804513,-0.2612195761079651,-0.12169841346106876,3139.0
SSM HEALTH SAINT JOSEPH HOSPITAL-LAKE SAINT LOUIS,MO,-0.1074356927538632,0.36396625906413044,0.08112508797333426,1811.0
SSM HEALTH SAINT LOUIS UNIVERSITY HOSPITAL,MO,0.4729123717351462,0.27477197874895687,0.3936562145406705,455.0
SSM HEALTH ST CLARE HOSPITAL - FENTON,MO,-0.03613376062532353,-0.2777370354255899,-0.13277507054543009,3208.0
SSM HEALTH ST FRANCIS HOSPITAL - MARYVILLE,MO,-0.2521679728953766,0.1145526233679971,-0.10547973439002713,3032.0
SSM HEALTH ST JOSEPH HOSPITAL-ST CHARLES,MO,0.06070916211642441,-0.22818465747271566,-0.05484836571923162,2700.0
SSM HEALTH ST MARY'S HOSPITAL - ST LOUIS,MO,-0.14042613896259057,-0.3933592506489627,-0.24159938363713945,3771.0
SSM HEALTH ST MARY'S HOSPITAL -CENTRALIA,IL,0.1905425310668996,-0.31985655668553276,-0.013617104034073346,2417.0
SSM HEALTH ST. MARY'S HOSPITAL - JEFFERSON CITY,MO,-0.026201153164631508,-0.4305235341136185,-0.1879301055442263,3514.0
SSM HEALTH ST. MARY'S HOSPITAL-AUDRAIN,MO,-0.10317886098499517,0.2945929299301066,0.05592985538104555,1965.0
ST AGNES HOSPITAL,WI,-0.33162883258091336,0.2797272165442444,-0.08708641293085026,2916.0
ST ALEXIUS HOSPITAL,MO,0.7112949507917565,-0.01758705117300045,0.41974215000585374,378.0
ST ALEXIUS MEDICAL CENTER,IL,-0.32595305688908927,-0.3446327456619699,-0.3334249323982415,3988.0
ST ALEXIUS MEDICAL CENTER,ND,-0.32417937698539434,-0.3107719540608393,-0.3188164078155723,3962.0
ST ALOISIUS MEDICAL CENTER,ND,0.4927775866565305,-0.21579656298449712,0.20934792680011943,1182.0
ST ALPHONSUS REGIONAL MEDICAL CENTER,ID,-0.36142665496298965,-0.13733863122577977,-0.2717914454681057,3856.0
ST ANDREWS HEALTH CENTER - CAH,ND,0.18486675537507563,1.5185366653660985,0.7183347193714849,37.0
ST ANDREWS HOSPITAL,ME,-0.010474524685202083,-0.05475133463765616,-0.028185248666183715,2510.0
ST ANTHONY COMMUNITY HOSPITAL,NY,-0.03365060876015047,-0.02749752676357542,-0.03118937596152045,2532.0
ST ANTHONY HOSPITAL,OK,0.04829340279055927,-0.2736076705961837,-0.08046702656413793,2878.0
ST ANTHONY HOSPITAL,OR,-0.25216797289537657,0.1682343661502774,-0.08400703727711498,2899.0
ST ANTHONY HOSPITAL,WA,-0.2663574121249367,0.09638341811861004,-0.12126108002751798,3138.0
ST ANTHONY NORTH HEALTH CAMPUS,CO,-0.2635195242790248,0.07656246693746029,-0.12748672779243075,3174.0
ST ANTHONY REGIONAL HOSPITAL & NURSING HOME,IA,-0.291898402738145,0.5151010118203967,0.030901363085271694,2127.0
ST ANTHONY SHAWNEE HOSPITAL,OK,-0.09040836567839097,0.5572205330803396,0.16864319382510126,1372.0
ST ANTHONY SUMMIT MEDICAL CENTER,CO,-0.7223113927014689,0.6513700511908005,-0.17283881514456118,3440.0
ST ANTHONY'S MEDICAL CENTER,MO,0.23452979267853602,0.052612150926904584,0.16176273597788343,1406.0
ST ANTHONYS HOSPITAL,FL,-0.033650608760150594,-0.2455279897562217,-0.11840156115857904,3115.0
ST ANTHONYS MEMORIAL HOSPITAL,IL,-0.15284189828845568,0.4928024417416032,0.1054158377235679,1674.0
ST BARNABAS HOSPITAL,NY,0.38020803543535336,0.15089103386677163,0.28848123480792065,847.0
ST BERNARD HOSPITAL,IL,0.9844416559607891,0.06293556300041997,0.6158392187766415,81.0
ST BERNARD PARISH HOSPITAL,LA,0.5672721426117211,-0.4222648044548061,0.17145736378511023,1355.0
ST BERNARDINE MEDICAL CENTER,CA,-0.11559462031086024,-0.1373386312257798,-0.12429222467682806,3159.0
ST BERNARDS MEDICAL CENTER,AR,0.2320466408133629,0.20952801444433952,0.22303919026575356,1139.0
ST CATHERINE HOSPITAL,KS,0.022634166850438026,0.18062246063849616,0.08582948436566129,1782.0
ST CATHERINE HOSPITAL INC,IN,-0.1106283165805142,-0.6411211404133336,-0.32282544611364195,3973.0
ST CATHERINE OF SIENA HOSPITAL,NY,0.1479742133782192,-0.11173656928346143,0.04408990031354694,2047.0
ST CHARLES - MADRAS,OR,0.3239232598247646,0.8000271850494228,0.514364829914628,184.0
ST CHARLES HOSPITAL,NY,-0.025136945222414504,-0.14146799605518598,-0.0716693655555231,2815.0
ST CHARLES MEDICAL CENTER - BEND,OR,-0.3961907810754119,0.04022405643868591,-0.22162484606977276,3676.0
ST CHARLES MEDICAL CENTER - REDMOND,OR,-0.27534405697032477,0.11868198819740325,-0.11773363890323355,3113.0
ST CHARLES PARISH HOSPITAL,LA,0.6086580070312716,0.4283843504028669,0.5365485443799097,144.0
ST CHARLES PRINEVILLE,OR,0.5225754090386069,0.10009984646507572,0.3535851840091944,570.0
ST CLAIR HOSPITAL,PA,-0.09572940538947616,-0.3851005209901504,-0.21147785162974586,3634.0
ST CLAIRE REGIONAL MEDICAL CENTER,KY,0.00891770892853004,0.09638341811861005,0.04390399260456204,2049.0
ST CLARE HOSPITAL,WA,-0.2720331878167608,0.3144138811112562,-0.037454360245553986,2577.0
ST CLARE HOSPITAL,WI,-0.30845274850596527,0.18062246063849607,-0.11282266484818072,3083.0
ST CLARES HOSPITAL OF WESTON,WI,-0.1652576576143208,-0.10430371259053028,-0.14087607960480458,3256.0
ST CLOUD HOSPITAL,MN,-0.04854951995118878,-0.5172401955311482,-0.23602579018317255,3742.0
ST CLOUD REGIONAL MEDICAL CENTER,FL,0.20804283945002378,0.1707119850479213,0.1931104976891828,1258.0
ST CROIX REGIONAL MEDICAL CENTER,WI,-0.04159669472870414,-0.24057275196093433,-0.12118711762159623,3137.0
ST DAVID'S MEDICAL CENTER,TX,-0.18263972067053186,-0.49246400655471123,-0.30656943502420364,3943.0
ST DAVID'S SOUTH AUSTIN MEDICAL CENTER,TX,0.16748469231886443,-0.30251322440202677,-0.020514474369492053,2466.0
ST DOMINIC-JACKSON MEMORIAL HOSPITAL,MS,0.12775426247609603,-0.5007227362135235,-0.12363653699975179,3152.0
ST EDWARD MERCY MEDICAL CENTER,AR,-0.06593158300739979,0.060870880585716915,-0.015210597570153105,2430.0
ST ELIZABETH BOARDMAN HEALTH CENTER,OH,0.13946054984048317,0.12611484489033467,0.13412226786042378,1538.0
ST ELIZABETH COMMUNITY HOSPITAL,CA,-0.2819657952774528,0.5832355315055984,0.0641147354357677,1915.0
ST ELIZABETH FLORENCE,KY,0.6020362687241435,-0.08200514251173699,0.3284197042297913,678.0
ST ELIZABETH FT THOMAS,KY,0.2775710916748685,0.11620436929975964,0.21302440272482492,1168.0
ST ELIZABETH GRANT,KY,0.24446240013922801,0.01957723229165531,0.15450833300019892,1447.0
ST ELIZABETH HOSPITAL,IL,0.030911339734348064,-0.19102037400806005,-0.05786134576261519,2723.0
ST ELIZABETH HOSPITAL,LA,-0.061461909650088395,0.1372641299297313,0.018028506181839488,2213.0
ST ELIZABETH HOSPITAL,WA,-0.21574841220617216,0.205398649614933,-0.047289587477730086,2648.0
ST ELIZABETH HOSPITAL,WI,-0.1503587464232826,-0.1290799015669675,-0.14184720848075655,3261.0
ST ELIZABETH MEDICAL CENTER,MN,0.4927775866565305,0.0,0.2956665519939183,812.0
ST ELIZABETH MEDICAL CENTER,NY,-0.2149206949177812,-0.306642589231433,-0.2516094526432419,3805.0
ST ELIZABETH MEDICAL CENTER NORTH,KY,0.05077655465573232,-0.5007227362135235,-0.16982316169197,3417.0
ST ELIZABETH OWEN,KY,0.36365368966753325,0.8991319409551717,0.5778449901825886,105.0
ST ELIZABETH YOUNGSTOWN HOSPITAL,OH,0.12527111061092294,-0.12907990156696741,0.023530705739766795,2182.0
ST ELIZABETH'S MEDICAL CENTER,MA,0.09795644009401966,-0.5254989251899608,-0.15142570601957253,3321.0
ST FRANCIS COMMUNITY HOSPITAL,WA,-0.23230275797399244,0.34910054567826826,0.0002585634869118614,2324.0
ST FRANCIS HEALTH CENTER INC,KS,-0.2745163396819338,0.00718913780343657,-0.16183414868778562,3372.0
ST FRANCIS HOSPITAL,DE,0.24446240013922796,-0.20588608739392225,0.06432300512596788,1914.0
ST FRANCIS HOSPITAL,GA,-0.37632556615402774,0.22604547376196407,-0.135377150187631,3222.0
ST FRANCIS HOSPITAL,IL,-0.20250493559191599,0.49651887008806894,0.07710458668007801,1836.0
ST FRANCIS HOSPITAL,MI,0.1153385031502309,0.29459292993010666,0.1870402738621812,1279.0
ST FRANCIS HOSPITAL,TN,-0.01875169756911227,-0.2447021167903404,-0.10913186525760353,3067.0
ST FRANCIS HOSPITAL,WV,-0.1244630198293354,-0.0522737157400124,-0.0955872981936062,2967.0
ST FRANCIS HOSPITAL & MEDICAL CENTER,CT,-0.09076310165912999,-0.4676878175782741,-0.24153298802678763,3770.0
"ST FRANCIS HOSPITAL, ROSLYN",NY,-0.20002178372674312,-0.7526139908073005,-0.42105866655896607,4077.0
ST FRANCIS MEDICAL CENTER,LA,-0.30679731392918314,-0.40987670996658765,-0.34802907234414493,4015.0
ST FRANCIS MEDICAL CENTER,MN,0.5523732314206833,0.6761462401672377,0.601882434919305,91.0
ST FRANCIS MEDICAL CENTER,NJ,0.08270279292224267,0.01957723229165505,0.05745256867000762,1952.0
ST FRANCIS MEMORIAL HOSPITAL,NE,-0.10516538247713356,0.7091811588024871,0.2205732340347147,1151.0
ST FRANCIS REGIONAL MEDICAL CENTER,MN,-0.08000277691004685,-0.017587051173000412,-0.05503648661522828,2701.0
ST FRANCIS-DOWNTOWN,SC,-0.5923597784240808,-0.03823387532003142,-0.3707094171824611,4044.0
ST GABRIELS HOSPITAL,MN,-0.04556973771298116,0.06912961024452924,0.0003100014700230039,2323.0
ST HELENA HOSPITAL,CA,-0.07586419046809187,-0.4718171824076802,-0.23424538724392724,3734.0
ST HELENA HOSPITAL-CLEARLAKE,CA,0.5275417127689528,-0.4387822637724308,0.1410121221523993,1501.0
ST HELENA PARISH HOSPITAL CAH,LA,-0.1329766833670713,0.0,-0.07978601002024278,2872.0
ST JAMES HEALTHCARE,MT,-0.1982481038230481,0.05674151575631068,-0.09625225599130459,2973.0
ST JAMES MERCY HOSPITAL,NY,0.30803108788765765,0.2177867441031516,0.27193335037385524,917.0
ST JAMES PARISH HOSPITAL,LA,0.337166736439021,1.5185366653660985,0.8097147080098521,14.0
"ST JOHN BROKEN ARROW, INC",OK,-0.07338103860291885,-0.44704099343124315,-0.2228450205342486,3682.0
ST JOHN HOSPITAL AND MEDICAL CENTER,MI,0.07312492144228948,-0.10430371259053027,0.002153467829161572,2313.0
ST JOHN MACOMB-OAKLAND HOSPITAL-MACOMB CENTER,MI,0.013529276678136894,-0.20753783332568473,-0.07489756732339176,2837.0
ST JOHN MEDICAL CENTER,OH,-0.04216427229788663,-0.007676575582425673,-0.028369193611702245,2514.0
"ST JOHN MEDICAL CENTER, INC",OK,-0.04110006435566961,0.10629389370918478,0.017857518870272152,2215.0
ST JOHN OWASSO,OK,-0.07735408158719559,0.02370659712106134,-0.03692981010389282,2568.0
ST JOHN RIVER DISTRICT HOSPITAL,MI,-0.18926145897766003,0.19548817402435836,-0.035361605776852656,2564.0
"ST JOHN SAPULPA, INC",OK,0.25108413844635624,-0.31490131889024536,0.024689955511715572,2170.0
ST JOHN'S EPISCOPAL HOSPITAL AT SOUTH SHORE,NY,1.082774469821641,0.5324443441039026,0.8626424195345457,9.0
ST JOHN'S RIVERSIDE HOSPITAL,NY,0.3210853719788528,-0.16624418503162294,0.12615354917466248,1577.0
ST JOHNS HOSPITAL,IL,-0.27451633968193373,-0.1786322795198415,-0.23616271561709684,3743.0
ST JOHNS MEDICAL CENTER,WY,-0.21574841220617233,-0.05475133463765616,-0.15134958117876585,3320.0
ST JOHNS PLEASANT VALLEY HOSPITAL,CA,-0.08757047783247913,0.4779367283557409,0.13863240464280888,1513.0
ST JOHNS REGIONAL MEDICAL CENTER,CA,-0.21988699864812736,-0.4346528989430247,-0.3057933587660863,3940.0
ST JOSEPH HOSPITAL,CA,-0.3303044849194877,0.08602246636482723,-0.16377370440576175,3381.0
ST JOSEPH HOSPITAL,IN,0.24115153098566414,0.24999578977251993,0.24468923450040647,1058.0
ST JOSEPH HOSPITAL,ME,-0.1868965524393999,-0.0770499047164496,-0.14295789335021977,3270.0
ST JOSEPH HOSPITAL,NH,-0.13581457121298338,-0.23561751416564683,-0.17573574839404876,3455.0
ST JOSEPH HOSPITAL,NY,0.017431372466265964,0.13602532048090946,0.06486895167212336,1913.0
ST JOSEPH HOSPITAL,WV,0.552373231420683,0.19713991995612076,0.4102799068348581,409.0
ST JOSEPH MEDICAL CENTER,IL,-0.20002178372674306,-0.06713942912587463,-0.14686884188639568,3294.0
ST JOSEPH MEDICAL CENTER,MO,-0.11062831658051418,-0.26534894093737127,-0.17251656632325701,3437.0
ST JOSEPH MEDICAL CENTER,PA,-0.24720166916503047,-0.2116671981550909,-0.23298788076105464,3727.0
ST JOSEPH MEDICAL CENTER,TX,-0.12162513198342328,-0.40574734513718136,-0.23527401724492653,3740.0
ST JOSEPH MEDICAL CENTER,WA,-0.2931399786707315,-0.06507474671117155,-0.2019138858869075,3590.0
ST JOSEPH MEMORIAL HOSPITAL,IL,0.6814971284096801,-0.19927910366687232,0.32918663557905914,673.0
ST JOSEPH MERCY CHELSEA,MI,-0.35811578580942566,-0.011393003928891032,-0.2194266730572118,3666.0
ST JOSEPH MERCY HOSPITAL,MI,0.0011135173522718728,-0.6865441535368015,-0.2739495510033575,3866.0
ST JOSEPH MERCY OAKLAND,MI,-0.15035874642328267,-0.352065602354901,-0.23104148879593,3710.0
ST JOSEPH REGIONAL HEALTH CENTER,TX,0.0035966692174448367,-0.005198956684781948,7.841885655412257e-05,2325.0
ST JOSEPH REGIONAL MEDICAL CENTER,ID,-0.22095120659034428,0.31936911890654374,-0.004823076391589076,2355.0
ST JOSEPH WARREN HOSPITAL,OH,-0.07054315075700683,0.28468245433953177,0.07154709128160862,1876.0
ST JOSEPH'S HOSPITAL,AZ,-0.18122077674757592,0.45811577717459145,0.07451384482129104,1851.0
ST JOSEPH'S HOSPITAL,IL,-0.08530016755574943,-0.08365688844349939,-0.08464285591084941,2906.0
ST JOSEPH'S HOSPITAL,MN,-0.16774080947949385,-0.3438068726960886,-0.23816723476613177,3756.0
ST JOSEPH'S HOSPITAL,PA,1.1383970716015164,-0.15798545537281053,0.6198440608117856,78.0
ST JOSEPH'S HOSPITAL & HEALTH CENTER,ND,-0.07905681429474296,0.5175786307180402,0.1595973637103703,1422.0
ST JOSEPH'S HOSPITAL - SAVANNAH,GA,-0.180156568805359,-0.07952752361409325,-0.1399049507288527,3250.0
ST JOSEPH'S HOSPITAL HEALTH CENTER,NY,-0.1503587464232826,-0.6782854238779893,-0.3615294174051653,4035.0
"ST JOSEPH'S HOSPITAL, INC",NY,0.16169067130012718,0.08151770473274783,0.12962148467317544,1562.0
ST JOSEPH'S MEDICAL CENTER,NY,0.0770270172304186,0.16575674725263387,0.11251890923930472,1640.0
ST JOSEPH'S MEDICAL CENTER OF STOCKTON,CA,-0.041100064355669645,0.05261215092690449,-0.0036151782426399916,2349.0
ST JOSEPH'S REGIONAL MEDICAL CENTER,NJ,0.455530308678935,-0.3025132244020269,0.15231289544655024,1456.0
ST JOSEPHS AREA  HEALTH SERVICES,MN,0.4927775866565305,0.5357478359674276,0.5099656863808893,191.0
ST JOSEPHS COMMUNITY HOSPITAL OF WEST BEND,WI,-0.15615276744201967,0.00223390000814907,-0.09279810046195217,2952.0
ST JOSEPHS HEALTH SERVICES,WI,0.4679460680048003,-0.17450291469043544,0.210966474926706,1177.0
ST JOSEPHS HOSPITAL,FL,-0.026201153164631407,-0.32316004854905783,-0.144984711318402,3284.0
ST JOSEPHS HOSPITAL,IL,0.3735862971282252,-0.25709021127855886,0.12131569376551159,1602.0
ST JOSEPHS HOSPITAL,WI,-0.057488866665811586,-0.1745029146904353,-0.10429448587566106,3021.0
ST JUDE MEDICAL CENTER,CA,-0.2546511247605495,-0.18689100917865395,-0.2275470785277913,3698.0
ST LUCIE MEDICAL CENTER,FL,0.48284497919583835,0.5373995818991901,0.5046668202771791,202.0
ST LUKE COMMUNITY HOSPITAL,MT,0.6467330022972579,-0.1084330774199364,0.3446665704103802,613.0
ST LUKE HOSPITAL & LIVING CENTER,KS,0.07560807330746264,0.8495795630022972,0.3851966691853965,480.0
ST LUKE'S CORNWALL HOSPITAL,NY,0.11959533491909893,0.20539864961493307,0.1539166607974326,1449.0
ST LUKE'S ELMORE MEDICAL CENTER,ID,0.3835189045889176,-0.14972672571399828,0.17022065246775123,1365.0
ST LUKE'S HOSPITAL,ND,0.035877643464694214,0.3292795944971187,0.153238423877664,1453.0
ST LUKE'S HOSPITAL,OH,-0.03861691249049649,-0.25709021127855886,-0.12600623200572145,3167.0
ST LUKE'S HOSPITAL - ANDERSON CAMPUS,PA,0.21797544691071594,-0.30003560550438324,0.010771025944676244,2261.0
ST LUKE'S HOSPITAL AT THE VINTAGE,TX,0.14182545637874308,0.0666519913468855,0.11175607036600005,1644.0
ST LUKE'S HOSPITAL BETHLEHEM,PA,-0.30431416206401013,-0.4511703582606493,-0.3630566405426658,4036.0
ST LUKE'S JEROME,ID,-0.0634484311422269,0.9239081299316082,0.3314941932873071,664.0
ST LUKE'S MAGIC VALLEY RMC,ID,-0.20676176736078417,0.2945929299301067,-0.006219888444427807,2368.0
ST LUKE'S MCCALL,ID,-0.7355548693157252,0.4779367283557411,-0.2501582302471387,3804.0
ST LUKE'S MEDICAL CENTER,AZ,-0.12162513198342335,-0.28516989211852095,-0.18704303603746242,3509.0
ST LUKE'S MINERS MEMORIAL HOSPITAL,PA,-0.24554623458824856,-0.007676575582425649,-0.1503983709859194,3314.0
ST LUKE'S PATIENTS MEDICAL CENTER,TX,-0.29757417842996897,0.012144375598723922,-0.17368675681849183,3446.0
ST LUKE'S QUAKERTOWN HOSPITAL,PA,-0.4210222997271423,0.05178627796102335,-0.231898868651876,3716.0
ST LUKE'S REGIONAL MEDICAL CENTER,ID,-0.5228315261992361,-0.41813543962539984,-0.4809530915697016,4105.0
ST LUKE'S ROOSEVELT HOSPITAL,NY,0.10540589568953883,-0.5626632086546163,-0.16182174604812322,3371.0
ST LUKE'S SUGAR LAND HOSPITAL,TX,0.19811023198933167,0.0022339000081491368,0.11975969919685865,1611.0
ST LUKE'S THE WOODLANDS HOSPITAL,TX,-0.00881909010842033,-0.31077195406083924,-0.1296002356893879,3186.0
ST LUKE'S WARREN HOSPITAL,NJ,-0.2488571037418125,-0.09191561810231175,-0.18608050948601218,3504.0
ST LUKE'S WOOD RIVER MEDICAL CENTER,ID,-0.7620418225442375,0.9982366968609196,-0.05793041478217459,2724.0
ST LUKES HOSPITAL,IA,-0.19257232813122407,-0.3685830616725258,-0.26297662154774476,3827.0
ST LUKES HOSPITAL,MN,-0.2472016691650305,-0.347936237525495,-0.28749549650921635,3904.0
ST LUKES HOSPITAL,MO,-0.34404459190677844,-0.7154497073426449,-0.49260663808112504,4108.0
ST LUKES HOSPITAL,NC,-0.2621005803560687,0.16823436615027768,-0.08996660175353013,2932.0
ST LUKES HOSPITAL OF KANSAS CITY,MO,-0.0013696345129012022,-0.6039568569486781,-0.24240452348721195,3772.0
ST LUKES LAKESIDE HOSPITAL,TX,-1.2950917562680466,0.6513700511908005,-0.5165070332845078,4111.0
ST LUKES REGIONAL MEDICAL CENTER,IA,-0.1783828889016639,0.2549510275678073,-0.005049322313875421,2358.0
ST MARGARETS HOSPITAL,IL,-0.15615276744201964,0.21159269685904247,-0.00905458172159479,2382.0
ST MARKS HOSPITAL,UT,-0.17270711320983984,-0.25296084644915273,-0.20480860650556498,3606.0
ST MARKS MEDICAL CENTER,TX,-0.25216797289537646,0.12115960709504706,-0.10283694089920703,3011.0
ST MARTIN HOSPITAL,LA,0.2643276150606122,-0.09191561810231175,0.12183032179544262,1600.0
ST MARY MEDICAL CENTER,CA,0.012701559389745902,-0.5998274921192718,-0.23231006121386116,3722.0
ST MARY MEDICAL CENTER,IL,-0.02797483306832652,0.6265938622143634,0.23385264504474945,1106.0
ST MARY MEDICAL CENTER,PA,-0.1155946203108603,-0.3314187782078702,-0.20192428346966426,3591.0
ST MARY MEDICAL CENTER INC,IN,0.13023741434126912,-0.7773901797837376,-0.2328136233087336,3725.0
ST MARY MERCY HOSPITAL,MI,0.0685133536926824,-0.0572289535352998,0.01821643080148952,2211.0
ST MARY'S GENERAL HOSPITAL,NJ,0.07560807330746236,-0.23644338713152804,-0.04921251086813381,2660.0
ST MARY'S GOOD SAMARITAN HOSPITAL,GA,-0.08530016755574929,-0.2075378333256849,-0.13419523386372353,3214.0
ST MARY'S HOSPITAL,GA,-0.3855487016532418,0.37387673465470544,-0.08177852713006287,2885.0
ST MARY'S HOSPITAL,ID,0.6219014836455277,0.007189137803436521,0.3760165453086912,512.0
ST MARY'S HOSPITAL ( TROY ),NY,-0.11027358059977528,0.3491005456782682,0.07347606991144212,1857.0
ST MARY'S HOSPITAL AT AMSTERDAM,NY,-0.1443282347507196,0.5225338685133277,0.12241660655489935,1596.0
ST MARY'S MEDICAL CENTER,CA,-0.09608414137021519,0.0666519913468855,-0.030989688283374908,2531.0
ST MARY'S MEDICAL CENTER,FL,0.13520371807161494,0.7195045708760026,0.36892405919337,532.0
ST MARY'S MEDICAL CENTER,IN,-0.16029135388397475,-0.27360767059618357,-0.20561788056885827,3609.0
ST MARY'S MEDICAL CENTER,MO,0.03162081169582604,0.1954881740243583,0.09716775662723895,1723.0
ST MARY'S MEDICAL CENTER,WV,0.03587764346469413,-0.33141877820787025,-0.11104092520433163,3075.0
ST MARY'S OF MICHIGAN MEDICAL CENTER,MI,-0.07089788673774584,-0.1579854553728105,-0.1057329141917717,3034.0
ST MARY'S REGIONAL MEDICAL CENTER,OK,-0.3685213745777696,0.16575674725263378,-0.15481012584560827,3341.0
"ST MARY'S SACRED HEART HOSPITAL, INC",GA,0.2365163141706744,0.16204031890616824,0.20672591606487192,1195.0
"ST MARY'S WARRICK HOSPITAL, INC",IN,0.3305449981318929,-0.0795275236140931,0.1665159894334985,1382.0
ST MARYS  MEDICAL CENTER,CO,-0.3440445919067784,-0.03410451049062524,-0.22006855934031713,3669.0
ST MARYS HOSPITAL,IL,-0.042164272297886544,0.07904008583510405,0.006317470955309695,2293.0
ST MARYS HOSPITAL,WI,-0.3241793769853943,-0.4016179803077753,-0.3551548183143467,4025.0
ST MARYS HOSPITAL MEDICAL CTR,WI,-0.1159493562915992,0.24504055197723246,0.028446607015933476,2145.0
ST MARYS HOSPITAL OF SUPERIOR,WI,0.47787867546549223,-0.25709021127855897,0.18389112076787176,1293.0
ST MARYS JANESVILLE HOSPITAL,WI,-0.05682669283509876,-0.14766204329929516,-0.09316083302077732,2957.0
ST MARYS REGIONAL MEDICAL CENTER,AR,-0.033650608760150406,0.4184738748122919,0.14719918466882653,1472.0
ST MARYS REGIONAL MEDICAL CENTER,ME,-0.36284559888594564,0.3243243567018311,-0.08797761665083495,2922.0
ST MICHAEL'S HOSPITAL - CAH,SD,0.5027101941172226,0.5274891063086151,0.5126217589937796,185.0
ST NICHOLAS HOSPITAL,WI,-0.29852014104527297,0.6018176732379266,0.061614984668006856,1926.0
ST PATRICK HOSPITAL,MT,-0.401157084805758,0.03609469160927977,-0.2262563742397429,3691.0
ST PETER'S HOSPITAL,MT,-0.15000401044254366,0.5126233929227528,0.11504695090357495,1630.0
ST PETER'S HOSPITAL,NY,-0.23975221356951143,-0.5254989251899606,-0.3540508982176911,4024.0
ST PETERSBURG GENERAL HOSPITAL,FL,0.12858197976448713,0.13602532048090943,0.13155931605105606,1549.0
ST RITA'S MEDICAL CENTER,OH,-0.27948264341227985,-0.4263941692842123,-0.33824725376105286,3997.0
ST ROSE DOMINICAN HOSPITALS - ROSE DE LIMA CAMPUS,NV,-0.056353711527446775,0.6315491000096507,0.2188074130873922,1157.0
ST ROSE DOMINICAN HOSPITALS - SAN MARTIN CAMPUS,NV,-0.02868430502980457,-0.042363240149437674,-0.03415587907765781,2556.0
ST ROSE DOMINICAN HOSPITALS - SIENA CAMPUS,NV,-0.14042613896259043,0.5357478359674275,0.13004345100941678,1556.0
ST ROSE HOSPITAL,CA,0.3239232598247649,0.24999578977251993,0.2943522718038669,819.0
ST TAMMANY PARISH HOSPITAL,LA,-0.0361337606253235,-0.5461457493369914,-0.2401385561099907,3765.0
ST VINCENT ANDERSON REGIONAL HOSPITAL INC,IN,-0.1301387955211593,0.13602532048090932,-0.023673149120331853,2484.0
ST VINCENT CARMEL HOSPITAL INC,IN,-0.28527666443101696,0.013383185047545793,-0.16581272463959187,3393.0
ST VINCENT CHARITY MEDICAL CENTER,OH,0.02263416685043799,-0.1848263267639506,-0.06035003059531745,2733.0
ST VINCENT CLAY HOSPITAL INC,IN,0.40338411951030145,-0.10017434776112429,0.20196073260173114,1214.0
ST VINCENT DUNN HOSPITAL INC,IN,0.3199502168404881,-0.12288585432285812,0.14281578837514958,1491.0
ST VINCENT FISHERS HOSPITAL INC,IN,0.2047319702964597,0.0,0.12283918217787582,1592.0
ST VINCENT FRANKFORT HOSPITAL INC,IN,0.29213891595055025,-0.005198956684782069,0.1732037668964173,1347.0
ST VINCENT HEALTHCARE,MT,-0.3216962251202212,-0.09191561810231175,-0.22978398231305744,3706.0
ST VINCENT HEART CENTER OF INDIANA LLC,IN,0.23452979267853605,-0.7670667677102219,-0.16610883147696714,3398.0
ST VINCENT HOSPITAL,MA,-0.023718001299458502,-0.4057473451371813,-0.17652973883454762,3459.0
ST VINCENT HOSPITAL,WI,-0.21988699864812714,0.10216452887977878,-0.09106638763696476,2942.0
ST VINCENT HOSPITAL & HEALTH SERVICES,IN,-0.2571342766257227,-0.1579854553728106,-0.21747474812455786,3659.0
ST VINCENT HOSPITAL GENERAL DISTRICT,CO,0.02594503600400233,0.8248033740258602,0.34548837121274556,609.0
ST VINCENT JENNINGS HOSPITAL INC,IN,0.45801346054410824,-0.2529608464491527,0.17362373774680384,1342.0
ST VINCENT KOKOMO,IN,-0.44419838380209026,0.2797272165442443,-0.15462814366355637,3338.0
ST VINCENT MEDICAL CENTER/NORTH,AR,0.4709258502430079,0.3602498307176648,0.4266554424328707,357.0
ST VINCENT MERCY HOSPITAL,IN,0.4381482456227239,0.031965326779873654,0.2756750780855838,898.0
ST VINCENT RANDOLPH HOSPITAL INC,IN,0.4282156381620319,-0.07539815878468693,0.22677011938334435,1126.0
ST VINCENT SALEM HOSPITAL INC,IN,-0.0634484311422269,1.5680890433189725,0.5891665586422529,99.0
ST VINCENT WILLIAMSPORT HOSPITAL INC,IN,0.6963960396007183,0.18681650788260537,0.49256422691347307,224.0
ST VINCENT'S BIRMINGHAM,AL,-0.011302241973593447,-0.21166719815509102,-0.0914482244461925,2944.0
ST VINCENT'S EAST,AL,-0.18015656880535885,-0.22818465747271569,-0.1993678042723016,3578.0
ST VINCENT'S MEDICAL CENTER,CT,0.03587764346469421,-0.10017434776112415,-0.01854315302563314,2448.0
ST VINCENT'S MEDICAL CENTER RIVERSIDE,FL,0.06567546584677042,-0.3727124265019321,-0.10967969109271059,3071.0
ST VINCENT'S MEDICAL CENTER SOUTHSIDE,FL,-0.12162513198342335,-0.14146799605518595,-0.1295622776121284,3185.0
ST VINCENT'S ST CLAIR,AL,0.4590067212901773,0.0765624669374603,0.30602901954909045,769.0
ST VINCENTS BLOUNT,AL,0.4431145493530701,-0.15798545537281064,0.2026745474627178,1211.0
ST VINCENTS MEDICAL CENTER - CLAY COUNTY,FL,-0.0005419172245102744,-0.1786322795198416,-0.0717780621426428,2817.0
ST. JOSEPH'S HOSPITAL AND MEDICAL CENTER,AZ,0.15081210122413125,-0.3520656023549011,-0.050338980207481704,2667.0
ST. MARY'S HOSPITAL,AZ,-0.3192130732550481,-0.09604498293171788,-0.229945837125716,3707.0
STAFFORD COUNTY HOSPITAL,KS,-0.09324625352430307,0.0,-0.05594775211458184,2706.0
"STAFFORD HOSPITAL, LLC",VA,-0.07905681429474289,-0.16624418503162308,-0.11393176258949497,3088.0
STAMFORD HOSPITAL,CT,-0.09324625352430312,-0.4140060747959937,-0.22155018203297935,3675.0
STAMFORD MEMORIAL HOSPITAL,TX,0.21797544691071594,0.1062938937091849,0.17330282563010352,1346.0
STANFORD HEALTH CARE,CA,-0.2571342766257227,-0.41813543962539995,-0.3215347418255936,3969.0
STANISLAUS SURGICAL HOSPITAL,CA,-1.02691135482936,0.0,-0.616146812897616,4121.0
STANTON COUNTY HOSPITAL,KS,0.04581025092538609,0.0,0.027486150555231653,2152.0
STAR VALLEY MEDICAL CENTER,WY,-0.6892027011658287,1.2707747756017278,0.09478828954119395,1734.0
STARKE HOSPITAL,IN,0.44808085308341605,-0.25709021127855886,0.16601242733862603,1386.0
STARR COUNTY MEMORIAL HOSPITAL,TX,0.6179284406612509,0.05054746851220138,0.39097605180163103,471.0
STARR REGIONAL MEDICAL CENTER ATHENS,TN,0.22128631606427984,0.869400514183447,0.48053199531194674,241.0
STATEN ISLAND UNIVERSITY HOSPITAL,NY,0.08554068076815463,-0.27773703542558986,-0.05977040570934317,2731.0
STE GENEVIEVE COUNTY MEMORIAL HOSPITAL,MO,-0.08132712457147248,-0.16624418503162308,-0.11529394875553273,3096.0
STEELE MEMORIAL MEDICAL CENTER,ID,-0.7620418225442375,0.527489106308615,-0.24622945100309643,3786.0
STEPHENS COUNTY HOSPITAL,GA,-0.13013879552115945,-0.04731847794472493,-0.09701066849058564,2977.0
STEPHENS MEMORIAL HOSPITAL,ME,-0.09324625352430316,0.5671310086709145,0.1709046513537839,1361.0
STEPHENS MEMORIAL HOSPITAL,TX,0.35868738593718724,-0.21579656298449704,0.12889380636851352,1566.0
STERLING REGIONAL MEDCENTER,CO,-0.26541144950963275,0.471742681111632,0.029450202738873166,2137.0
STEVENS COMMUNITY MEDICAL CENTER,MN,0.12129806762664597,-0.33141877820787013,-0.059788670707160485,2732.0
STEVENS COUNTY HOSPITAL,KS,0.05574285838607833,0.6265938622143634,0.28408325991739236,870.0
STEWART MEMORIAL COMMUNITY HOSPITAL,IA,-0.17668015619411678,-0.0010695918553757695,-0.10643593045862038,3042.0
STILLWATER BILLINGS CLINIC,MT,0.025945036004001974,1.072565263790231,0.44459312711849364,312.0
STILLWATER MEDICAL CENTER,OK,-0.1244630198293354,-0.0027213377871384225,-0.0757663470124566,2843.0
STONE COUNTY HOSPITAL,MS,0.6268677873758737,-0.09191561810231182,0.33935442518459946,633.0
STONE COUNTY MEDICAL CENTER,AR,-0.2488571037418126,0.0009950905593272275,-0.14891622602135668,3305.0
STONEWALL JACKSON MEMORIAL HOSPITAL,WV,0.35968064668325644,0.1124879409532942,0.26080356439127156,973.0
STORMONT VAIL HOSPITAL,KS,-0.1379429870974175,-0.20340846849627855,-0.16412917965696194,3384.0
STORY COUNTY HOSPITAL,IA,-0.013785393838766435,0.9734605078844821,0.381112966850533,496.0
STOUGHTON HOSPITAL,WI,-0.4011570848057582,0.4036081614264299,-0.07925098631288291,2866.0
STRAUB CLINIC AND HOSPITAL,HI,-0.3192130732550482,-0.3851005209901505,-0.34556805234908916,4011.0
STRINGFELLOW MEMORIAL HOSPITAL,AL,0.05716180230903433,-0.012631813377713108,0.029244356034335353,2139.0
STRONG MEMORIAL HOSPITAL,NY,0.26148972721470026,-0.44704099343124315,-0.021922561043677125,2473.0
STROUD REGIONAL MEDICAL CENTER,OK,0.025945036004001984,0.6761462401672375,0.2860255176692962,862.0
STURDY MEMORIAL HOSPITAL,MA,-0.10459780490795126,0.27477197874895687,0.047150108554812,2028.0
STURGIS HOSPITAL,MI,-0.18065319917839345,0.28798594620305673,0.0068024589741866315,2288.0
STURGIS REGIONAL HOSPITAL,SD,0.16500154045369128,-0.05475133463765636,0.07710039041715222,1837.0
SUBURBAN COMMUNITY HOSPITAL,PA,-0.17932885151696784,0.37883197244999267,0.04393547806981639,2048.0
SUGAR LAND SURGICAL HOSPITAL LLP,TX,-1.0865069995935126,0.0,-0.6519041997561076,4125.0
SULLIVAN COUNTY COMMUNITY HOSPITAL,IN,0.6864634321400265,0.4036081614264298,0.5733213238545878,110.0
SULLIVAN COUNTY MEMORIAL HOSPITAL,MO,-0.053515823681534846,1.5185366653660985,0.5753051719375185,109.0
SUMMA BARBERTON HOSPITAL,OH,0.006079821082617884,-0.39748861547836917,-0.15534755354177693,3345.0
SUMMA HEALTH SYSTEM,OH,0.30122015705746863,-0.11256244224934264,0.1357071173347441,1532.0
SUMMA WESTERN RESERVE HOSPITAL,OH,-0.2256810196668643,0.14965222441794976,-0.07554772203293866,2839.0
SUMMERLIN HOSPITAL MEDICAL CENTER,NV,-0.02123484943428544,-0.4305235341136185,-0.18495032330601865,3496.0
SUMMERS COUNTY ARH HOSPITAL,WV,0.5672721426117212,-0.124950536737561,0.2903830708720083,836.0
SUMMERSVILLE REGIONAL MEDICAL CENTER,WV,0.25240848610778166,0.621638624419076,0.40010054143229945,441.0
SUMMIT HEALTHCARE REGIONAL MEDICAL CENTER,AZ,-0.3912244773450658,-0.0621841913305873,-0.2596083629392744,3818.0
SUMMIT MEDICAL CENTER,OK,-0.1131114684456872,0.0,-0.06786688106741232,2794.0
SUMMIT PACIFIC MEDICAL CENTER-SWING BED UNIT,WA,0.5325080164992989,0.08977643439156013,0.3554153836562034,565.0
"SUMMIT SURGICAL, LLC",KS,-1.2950917562680464,0.0,-0.7770550537608278,4159.0
SUMNER REGIONAL MEDICAL CENTER,KS,-0.013785393838766424,1.9645080669419652,0.7775319904735263,21.0
SUMNER REGIONAL MEDICAL CENTER,TN,0.26432761506061236,0.4234291126075796,0.32796821407939925,679.0
SUNBURY COMMUNITY HOSPITAL,PA,0.3636536896675332,-0.025845780831812853,0.20785390146779478,1188.0
SUNNYSIDE COMMUNITY HOSPITAL,WA,0.18486675537507571,-0.11049775983463966,0.06672094929118956,1904.0
SUNRISE HOSPITAL AND MEDICAL CENTER,NV,0.2618444631954393,0.11455262336799728,0.20292772726446248,1209.0
SURGICAL HOSPITAL AT SOUTHWOODS,OH,-1.3050243637287384,0.0,-0.783014618237243,4160.0
"SURGICAL HOSPITAL OF OKLAHOMA, LLC",OK,-0.1528418982884558,0.0,-0.09170513897307347,2946.0
SURGICAL INSTITUTE OF READING,PA,-1.3050243637287386,0.0,-0.7830146182372432,4161.0
SURGICAL SPECIALTY CENTER AT COORDINATED HEALTH,PA,-1.2752265413466624,0.0,-0.7651359248079974,4157.0
SUSAN B ALLEN MEMORIAL HOSPITAL,KS,-0.010474524685202324,0.5770414842614894,0.22453187889347437,1135.0
SUTTER AMADOR HOSPITAL,CA,-0.10743569275386311,0.4828919661510285,0.12869537080809354,1570.0
SUTTER AUBURN FAITH HOSPITAL,CA,-0.4252791314960102,0.3689214968594179,-0.10759888015383895,3052.0
SUTTER COAST HOSPITAL,CA,0.241151530985664,0.10629389370918488,0.18720847607507235,1278.0
SUTTER DAVIS HOSPITAL,CA,-0.16608537490271177,0.3292795944971185,0.03206061285722034,2122.0
SUTTER DELTA MEDICAL CENTER,CA,0.0032419332367058,0.19548817402435842,0.08014042955176685,1819.0
SUTTER LAKESIDE HOSPITAL,CA,-0.23230275797399233,0.20539864961493312,-0.05722219493842215,2717.0
SUTTER MATERNITY & SURGERY CENTER OF SANTA CRUZ,CA,-1.3050243637287386,0.0,-0.7830146182372432,4161.0
"SUTTER MEDICAL CENTER, SACRAMENTO",CA,-0.3514940475022975,-0.36858306167252586,-0.35832965317038884,4030.0
SUTTER ROSEVILLE MEDICAL CENTER,CA,-0.49622632764381086,0.215309125205508,-0.21161214650408333,3636.0
SUTTER SANTA ROSA REGIONAL HOSPITAL,CA,-0.3440445919067785,-0.1084330774199365,-0.24979998611204168,3801.0
SUTTER SOLANO MEDICAL CENTER,CA,-0.027028870453022418,0.15584627166205886,0.04612118639301009,2034.0
SUTTER SURGICAL HOSPITAL - NORTH VALLEY,CA,-1.1063722145148964,0.0,-0.6638233287089378,4127.0
SUTTER TRACY COMMUNITY HOSPITAL,CA,-0.13581457121298338,0.20539864961493323,0.00067071711818327,2319.0
SWAIN COUNTY HOSPITAL,NC,0.45801346054410813,-0.11669180707874881,0.22813135349496533,1121.0
SWEDISH AMERICAN HOSPITAL,IL,-0.0659315830073998,-0.4263941692842122,-0.21011661751812477,3629.0
SWEDISH COVENANT HOSPITAL,IL,0.06815861771194352,-0.694802883195614,-0.23702598265107952,3749.0
SWEDISH EDMONDS HOSPITAL,WA,-0.20959965520669624,0.586951959852064,0.10902099081680788,1660.0
SWEDISH ISSAQUAH,WA,-0.09324625352430305,0.4135186370170045,0.10945970269221997,1653.0
SWEDISH MEDICAL CENTER,CO,-0.21988699864812727,-0.20340846849627867,-0.21329558658738784,3642.0
SWEDISH MEDICAL CENTER,WA,-0.10175991706203913,0.03692056457516106,-0.04628772440715905,2637.0
SWEDISH MEDICAL CENTER / CHERRY HILL,WA,0.1820288675291635,-0.3231600485490578,-0.02004669890212503,2458.0
SWEENY COMMUNITY HOSPITAL,TX,-0.02371800129945849,0.8000271850494228,0.30578007324009404,771.0
SWEETWATER HOSPITAL ASSOCIATION,TN,0.37159977563608687,0.3639662590641303,0.36854636900730425,533.0
SWIFT COUNTY BENSON HOSPITAL,MN,0.0458102509253861,0.7504748070965488,0.32767607339385124,682.0
SWISHER MEMORIAL HOSPITAL,TX,0.5573395351510291,-0.10843307741993653,0.2910304901226428,833.0
SYCAMORE MEDICAL CENTER,OH,-0.13297668336707144,0.02701008898458617,-0.0689819744264084,2801.0
SYCAMORE SHOALS HOSPITAL,TN,-0.16703133751801572,0.06665199134688553,-0.07355800597205522,2831.0
SYRINGA GENERAL HOSPITAL,ID,0.337166736439021,0.0567415157563107,0.2249966481659369,1133.0
T J HEALTH COLUMBIA,KY,0.5126428015779146,0.2714684868854318,0.4161730757009215,391.0
T J SAMSON COMMUNITY HOSPITAL,KY,-0.06486737506518277,0.27972721654424443,0.07297046157858811,1861.0
TACOMA GENERAL ALLENMORE HOSPITAL,WA,-0.18760602440087798,-0.07952752361409314,-0.14437462408616403,3279.0
TAHOE FOREST HOSPITAL,CA,-0.15284189828845568,0.27972721654424426,0.020185747644624302,2202.0
TAKOMA REGIONAL HOSPITAL,TN,0.196785884327906,0.03196532677987354,0.130857661308693,1552.0
TALLAHASSEE MEMORIAL HOSPITAL,FL,-0.11807777217603327,0.04022405643868587,-0.05475704073014562,2699.0
TALLAHATCHIE CRITICAL ACCESS HOSPITAL,MS,0.06567546584677056,1.592865232295409,0.6765513724262261,50.0
TAMPA COMMUNITY HOSPITAL,FL,0.03786416495683254,0.08151770473274783,0.05532558086719866,1970.0
TAMPA GENERAL HOSPITAL,FL,-0.11559462031086035,-0.3479362375254949,-0.20853126719671417,3617.0
TANNER MEDICAL CENTER - CARROLLTON,GA,-0.02513694522241448,0.4630710149698786,0.17014623885450278,1366.0
TANNER MEDICAL CENTER VILLA RICA,GA,0.371599775636087,0.32432435670183096,0.3526896080623846,575.0
TAWAS ST JOSEPH HOSPITAL,MI,-0.24819492991109984,0.20539864961493334,-0.06675749810068657,2782.0
TAYLOR REGIONAL HOSPITAL,GA,-0.1647610272412862,0.24875698032369797,0.0006461757847074923,2320.0
TAYLOR REGIONAL HOSPITAL,KY,-0.11642233759925136,-0.1724382322757323,-0.13882869546984372,3244.0
TAYLORVILLE MEMORIAL HOSPITAL,IL,0.35173456071470266,-0.06094538188176557,0.18666258367611538,1284.0
TECHE REGIONAL MEDICAL CENTER,LA,0.37027542797466134,0.48784720394631587,0.41730413836332314,384.0
TEHACHAPI HOSPITAL,CA,0.045810250925386264,1.0477890748137935,0.44660178048074917,305.0
TEMECULA VALLEY HOSPITAL,CA,-0.04784004798971066,0.28963769213481905,0.08715104806010124,1771.0
TEMPLE UNIVERSITY HOSPITAL,PA,0.055742858386078384,-0.5626632086546162,-0.19161956843019945,3537.0
TENNOVA HEALTHCARE,TN,-0.08827994979395706,0.22604547376196402,0.03745021962841138,2090.0
TENNOVA HEALTHCARE - JAMESTOWN,TN,0.3715997756360869,-0.11049775983463961,0.17876076144779632,1315.0
TENNOVA HEALTHCARE-CLARKSVILLE,TN,0.04332709906021326,0.26320975722661966,0.13128016232677583,1550.0
TENNOVA HEALTHCARE-CLEVELAND,TN,-0.06770526291109491,0.4234291126075794,0.12874848729637484,1568.0
TENNOVA HEALTHCARE-DYERSBURG REGIONAL,TN,0.4993993249636585,0.37387673465470517,0.44919028884007717,300.0
TENNOVA HEALTHCARE-JEFFERSON MEMORIAL HOSPITAL,TN,0.22062414223356702,0.18681650788260534,0.20710108849318234,1193.0
TENNOVA HEALTHCARE-LAFOLLETT MEDICAL CENTER,TN,0.3795458616046406,0.45935458662341316,0.4114693516121496,404.0
TENNOVA HEALTHCARE-LEBANON,TN,-0.09040836567839115,0.17566722284320851,0.016021869730248717,2228.0
TENNOVA HEALTHCARE-MCNAIRY REGIONAL,TN,0.5821710538027592,0.18888119029730852,0.42485510840057894,363.0
TENNOVA HEALTHCARE-NEWPORT MEDICAL CENTER,TN,0.3636536896675332,0.06293556300042012,0.24336643900068797,1061.0
TENNOVA HEALTHCARE-REGIONAL JACKSON,TN,0.15364998907004315,0.10629389370918499,0.1347075509256999,1535.0
TENNOVA HEALTHCARE-SHELBYVILLE,TN,0.3199502168404882,0.45316053937930395,0.37323434585601445,513.0
TENNOVA HEALTHCARE-VOLUNTEER MARTIN,TN,0.20473197029645984,0.13602532048090937,0.17724931037023967,1324.0
TERRE HAUTE REGIONAL HOSPITAL,IN,0.08554068076815459,-0.14146799605518579,-0.005262789961181569,2361.0
TERREBONNE GENERAL MEDICAL CENTER,LA,-0.008819090108420219,-0.10430371259053038,-0.047012939101264285,2645.0
TETON VALLEY HOSPITAL,ID,-0.053515823681534846,0.0,-0.032109494208920904,2541.0
TEXAS COUNTY MEMORIAL HOSPITAL,MO,0.2484354431235049,-0.02997514566121917,0.13707120760961525,1526.0
TEXAS GENERAL HOSPITAL,TX,-0.013785393838766258,0.0,-0.008271236303259754,2380.0
TEXAS HEALTH ARLINGTON MEMORIAL HOSPITAL,TX,-0.07905681429474298,0.2053986496149331,0.034725371269127454,2108.0
TEXAS HEALTH CENTER FOR DIAGNOSTICS & SURGERY PLAN,TX,-0.1329766833670713,0.0,-0.07978601002024278,2872.0
TEXAS HEALTH HARRIS METHODIST FORT WORTH,TX,-0.299347858333664,-0.025845780831812992,-0.1899470273329236,3526.0
TEXAS HEALTH HARRIS METHODIST HOSPITAL ALLIANCE,TX,0.34875477847649505,-0.3066425892314332,0.08659583139332372,1776.0
TEXAS HEALTH HARRIS METHODIST HOSPITAL AZLE,TX,0.3537210822068411,-0.141467996055186,0.15564545090203025,1439.0
TEXAS HEALTH HARRIS METHODIST HOSPITAL CLEBURNE,TX,-0.01709626299233054,-0.7030616128544263,-0.29148240293716887,3915.0
TEXAS HEALTH HARRIS METHODIST HOSPITAL SOUTHLAKE,TX,-1.0666417846721283,0.0,-0.6399850708032769,4122.0
TEXAS HEALTH HARRIS METHODIST HOSPITAL SOUTHWEST F,TX,-0.32027728119726523,-0.10678133148817412,-0.23487890131362876,3739.0
TEXAS HEALTH HARRIS METHODIST HOSPITAL STEPHENVILL,TX,-0.05682669283509869,0.24999578977252002,0.0659023002079488,1909.0
TEXAS HEALTH HARRIS METHODIST HURST-EULESS-BEDFORD,TX,-0.19753863186156997,-0.17037354986102918,-0.18667259906135364,3508.0
TEXAS HEALTH HEART & VASCULAR HOSPITAL ARLINGTON,TX,0.1401700218019612,-0.7856489094425498,-0.23015755069584326,3708.0
TEXAS HEALTH HUGULEY HOSPITAL FORT WORTH SOUTH,TX,-0.23975221356951146,-0.5007227362135235,-0.3441404226271163,4008.0
TEXAS HEALTH PRESBYTERIAN HOSPITAL  DALLAS,TX,-0.29189840273814505,-0.27773703542558986,-0.286233855813123,3898.0
TEXAS HEALTH PRESBYTERIAN HOSPITAL ALLEN,TX,0.05375633689393994,0.0484827860974982,0.051646916575363244,1992.0
TEXAS HEALTH PRESBYTERIAN HOSPITAL DENTON,TX,-0.14042613896259049,-0.4140060747959938,-0.2498581132959518,3802.0
TEXAS HEALTH PRESBYTERIAN HOSPITAL FLOWER MOUND,TX,-0.030339739606586497,-0.02749752676357544,-0.029202854469382075,2522.0
TEXAS HEALTH PRESBYTERIAN HOSPITAL KAUFMAN,TX,-0.23230275797399239,0.2611450748119167,-0.03492362485962876,2560.0
TEXAS HEALTH PRESBYTERIAN HOSPITAL PLANO,TX,-0.26706688408641477,-0.029975145661219185,-0.17223018871633652,3433.0
TEXAS HEALTH PRESBYTERIAN HOSPITAL ROCKWALL,TX,-0.14953102913489158,0.08151770473274786,-0.0571115355878358,2716.0
TEXAS INSTITUTE FOR SURGERY AT PRESBYTERIAN HOSPIT,TX,-1.255361326425278,0.0,-0.7532167958551669,4153.0
TEXAS ORTHOPEDIC HOSPITAL,TX,-1.5434069427853487,0.0,-0.9260441656712092,4183.0
TEXAS SPINE AND JOINT HOSPITAL,TX,-1.3050243637287386,0.0,-0.7830146182372432,4161.0
TEXOMA MEDICAL CENTER,TX,-0.0038527863780742355,-0.1621148202022168,-0.06715759990773126,2786.0
THAYER COUNTY HEALTH SERVICES,NE,0.3835189045889176,0.08151770473274778,0.2627184246464497,964.0
THE CARLE FOUNDATION HOSPITAL,IL,-0.031167456894977456,-0.15798545537281064,-0.08189465628611073,2886.0
THE HEALTHCENTER,MT,-1.136170036896973,0.0,-0.6817020221381838,4133.0
THE HEART HOSPITAL AT DEACONESS GATEWAY LLC,IN,0.33385586728545696,-0.7113203425132385,-0.08421461663402122,2901.0
THE HEART HOSPITAL BAYLOR DENTON,TX,-0.3216962251202211,-2.098786925193715,-1.0325325051496188,4186.0
THE HEART HOSPITAL BAYLOR PLANO,TX,-0.08927321054002632,-0.48214059448119584,-0.24642016411649414,3787.0
THE HOSPITAL AT WESTLAKE MEDICAL CENTER,TX,-0.12105755441424097,0.10629389370918495,-0.0301169751648706,2528.0
THE JAMES B HAGGIN MEMORIAL HOSPITAL,KY,0.3570319513604052,0.1558462716620589,0.2765576794810667,892.0
THE MCDOWELL HOSPITAL,NC,0.296111958934827,0.1620403189061684,0.24248330292336356,1065.0
THE MEDICAL CENTER AT BOWLING GREEN,KY,0.12278795874574999,-0.27360767059618385,-0.035770292991023564,2565.0
THE MEDICAL CENTER AT CAVERNA,KY,0.5573395351510291,-0.017587051173000436,0.32736890062141727,686.0
THE MEDICAL CENTER AT FRANKLIN,KY,0.6417666985669119,-0.2983838595726208,0.2657064753110988,948.0
THE MEDICAL CENTER AT SCOTTSVILLE,KY,0.4729123717351462,-0.009328321514188137,0.2800160944354125,882.0
THE MEDICAL CENTER OF SOUTHEAST TEXAS,TX,-0.2621005803560686,-0.054751334637656274,-0.17916088206870368,3472.0
THE MERCY HOSPITAL OF DEVILS LAKE,ND,0.5573395351510289,0.0567415157563107,0.35710032739314157,563.0
THE MONROE CLINIC,WI,-0.32879094473500137,0.10629389370918481,-0.1547570093573269,3340.0
THE NEBRASKA MEDICAL CENTER DBA NEBRASKA MEDICINE,NE,-0.05599897554670773,-0.0836568884434994,-0.0670621407054244,2785.0
THE ORTHOPAEDIC HOSPITAL OF LUTHERAN HEALTH NETWOR,IN,-1.324889578650123,0.0,-0.7949337471900737,4164.0
THE ORTHOPEDIC SPECIALTY HOSPITAL,UT,-1.3944178308749673,0.0,-0.8366506985249803,4171.0
"THE OUTER BANKS HOSPITAL, INC",NC,-0.2422353654346845,0.40980220867053924,0.018579664207405006,2208.0
THE PHYSICIANS' HOSPITAL IN ANADARKO,OK,0.49774389038687644,0.0897764343915602,0.33455690798874993,651.0
THE QUEENS MEDICAL CENTER,HI,-0.37384241428885473,-0.3396775078666825,-0.3601764517199858,4033.0
THE SPINE HOSPITAL OF LOUISIANA,LA,-0.1528418982884558,0.0,-0.09170513897307347,2946.0
THE UNIVERSITY OF CHICAGO MEDICAL CENTER,IL,0.02594503600400208,-0.5089814658723358,-0.1880255647465331,3515.0
THE UNIVERSITY OF TN MEDICAL CENTER,TN,-0.07586419046809184,-0.050621969808249956,-0.06576730220415508,2770.0
THEDACARE MEDICAL CENTER - BERLIN INC,WI,-0.21905928135973632,0.2983093582765721,-0.012111825505212934,2403.0
THEDACARE MEDICAL CENTER - SHAWANO INC,WI,-0.25547884204894067,0.7380867126083304,0.14194737981396777,1496.0
THEDACARE MEDICAL CENTER - WAUPACA INC,WI,0.2543950075999202,0.7917684553906107,0.4693443867161964,260.0
THEDACARE MEDICAL CENTER - WILD ROSE INC,WI,0.33054499813189286,0.09390579922096626,0.2358893185675222,1102.0
THEDACARE MEDICAL CENTER NEW LONDON,WI,-0.2769994915471069,0.6142057677261449,0.07948261216219382,1823.0
THEDACARE REGIONAL MEDICAL CENTER - APPLETON INC,WI,-0.32666252885056735,0.2466922979089949,-0.09732059814674243,2978.0
THEDACARE REGIONAL MEDICAL CENTER - NEENAH INC,WI,-0.1982481038230481,0.7157881425295368,0.1673663947179859,1377.0
THIBODAUX REGIONAL MEDICAL CENTER,LA,-0.03861691249049656,-0.2323140223021218,-0.11609575641514666,3101.0
THOMAS H BOYD MEMORIAL HOSPITAL,IL,0.6467330022972578,0.13107008268562192,0.44046783445260346,319.0
THOMAS HOSPITAL,AL,-0.35894350309781653,-0.18689100917865384,-0.29012250553015145,3911.0
THOMAS JEFFERSON UNIVERSITY HOSPITAL,PA,0.2866759818471695,-0.45529972309005556,-0.010114300127720521,2388.0
THOMAS MEMORIAL HOSPITAL,WV,-0.025136945222414418,-0.17119942282691042,-0.08356193626421282,2897.0
THOREK MEMORIAL HOSPITAL,IL,0.7410927731738328,-0.3892298858195566,0.288963709576477,843.0
THREE GABLES SURGERY CENTER,OH,-0.09324625352430307,0.0,-0.05594775211458184,2706.0
THREE RIVERS HEALTH,MI,0.26035457207633556,0.199204602370824,0.23589458419413095,1101.0
THREE RIVERS HOSPITAL,TN,0.5970699649937975,0.4614192690381165,0.5428096866115251,139.0
THREE RIVERS HOSPITAL,WA,-0.0038527863780740135,1.023012885837357,0.4068934825080985,419.0
THREE RIVERS MEDICAL CENTER,KY,0.8751829738931761,-0.08365688844349933,0.49164702895850587,226.0
TIFT REGIONAL MEDICAL CENTER,GA,-0.12446301982933523,0.3788319724499926,0.07685497708239591,1839.0
TILLAMOOK REGIONAL MEDICAL CENTER,OR,-0.19257232813122394,0.37263792520588357,0.03351177320361909,2114.0
TIMPANOGOS REGIONAL HOSPITAL,UT,-0.23561362712755662,0.3168915000088999,-0.01461157627297402,2425.0
TIOGA MEDICAL CENTER,ND,0.05574285838607851,0.8248033740258602,0.36336706464199126,545.0
TISHOMINGO HEALTH SERVICES INC,MS,0.18883979835935244,-0.011393003928891338,0.10874667744405492,1661.0
TITUS REGIONAL MEDICAL CENTER,TX,-0.2918984027381449,0.26114507481191657,-0.0706810117181203,2812.0
TITUSVILLE HOSPITAL,PA,0.24446240013922832,0.7752509960729859,0.45677783851273135,285.0
TLC HEALTH NETWORK,NY,-0.07338103860291871,0.15584627166205897,0.018309885503072366,2210.0
TMC- BONHAM HOSPITAL,TX,0.47787867546549245,0.3623145131323679,0.4316530105322426,341.0
TOLEDO HOSPITAL THE,OH,-0.4210222997271421,-0.48007591206649264,-0.4446437446628823,4094.0
TOMAH MEMORIAL HOSPITAL,WI,0.3686199933978792,-0.011393003928891199,0.21661479446717105,1163.0
TOMBALL REGIONAL MEDICAL CENTER,TX,-0.24720166916503059,-0.4346528989430247,-0.3221821610762282,3971.0
TOPPENISH COMMUNITY HOSPITAL,WA,0.6665982172186422,0.05674151575631067,0.4226555366337096,371.0
TOPS SURGICAL SPECIALTY HOSPITAL,TX,-1.3745526159535832,0.0,-0.8247315695721499,4170.0
TORRANCE MEMORIAL MEDICAL CENTER,CA,-0.06486737506518277,-0.03245276455886281,-0.05190153086265479,2680.0
TOUCHETTE REGIONAL HOSPITAL INC,IL,0.6268677873758736,-0.06713942912587456,0.3492649007751743,591.0
TOURO INFIRMARY,LA,-0.13794298709741756,-0.5420163845075853,-0.29957234606148464,3930.0
TOWNER COUNTY MEDICAL CENTER,ND,0.09547328822884656,0.42838435040286665,0.2286377130984546,1116.0
TRACE REGIONAL HOSP AND SWING BED,MS,0.49774389038687644,-0.09191561810231175,0.26188008699120113,968.0
"TRANSYLVANIA REGIONAL HOSPITAL, INC",NC,-0.26541144950963275,0.0753236574886385,-0.12911740671032423,3180.0
TREASURE VALLEY HOSPITAL,ID,-0.09324625352430307,0.0,-0.05594775211458184,2706.0
TREGO COUNTY LEMKE MEMORIAL HOSPITAL,KS,0.34378847474614904,-0.34793623752549485,0.06709858983749148,1902.0
TRI COUNTY HOSPITAL,MN,0.4762232408887104,0.24256293307958882,0.3827591177650617,493.0
TRI COUNTY MEMORIAL HOSPITAL,WI,0.07560807330746264,1.5680890433189725,0.6726004613120666,51.0
TRI VALLEY HEALTH SYSTEM,NE,0.4679460680048003,-0.38097115616074434,0.12837917833858245,1571.0
TRI-CITY MEDICAL CENTER,CA,-0.22237015051330017,0.22604547376196393,-0.04300390080319452,2624.0
TRI-STATE MEMORIAL HOSPITAL,WA,-0.32500709427378527,0.4407724448910854,-0.018695278607836957,2452.0
TRIDENT MEDICAL CENTER,SC,-0.03365060876015046,0.00718913780343645,-0.017314710134715694,2437.0
TRIGG COUNTY HOSPITAL,KY,0.3106797832105088,-0.10430371259053034,0.14468638489009314,1482.0
TRIHEALTH EVENDALE HOSPITAL,OH,-1.2652939338859703,0.0,-0.7591763603315822,4156.0
TRINITAS REGIONAL MEDICAL CENTER,NJ,0.07418912938450647,0.1855776984337835,0.1187445570042173,1616.0
TRINITY BETTENDORF,IA,0.04297236307947421,0.10629389370918493,0.0683009753313585,1892.0
TRINITY HOSPITAL,CA,0.41000585781742976,0.15584627166205914,0.3083420233552815,764.0
TRINITY HOSPITAL,MT,0.17493414791438355,1.9645080669419652,0.8907637155254163,6.0
TRINITY HOSPITAL OF AUGUSTA,GA,0.10540589568953881,0.5324443441039026,0.2762212750552843,894.0
TRINITY HOSPITAL TWIN CITY,OH,0.5225754090386068,-0.42226480445480624,0.14463932364124152,1483.0
TRINITY HOSPITALS,ND,-0.06593158300739978,0.12281135302680957,0.009565591406283963,2273.0
TRINITY MEDICAL CTR EAST &TRINITY MEDICAL CTR WEST,OH,0.020978732273655914,-0.30251322440202694,-0.10841805039661723,3059.0
TRINITY MUSCATINE,IA,0.5523732314206832,0.24669229790899494,0.4301008580160079,347.0
TRINITY REGIONAL MEDICAL CENTER,IA,-0.2606816364331127,0.3193691189065436,-0.02866133429725018,2517.0
TRINITY ROCK ISLAND,IL,-0.12304407590637938,-0.08778625327290553,-0.10894094685298983,3065.0
TRISTAR ASHLAND CITY MEDICAL CENTER,TN,0.3437884747461489,0.0,0.20627308484768933,1199.0
TRISTAR CENTENNIAL MEDICAL CENTER,TN,0.053259706520905226,-0.17863227951984154,-0.03949708789539348,2590.0
TRISTAR HENDERSONVILLE MEDICAL CENTER,TN,-0.09324625352430314,0.29954816772539405,0.06387151497557575,1917.0
TRISTAR HORIZON MEDICAL CENTER,TN,0.05999969015494644,-0.13651275825989853,-0.018605289210991555,2450.0
TRISTAR SKYLINE MEDICAL CENTER,TN,0.0571618023090344,0.40856339922171714,0.19772244107410752,1237.0
TRISTAR SOUTHERN HILLS MEDICAL CENTER,TN,-0.05919159937335875,0.3391900700876934,0.10016106841106212,1699.0
TRISTAR STONECREST MEDICAL CENTER,TN,-0.002433842455118288,0.06169675355159811,0.02321839594756827,2186.0
TRISTAR SUMMIT MEDICAL CENTER,TN,0.09689223215180273,0.20539864961493323,0.14029479913705495,1505.0
TRMC OF ORANGEBURG & CALHOUN,SC,-0.010947505992854227,0.155846271662059,0.05577000506911106,1966.0
TROUSDALE MEDICAL CENTER,TN,0.5871373575331051,-0.2240552926433094,0.2626602974625393,966.0
TROY COMMUNITY HOSPITAL,PA,0.6963960396007184,-0.2736076705961837,0.30839455552195755,763.0
TROY REGIONAL MEDICAL CENTER,AL,-0.089935384370739,0.30450340552068145,0.06784013158582919,1894.0
TRUMAN MEDICAL CENTER HOSPITAL HILL,MO,0.5424406239599908,0.0505474685122014,0.345683361780875,605.0
TRUMAN MEDICAL CENTER LAKEWOOD,MO,-0.06146190965008831,-0.15385609054340432,-0.09841958200741471,2982.0
TRUMBULL MEMORIAL HOSPITAL,OH,0.01849558040848297,-0.694802883195614,-0.26682380503315584,3835.0
TRUSTPOINT HOSPITAL,TN,-0.1727071132098399,0.0,-0.10362426792590393,3017.0
TUALITY COMMUNITY HOSPITAL,OR,-0.184058664593488,0.39369768583585485,0.04704387557824914,2029.0
TUBA CITY REGIONAL HEALTH CARE CORPORATION,AZ,-0.24720166916503047,-0.02997514566121917,-0.16031105976350596,3362.0
TUCSON MEDICAL CENTER,AZ,-0.22237015051330028,-0.2529608464491528,-0.23460642888764127,3737.0
TUFTS MEDICAL CENTER,MA,0.17990045164472954,-0.4842052768958988,-0.08574183977152182,2912.0
TUG VALLEY ARH REGIONAL MEDICAL CENTER,KY,1.1185318566801323,-0.306642589231433,0.5484620783155061,133.0
TULANE MEDICAL CENTER,LA,0.06851335369268255,0.04187580237044841,0.0578583331637889,1950.0
TULARE REGIONAL MEDICAL CENTER,CA,0.41662759612455763,0.5572205330803397,0.47286477090687046,254.0
"TULSA SPINE & SPECIALTY HOSPITAL, LLC",OK,-0.07338103860291896,0.0,-0.04402862316175137,2628.0
TURNING POINT HOSPITAL,GA,-0.4508201221092186,0.0,-0.27049207326553115,3851.0
TWIN CITIES COMMUNITY HOSPITAL,CA,-0.13013879552115926,0.5473100574897648,0.14084074568321037,1503.0
TWIN CITIES HOSPITAL,FL,0.006079821082617942,0.06912961024452924,0.03129973674738246,2126.0
TWIN COUNTY REGIONAL HOSPITAL,VA,-0.07621892644883103,0.4085633992217172,0.11769400381938826,1619.0
TWIN LAKES REGIONAL MEDICAL CENTER,KY,-0.06013756198866276,-0.24057275196093414,-0.1323116379775713,3203.0
TWIN RIVERS REGIONAL MEDICAL CENTER,MO,0.00939069023618185,0.41847387481229203,0.17302396406662596,1348.0
TYLER COUNTY HOSPITAL,TX,0.39345151204960954,-0.12495053673756122,0.1860906925347412,1286.0
TYLER HOLMES MEMORIAL HOSPITAL CAH,MS,0.527541712768953,-0.1414679960551857,0.25993782923929754,978.0
TYLER MEMORIAL HOSPITAL,PA,0.6020362687241434,-0.11669180707874882,0.3145450384029865,746.0
TYRONE HOSPITAL,PA,-0.005839307870212545,-0.2405727519609342,-0.09973268550650122,2991.0
UAMS MEDICAL CENTER,AR,0.17635309183733947,0.2599062653630947,0.20977436124764157,1181.0
UCSF MEDICAL CENTER,CA,0.03836079532986713,-0.5378870196781791,-0.19213833067335137,3540.0
UF HEALTH JACKSONVILLE,FL,0.20473197029645962,-0.15385609054340452,0.06129674596051395,1929.0
UF HEALTH SHANDS HOSPITAL,FL,0.17493414791438344,-0.3685830616725257,-0.04247273592038023,2614.0
UH GEAUGA MEDICAL CENTER,OH,-0.11311146844568717,0.007189137803436596,-0.06499122594603766,2765.0
UHHS MEMORIAL HOSPITAL OF GENEVA,OH,-0.013785393838766268,-0.6700266942191769,-0.27628191399093055,3873.0
UHHS RICHMOND HEIGHTS HOSPITAL,OH,0.03729658738765016,-0.28021465432323356,-0.08970790929670333,2930.0
UINTAH BASIN MEDICAL CENTER,UT,0.0021067780983411665,0.2384335682501825,0.0966374941590777,1724.0
UKIAH VALLEY MEDICAL CENTER,CA,-0.34156144004160544,0.5819967220567769,0.027861824797747514,2149.0
UMASS MEMORIAL MEDICAL CENTER INC,MA,-0.031167456894977477,-0.5337576548487729,-0.2322035360764957,3719.0
UNICOI COUNTY MEMORIAL HOSPITAL,TN,0.14116328254803032,-0.14146799605518592,0.028110771106743808,2148.0
UNION COUNTY GENERAL HOSPITAL,NM,0.547406927690337,0.7504748070965488,0.6286340794528218,68.0
UNION COUNTY HOSPITAL,IL,0.6864634321400261,-0.13320926639637354,0.35859435272546625,558.0
UNION GENERAL HOSPITAL,GA,-0.07338103860291895,0.28963769213481927,0.07182645369217634,1874.0
UNION GENERAL HOSPITAL,LA,0.5225754090386067,0.056741515756310645,0.3362418517256882,647.0
UNION HOSPITAL,OH,-0.13297668336707144,0.408563399221717,0.08363934966844395,1798.0
UNION HOSPITAL CLINTON,IN,0.6616319134882962,0.1868165078826055,0.4717057512460199,256.0
UNION HOSPITAL INC,IN,-0.10317886098499508,-0.3107719540608393,-0.18621609821533278,3505.0
UNIONTOWN HOSPITAL,PA,-0.18405866459348794,0.502712917332178,0.09064996817677848,1749.0
"UNITED HEALTH SERVICES HOSPITALS, INC",NY,-0.08331364606361105,0.22191610893255787,0.03877825593485653,2081.0
UNITED HOSPITAL,MN,-0.08579679792878415,-0.32316004854905783,-0.18074209817689363,3477.0
UNITED HOSPITAL CENTER,WV,0.07986490507633064,-0.11173656928346132,0.003224315332413845,2309.0
UNITED HOSPITAL DISTRICT,MN,-0.25713427662572247,0.5646533897732708,0.07158078993387487,1875.0
UNITED HOSPITAL SYSTEM,WI,-0.15780820201880172,-0.14972672571399834,-0.15457561149688037,3337.0
UNITED MEDICAL CENTER,DC,0.43980368019950594,-0.012631813377713219,0.2588294827686182,984.0
UNITED MEMORIAL MEDICAL CENTER,NY,0.12527111061092305,0.27353316930013505,0.18457593408660786,1288.0
UNITED REGIONAL HEALTH CARE SYSTEM,TX,-0.21740384678295427,0.16410500132087122,-0.06480030754142406,2763.0
UNITED REGIONAL MEDICAL CENTER,TN,0.37855260085857145,-0.4305235341136185,0.05492214686969546,1974.0
UNITY HOSPITAL,MN,-0.13959842167419953,-0.05227371574001238,-0.10466853930052467,3024.0
UNITY HOSPITAL OF ROCHESTER,NY,0.048648138771298366,0.19053293622907094,0.1054020577544074,1675.0
UNITY MEDICAL AND SURGICAL HOSPITAL,IN,-1.2652939338859701,0.0,-0.7591763603315821,4155.0
UNITY MEDICAL CENTER,ND,0.11533850315023102,1.5433128543425352,0.6865282436271527,45.0
UNITYPOINT HEALTH - MERITER,WI,-0.2819657952774529,-0.5007227362135236,-0.3694685716518812,4043.0
UNIV MEDICAL CENTER OF PRINCETON AT PLAINSBORO,NJ,0.0004040453907938454,0.18062246063849616,0.07249141148987477,1867.0
UNIVERSITY COLO HEALTH MEMORIAL HOSPITAL CENTRAL,CO,-0.4160559959967961,0.04022405643868591,-0.2335439750226033,3729.0
UNIVERSITY GENERAL HOSPITAL,TX,0.41828303070133965,0.2053986496149331,0.333129278266777,657.0
UNIVERSITY HEALTH CARE/UNIV HOSPITALS AND  CLINICS,UT,-0.3142467695247021,-0.33141877820787013,-0.32111557299796933,3968.0
UNIVERSITY HEALTH CONWAY,LA,0.6665982172186422,0.3045034055206813,0.5217602925394578,168.0
UNIVERSITY HEALTH SHREVEPORT,LA,0.1877046432209877,-0.05062196980825003,0.09237399800929261,1745.0
UNIVERSITY HEALTH SYSTEM,TX,0.11959533491909892,0.09803516405037255,0.11097126657160837,1646.0
UNIVERSITY HOSPITAL,GA,0.05077655465573245,-0.02171641600240659,0.02177936639247683,2197.0
UNIVERSITY HOSPITAL,NJ,0.44311454935307,0.09142818032332252,0.302440001741171,779.0
UNIVERSITY HOSPITAL & CLINICS,LA,0.0458102509253861,0.0,0.027486150555231657,2151.0
UNIVERSITY HOSPITAL ( STONY BROOK ),NY,-0.03861691249049651,-0.7154497073426449,-0.3093500304313559,3952.0
UNIVERSITY HOSPITAL AND MEDICAL CENTER,FL,0.07418912938450657,-0.017587051173000443,0.03747865716150377,2089.0
UNIVERSITY HOSPITAL MCDUFFIE,GA,-0.31672992138987516,-0.0795275236140931,-0.22184896227956233,3679.0
UNIVERSITY HOSPITAL OF BROOKLYN ( DOWNSTATE ),NY,0.43176299796942186,-0.1464232338504734,0.20048850524146372,1225.0
UNIVERSITY HOSPITAL S U N Y HEALTH SCIENCE CENTER,NY,0.130237414341269,-0.27773703542559,-0.032952365565474595,2547.0
UNIVERSITY HOSPITALS - ELYRIA MEDICAL CENTER,OH,0.06851335369268252,-0.04731847794472499,0.022180621037719513,2191.0
UNIVERSITY HOSPITALS AHUJA MEDICAL CENTER,OH,-0.15567978613436756,-0.06713942912587459,-0.12026364333097037,3129.0
UNIVERSITY HOSPITALS CASE MEDICAL CENTER,OH,0.0011135173522717826,-0.41813543962539995,-0.16658606543879692,3401.0
UNIVERSITY HOSPITALS CONNEAUT MEDICAL CENTER,OH,-0.0892732105400262,-0.281866400254996,-0.16631048642601412,3399.0
UNIVERSITY HOSPITALS PORTAGE MEDICAL CENTER,OH,-0.08473258998656703,-0.027497526763575354,-0.06183856469737036,2741.0
UNIVERSITY MEDICAL CENTER,NV,-0.0435832162208425,-0.0010695918553759176,-0.026577766474655866,2499.0
UNIVERSITY MEDICAL CENTER,TX,-0.1280103796367254,0.37057324279118026,0.07142306933443689,1877.0
UNIVERSITY MEDICAL CENTER AT BRACKENRIDGE,TX,-0.08662451521717507,0.5708474370173799,0.17636426567664693,1332.0
UNIVERSITY MEDICAL CENTER NEW ORLEANS,LA,0.21267805626501332,-0.04236324014943775,0.1106615376992329,1647.0
UNIVERSITY MEDICAL CENTER OF EL PASO,TX,0.3901406428960455,0.39369768583585485,0.39156346007196924,469.0
UNIVERSITY MEDICAL CENTER-MESABI/ MESABA CLINICS,MN,-0.1296658142135074,0.2611450748119166,0.026658541396662225,2158.0
UNIVERSITY OF ALABAMA HOSPITAL,AL,0.11533850315023085,-0.3603243320137135,-0.0749266309153469,2838.0
UNIVERSITY OF CALIFORNIA DAVIS MEDICAL CENTER,CA,-0.06841473487257285,-0.5750513031428347,-0.2710693621806776,3853.0
UNIVERSITY OF CALIFORNIA IRVINE MED CENTER,CA,-0.028684305029804624,-0.01345768634359438,-0.022593657555320525,2478.0
UNIVERSITY OF CALIFORNIA SAN DIEGO MEDICAL CENTER,CA,-0.1006957091198222,-0.5667925734840223,-0.28713445486550226,3903.0
"UNIVERSITY OF CINCINNATI MEDICAL CENTER, LLC",OH,-0.16774080947949382,-0.372712426501932,-0.2497294562884691,3799.0
UNIVERSITY OF COLORADO HOSPITAL AUTHORITY,CO,-0.10069570911982226,-0.43878226377243085,-0.23593033098086572,3741.0
UNIVERSITY OF ILLINOIS HOSPITAL,IL,0.09121645645997874,-0.15633370944104819,-0.0078036099004320375,2378.0
UNIVERSITY OF IOWA HOSPITAL & CLINICS,IA,-0.15035874642328254,-0.2323140223021218,-0.18314085677481823,3488.0
UNIVERSITY OF KANSAS HOSPITAL,KS,-0.006335938243247262,-0.43465289894302456,-0.17766272252315818,3465.0
UNIVERSITY OF KENTUCKY HOSPITAL,KY,0.20721512216163285,-0.17450291469043533,0.05452790742080557,1978.0
UNIVERSITY OF LOUISVILLE HOSPITAL,KY,0.4000732503567377,0.45316053937930406,0.42130816596576426,373.0
UNIVERSITY OF MIAMI HOSPITAL,FL,0.10043959195919272,-0.6328624107545213,-0.19288120912629292,3546.0
UNIVERSITY OF MICHIGAN HEALTH SYSTEM,MI,-0.03116745689497743,-0.47594654723708635,-0.20907909303182098,3619.0
"UNIVERSITY OF MINNESOTA  MEDICAL CENTER, FAIRVIEW",MN,-0.028684305029804513,-0.38097115616074423,-0.1695990454821804,3414.0
UNIVERSITY OF MISSISSIPPI MED CENTER,MS,0.12278795874574985,0.3292795944971186,0.20538461304629735,1202.0
UNIVERSITY OF MISSISSIPPI MEDICAL CENTER- GRENADA,MS,0.25638152909205864,0.215309125205508,0.23995256753743838,1077.0
UNIVERSITY OF MISSOURI HEALTH CARE,MO,-0.0584821274118808,-0.009328321514188128,-0.038820605052803735,2586.0
UNIVERSITY OF NORTH CAROLINA HOSPITAL,NC,-0.07338103860291884,-0.2983838595726207,-0.16338216699079958,3377.0
UNIVERSITY OF SOUTH ALABAMA MEDICAL CENTER,AL,0.44808085308341594,0.10629389370918474,0.31136606933372346,757.0
UNIVERSITY OF TEXAS HEALTH SCIENCE CENTER AT TYLER,TX,0.16500154045369136,-0.14146799605518595,0.04241372585014043,2059.0
UNIVERSITY OF TEXAS MEDICAL BRANCH,TX,0.11285535128505794,-0.43878226377243085,-0.1077996947379376,3054.0
UNIVERSITY OF TOLEDO MEDICAL CENTER,OH,-0.011302241973593266,-0.14559736088459208,-0.0650202895379928,2766.0
UNIVERSITY OF VERMONT MEDICAL CENTER,VT,-0.11807777217603335,-0.0093283215141881,-0.07457799191129524,2835.0
UNIVERSITY OF VIRGINIA MEDICAL CENTER,VA,0.10788904755471174,-0.17863227951984162,-0.006719483275109614,2371.0
UNIVERSITY OF WASHINGTON MEDICAL CTR,WA,-0.20002178372674304,-0.3149013188902455,-0.245973597792144,3783.0
UNIVERSITY OF WI  HOSPITALS & CLINICS AUTHORITY,WI,-0.21243754305260826,-0.17863227951984154,-0.19891543763950156,3574.0
UNM HOSPITAL,NM,-0.17270711320983975,-0.1332092663963735,-0.15690797448445326,3351.0
UNM SANDOVAL REGIONAL MEDICAL CENTER,NM,-0.16774080947949366,0.37883197244999267,0.05088830329230089,2003.0
UP HEALTH SYSTEM - MARQUETTE,MI,-0.4011570848057579,-0.10843307741993646,-0.2840674818514293,3894.0
UP HEALTH SYSTEM PORTAGE,MI,-0.2687223186631967,0.6117281488285012,0.08345786833348251,1800.0
UPLAND HILLS HEALTH,WI,-0.0733810386029189,-0.07952752361409325,-0.07583963260738864,2845.0
UPMC ALTOONA,PA,-0.21988699864812725,0.0030597729740304835,-0.13070828999926415,3193.0
UPMC BEDFORD MEMORIAL,PA,0.537474320229645,-0.15798545537281053,0.2592904099886628,983.0
UPMC EAST,PA,0.00040404539079373435,-0.10182609369288653,-0.040488010242678375,2598.0
UPMC HAMOT,PA,-0.2745163396819337,-0.20340846849627847,-0.2460731912076716,3785.0
UPMC HORIZON,PA,-0.08473258998656695,0.03692056457516109,-0.036071328161875735,2566.0
UPMC MCKEESPORT,PA,0.33716673643902095,-0.225707038575072,0.11201722643338377,1643.0
UPMC MERCY,PA,0.1401700218019612,-0.08778625327290575,0.04898751177201442,2015.0
UPMC NORTHWEST,PA,-0.039326384451974596,0.002233900008149048,-0.022702270667925135,2479.0
UPMC PASSAVANT,PA,-0.17519026507501292,-0.23231402230212186,-0.19803976796585648,3565.0
UPMC PRESBYTERIAN SHADYSIDE,PA,0.003596669217444899,-0.4883346417253048,-0.193175855159655,3549.0
UPMC ST MARGARET,PA,-0.19257232813122396,-0.309946081094958,-0.2395218293167176,3761.0
UPPER CONNECTICUT VALLEY HOSPITAL,NH,0.6020362687241435,0.155846271662059,0.42356026989930967,366.0
UPPER VALLEY MEDICAL CENTER,OH,0.008917708928529769,0.2599062653630947,0.10931313150235575,1654.0
UPSON REGIONAL MEDICAL CENTER,GA,-0.07007016944935478,0.7554300448918362,0.2601299162871216,976.0
USC VERDUGO HILLS HOSPITAL,CA,-0.09608414137021505,0.36396625906413027,0.08793601880352309,1766.0
USMD HOSPITAL  AT FORT WORTH LP,TX,-1.1659678592790492,0.0,-0.6995807155674295,4136.0
USMD HOSPITAL AT ARLINGTON L P,TX,-0.1131114684456872,0.0,-0.06786688106741232,2794.0
USPHS LAWTON INDIAN HOSPITAL,OK,-0.1528418982884558,0.0,-0.09170513897307347,2946.0
UT SOUTHWESTERN UNIVERSITY HOSPITAL ST PAUL,TX,-0.19505547999639708,-0.44704099343124315,-0.2958496853703355,3920.0
UT SOUTHWESTERN UNIVERSITY HOSPITAL-ZALE LIPSHY,TX,-0.38129186988437386,0.007189137803436548,-0.2258994668092497,3690.0
UTAH VALLEY HOSPITAL,UT,-0.2794826434122798,0.1062938937091849,-0.1251720285636939,3164.0
UVA CULPEPER HOSPITAL,VA,0.12527111061092303,0.3144138811112563,0.20092821881105632,1221.0
UVALDE MEMORIAL HOSPITAL,TX,-0.21574841220617225,0.09638341811861004,-0.09089568007625934,2939.0
VAIL VALLEY MEDICAL CENTER,CO,-0.7487983459299814,0.6761462401672375,-0.17882051149109385,3469.0
VAL VERDE REGIONAL MEDICAL CENTER,TX,-0.07338103860291888,0.24999578977251988,0.05596969274725663,1964.0
VALLEY COUNTY HEALTH SYSTEM,NE,-0.3018310101988373,0.638981956702582,0.07449417656173044,1852.0
VALLEY FORGE MEDICAL CENTER AND HOSPITAL,PA,-0.09324625352430307,0.0,-0.05594775211458184,2706.0
VALLEY HOSPITAL,NJ,-0.028684305029804427,-0.5089814658723358,-0.220803169366817,3671.0
VALLEY HOSPITAL,WA,-0.25216797289537657,-0.03245276455886268,-0.164281889560771,3387.0
VALLEY HOSPITAL MEDICAL CENTER,NV,0.0780912251726356,0.11455262336799721,0.09267578445078024,1744.0
VALLEY MEDICAL CENTER,WA,-0.20676176736078408,0.02205485118929884,-0.1152351199407509,3093.0
VALLEY PRESBYTERIAN HOSPITAL,CA,-0.06770526291109472,-0.12164704487403624,-0.08928197569627133,2927.0
VALLEY REGIONAL HOSPITAL,NH,0.3984178157799556,-0.0423632401494376,0.22210539340819832,1143.0
VALLEY REGIONAL MEDICAL CENTER,TX,-0.07338103860291889,-0.6989322480250201,-0.3236015223717594,3976.0
VALLEY VIEW HOSPITAL ASSOCIATION,CO,-0.1925723281312241,0.031965326779873626,-0.102757266166785,3010.0
VALLEY VIEW MEDICAL CENTER,AZ,-0.059191599373358814,-0.047318477944724976,-0.05444235080190528,2695.0
VALLEY WEST COMMUNITY HOSPITAL,IL,0.4927775866565304,0.06500024541512317,0.3216666501599675,707.0
VALLEYCARE MEDICAL CENTER,CA,-0.22981960610881946,-0.40574734513718136,-0.30019070172016427,3932.0
VALOR HEALTH,ID,-0.0038527863780740135,0.8495795630022972,0.33752015337407454,643.0
VAN BUREN COUNTY HOSPITAL,IA,0.2709493533677401,-0.19102037400806005,0.08616146241742005,1779.0
VAN DIEST MEDICAL CENTER,IA,0.5921036612634515,-0.2488314816197467,0.2557296041101722,1007.0
VAN WERT COUNTY HOSPITAL,OH,-0.2356136271275564,0.34910054567826815,-0.0017279580052265708,2338.0
VANDERBILT UNIVERSITY HOSPITAL,TN,-0.13545983523224442,-0.3149013188902456,-0.2072364286954449,3611.0
VASSAR BROTHERS MEDICAL CENTER,NY,0.04084394719504034,-0.17863227951984154,-0.046946543490912415,2642.0
VAUGHAN REGIONAL MEDICAL CENTER PARKWAY CAMPUS,AL,0.38682977374248156,0.15584627166205903,0.29443637291031255,818.0
VENICE REGIONAL MEDICAL CENTER - BAYFRONT HEALTH,FL,-0.4731684888957757,-0.13320926639637345,-0.3371847998960148,3994.0
VENTURA COUNTY MEDICAL CENTER,CA,-0.16939624405627582,0.3441453078829807,0.0360203767194268,2100.0
VERDE VALLEY MEDICAL CENTER,AZ,-0.37419715026959366,0.28963769213481927,-0.1086632133078285,3060.0
VERNON MEMORIAL HOSPITAL,WI,-0.053515823681534604,0.6513700511908004,0.22843852626739938,1120.0
VETERANS MEMORIAL HOSPITAL,IA,-0.15946363659558363,0.3230855472530093,0.03355603694385356,2113.0
"VHS BROWNSVILLE HOSPITAL COMPANY, LLC",TX,-0.14042613896259054,-0.3851005209901504,-0.2382958917736145,3757.0
VHS HARLINGEN HOSPITAL COMPANY LLC,TX,-0.2695500359515877,-0.4511703582606493,-0.3421981648752124,4003.0
"VIA CHRISTI HOSPITAL MANHATTAN, INC",KS,-0.06770526291109495,0.5027129173321782,0.16046200918621428,1415.0
VIA CHRISTI HOSPITAL PITTSBURG INC,KS,-0.26068163643311276,0.4531605393793039,0.02485523389185393,2168.0
"VIA CHRISTI HOSPITAL WICHITA ST TERESA, INC",KS,-0.14953102913489155,-0.08572157085820248,-0.12400724582421593,3155.0
"VIA CHRISTI HOSPITALS WICHITA, INC",KS,-0.33162883258091325,-0.14972672571399825,-0.25886798983414727,3816.0
VICTOR VALLEY GLOBAL MEDICAL CENTER,CA,0.019323297696874058,0.18062246063849602,0.08384296287352284,1793.0
VIDANT BEAUFORT HOSPITAL,NC,-0.2488571037418125,0.38378721024528006,0.004200621853024555,2302.0
VIDANT BERTIE  HOSPITAL,NC,0.3120041308719344,0.2053986496149332,0.2693619383691339,933.0
VIDANT CHOWAN HOSPITAL,NC,-0.32500709427378527,0.1868165078826054,-0.12027765341122898,3130.0
VIDANT DUPLIN  HOSPITAL,NC,0.44311454935307,0.2599062653630947,0.3698312357570799,526.0
VIDANT EDGECOMBE HOSPITAL,NC,0.025945036004002053,0.1459357960714843,0.07394134003099495,1855.0
VIDANT MEDICAL CENTER,NC,0.12527111061092294,-0.096044982931718,0.03674467319386656,2094.0
VIDANT ROANOKE CHOWAN HOSPITAL,NC,0.11864937230379487,0.2648615031583821,0.17713422464562975,1326.0
VIERA HOSPITAL,FL,-0.11594935629159928,0.017099613394011365,-0.06272976841735502,2747.0
"VILLAGES REGIONAL HOSPITAL, THE",FL,-0.09324625352430305,0.10629389370918485,-0.013430194630907881,2412.0
VIRGINIA GAY HOSPITAL,IA,0.4083504232406476,-0.19102037400805993,0.16860210434116454,1373.0
VIRGINIA HOSPITAL CENTER,VA,-0.25961742849089564,-0.24883148161974664,-0.255303049742436,3811.0
VIRGINIA MASON MEDICAL CENTER,WA,-0.21740384678295416,-0.43465289894302467,-0.30430346764698235,3938.0
VIRTUA MEMORIAL HOSPITAL OF BURLINGTON COUNTY,NJ,-0.027974833068326415,-0.012631813377713108,-0.021837625192081093,2472.0
VIRTUA WEST JERSEY HOSPITALS BERLIN,NJ,0.02310714815808996,-0.06218419133058728,-0.011009387637380939,2394.0
VISTA MEDICAL CENTER EAST,IL,-0.13297668336707147,-0.22818465747271574,-0.17105987300932918,3424.0
W J MANGOLD MEMORIAL HOSPITAL,TX,0.7212275582524486,-0.3561949671843072,0.2902585480777462,837.0
W W HASTINGS INDIAN HOSPITAL,OK,0.4033841195103016,-0.29838385957262054,0.12267692787713275,1593.0
WABASH GENERAL HOSPITAL 1,IL,0.006079821082617953,0.20539864961493323,0.08580735249554407,1783.0
WACCAMAW COMMUNITY HOSPITAL,SC,-0.178382888901664,0.0418758023704485,-0.090279412392819,2937.0
WADLEY REGIONAL MEDICAL CENTER,TX,-0.05599897554670774,-0.3107719540608393,-0.15790816695236037,3353.0
WADLEY REGIONAL MEDICAL CENTER AT HOPE,AR,0.5921036612634513,-0.17243823227573232,0.28628690384777783,861.0
WAGNER COMMUNITY MEMORIAL HOSPITAL - CAH,SD,0.3967623812031736,0.01957723229165531,0.24588832163856625,1055.0
WAGONER COMMUNITY HOSPITAL,OK,0.5424406239599909,-0.017587051173000485,0.3184295539067944,729.0
WAHIAWA GENERAL HOSPITAL,HI,0.28750369913556056,0.4234291126075796,0.3418738645243682,624.0
"WAKEMED, CARY HOSPITAL",NC,-0.19257232813122402,0.15584627166205908,-0.05320488821391078,2688.0
"WAKEMED, RALEIGH CAMPUS",NC,-0.21492069491778118,-0.18689100917865384,-0.20370882062213025,3599.0
WALDO COUNTY GENERAL HOSPITAL,ME,-0.1301387955211594,0.11620436929975975,-0.031601529592791736,2537.0
WALKER BAPTIST MEDICAL CENTER,AL,-0.002433842455118177,0.2797272165442443,0.11043058114462682,1650.0
WALLA WALLA GENERAL HOSPITAL,WA,-0.07905681429474297,0.5324443441039026,0.16554364906471528,1389.0
WALLOWA MEMORIAL HOSPITAL,OR,0.17824501706794746,0.4036081614264297,0.26839027481134037,942.0
WALNUT HILL MEDICAL CENTER,TX,0.5305214950071606,0.27146848688543196,0.42690029175846916,356.0
WALTHALL COUNTY GENERAL HOSPITAL CAH,MS,0.41828303070133976,-0.12495053673756114,0.2009896037257794,1220.0
WAMEGO HEALTH CENTER,KS,0.3967623812031737,0.08151770473274766,0.2706645106150033,924.0
WAR MEMORIAL HOSPITAL INC,WV,0.5027101941172226,0.11455262336799728,0.34744716581753243,596.0
WARD MEMORIAL HOSPITAL,TX,0.5871373575331053,-0.01758705117300045,0.34524759405066296,611.0
WARM SPRINGS MEDICAL CENTER,GA,-0.053515823681534846,0.527489106308615,0.17888614831452512,1314.0
WARREN GENERAL HOSPITAL,PA,-0.2550058607412886,0.03196532677987357,-0.14021738573282375,3253.0
WARREN MEMORIAL HOSPITAL,VA,0.44311454935306993,0.1971399199561207,0.34472469759429025,612.0
WASHAKIE MEDICAL CENTER,WY,0.04183720794110933,0.06500024541512321,0.05110242293071488,2000.0
WASHINGTON COUNTY HOSP INC,NC,0.7559916843648709,0.15584627166205908,0.5159335192837461,181.0
WASHINGTON COUNTY HOSPITAL,AL,-0.1131114684456872,0.0,-0.06786688106741232,2794.0
WASHINGTON COUNTY HOSPITAL,KS,-0.003852786378074201,0.6761462401672375,0.2681468242400505,945.0
WASHINGTON COUNTY HOSPITAL AND CLINICS,IA,0.4133167269709937,0.007189137803436403,0.2508656913039708,1026.0
WASHINGTON COUNTY HOSPITAL*,IL,0.1848667553750755,0.11868198819740328,0.1583928485040066,1427.0
WASHINGTON COUNTY MEMORIAL HOSPITAL,MO,0.6665982172186422,-0.04236324014943752,0.3830136342714103,489.0
WASHINGTON COUNTY REGIONAL MEDICAL CENTER,GA,0.5076764978475686,-0.6204743162663027,0.05641617220202008,1958.0
WASHINGTON HEALTH SYSTEM GREENE,PA,0.5027101941172225,-0.100174347761124,0.2615563773658839,970.0
WASHINGTON HOSPITAL,CA,0.08057437703780868,-0.39335925064896277,-0.1089990740368999,3066.0
"WASHINGTON HOSPITAL, THE",PA,-0.10317886098499522,-0.24883148161974658,-0.16143990923889578,3368.0
WASHINGTON REGIONAL MEDICAL CENTER,AR,-0.18512287253570486,0.16410500132087125,-0.04543172299307442,2631.0
WATAUGA MEDICAL CENTER,NC,-0.039326384451974686,0.13602532048090932,0.03081429752117892,2128.0
WATERBURY HOSPITAL,CT,0.016012428543309976,-0.3685830616725258,-0.13782576754302434,3237.0
WATERTOWN REGIONAL MEDICAL CENTER,WI,-0.2985201410452731,0.08771175197685707,-0.14402738383642102,3278.0
WATSONVILLE COMMUNITY HOSPITAL,CA,-0.05351582368153459,0.24999578977252002,0.06788882170008725,1893.0
WAUKESHA MEMORIAL HOSPITAL,WI,-0.20747123932226214,-0.03823387532003142,-0.13977629372136985,3249.0
WAUPUN MEMORIAL HOSPITAL,WI,0.5523732314206831,-0.20753783332568476,0.24840880552213593,1041.0
WAVERLY HEALTH CENTER,IA,-0.15284189828845568,-0.10843307741993652,-0.13507836994104802,3219.0
WAYNE COUNTY HOSPITAL,IA,0.033891121972555685,-0.3066425892314331,-0.10232236250903984,3007.0
WAYNE COUNTY HOSPITAL,KY,0.5871373575331054,0.4159962559146482,0.5186809168857225,175.0
WAYNE GENERAL HOSPITAL,MS,0.44708759233734685,0.11868198819740332,0.3157253506813694,738.0
WAYNE HOSPITAL,OH,-0.20250493559191607,0.1657567472526339,-0.05520026245409608,2703.0
WAYNE MEDICAL CENTER,TN,0.4679460680048002,0.04022405643868606,0.29685726337835455,803.0
WAYNE MEMORIAL HOSPITAL,GA,-0.07007016944935479,0.13107008268562187,0.010385931404635881,2264.0
WAYNE MEMORIAL HOSPITAL,NC,0.01459348462035383,0.33919007008769325,0.1444321188072896,1485.0
WAYNE MEMORIAL HOSPITAL,PA,0.11108167138136274,0.6365043378049382,0.32125073795079295,712.0
WAYNESBORO HOSPITAL,PA,0.22128631606427987,-0.15137847164576082,0.07222040098026358,1871.0
"WEATHERFORD REGIONAL HOSPITAL, INC OF WEATHERFORD",OK,0.2510841384463561,0.9734605078844826,0.5400346862216068,141.0
WEATHERFORD REGIONAL MEDICAL CENTER,TX,-0.32027728119726523,0.1905329362290708,-0.1159531942267308,3099.0
WEBSTER COUNTY COMMUNITY HOSPITAL,NE,0.1054058956895388,0.527489106308615,0.2742391799371693,904.0
WEBSTER COUNTY MEMORIAL HOSPITAL,WV,0.24446240013922801,-0.042363240149437875,0.12973214402376165,1561.0
WEBSTER GENERAL HOSPITAL/ SWING BED,MS,0.37954586160464066,-0.1414679960551859,0.17114031854071002,1357.0
WEDOWEE HOSPITAL,AL,0.37358629712822555,-0.2405727519609342,0.12792267749256164,1573.0
WEEKS MEDICAL CENTER,NH,0.002768951929053779,0.12487603544151266,0.05161178533403733,1994.0
WEIRTON MEDICAL CENTER,WV,-0.05635371152744669,-0.225707038575072,-0.12409504234649682,3157.0
WEISBROD MEMORIAL COUNTY HOSPITAL,CO,-0.1528418982884558,0.0,-0.09170513897307347,2946.0
WEISER MEMORIAL HOSPITAL,ID,-0.728933131008597,0.6761462401672375,-0.1669013825382632,3402.0
WELCH COMMUNITY HOSPITAL,WV,0.35703195136040505,-0.19102037400806005,0.13781102121301902,1518.0
WELLINGTON REGIONAL MEDICAL CENTER,FL,0.0741891293845065,0.3936976858358549,0.20199255196504587,1212.0
WELLMONT BRISTOL REGIONAL MEDICAL CENTER,TN,0.043327099060213176,-0.236443387131528,-0.0685810954164833,2798.0
WELLMONT HANCOCK COUNTY HOSPITAL,TN,0.06567546584677021,1.171670019695979,0.5080732873864537,196.0
WELLMONT HAWKINS COUNTY MEMORIAL HOSPITAL,TN,0.4381482456227241,-0.4140060747959937,0.09728651745523695,1722.0
WELLMONT HOLSTON VALLEY MEDICAL CENTER,TN,-0.00136963451290123,-0.10430371259053028,-0.042543265743952854,2615.0
WELLSPAN SURGERY AND REHABILITATION HOSPITAL,PA,-0.9176526727617469,0.0,-0.5505916036570481,4116.0
WELLSTAR ATLANTA MEDICAL CENTER,GA,0.08270279292224274,0.24999578977251993,0.14961999166235362,1462.0
WELLSTAR COBB HOSPITAL,GA,-0.07621892644883098,-0.042363240149437556,-0.06267665192907361,2746.0
WELLSTAR DOUGLAS HOSPITAL,GA,-0.15284189828845557,-0.0720946669211622,-0.12054300574153821,3131.0
WELLSTAR KENNESTONE HOSPITAL,GA,-0.08579679792878409,-0.2901251299138084,-0.16752813072279382,3406.0
WELLSTAR NORTH FULTON HOSPITAL,GA,0.045810250925386216,0.09638341811861015,0.06603951780267579,1908.0
WELLSTAR PAULDING HOSPITAL,GA,-0.06543495263436501,-0.10017434776112417,-0.07933071068506867,2868.0
WELLSTAR SPALDING REGIONAL HOSPITAL,GA,-0.03365060876015059,0.49775767953689076,0.17891270655866595,1313.0
WELLSTAR SYLVAN GROVE HOSPITAL,GA,-0.053515823681534846,0.0,-0.032109494208920904,2541.0
WELLSTAR WEST GEORGIA MEDICAL CENTER,GA,-0.23230275797399244,0.041875802370448426,-0.12263133383621609,3141.0
WENTWORTH-DOUGLASS HOSPITAL,NH,-0.27203318781676084,0.2599062653630947,-0.05925740654481862,2729.0
WESLEY MEDICAL CENTER,KS,-0.28693209900779887,-0.27773703542558975,-0.2832540735749152,3891.0
WEST ANAHEIM MEDICAL CENTER,CA,0.25770587675348416,-0.21579656298449718,0.0683049008582916,1891.0
WEST BOCA MEDICAL CENTER,FL,0.07135124153859447,0.1657567472526339,0.10911344382421023,1658.0
WEST BRANCH REGIONAL MEDICAL CENTER,MI,-0.08331364606361087,-0.07333347636998386,-0.07932157818616006,2867.0
WEST CALCASIEU CAMERON HOSPITAL,LA,-0.16135556182619168,0.18062246063849607,-0.024564352840316578,2492.0
WEST CARROLL MEMORIAL HOSPITAL,LA,0.48284497919583824,-0.06713942912587474,0.26285121586715304,962.0
"WEST CHESTER HOSPITAL, LLC",OH,0.02594503600400198,-0.4090508370007063,-0.14805331319788134,3302.0
WEST COVINA MEDICAL CENTER,CA,-1.2156308965825096,0.0,-0.7293785379495057,4144.0
WEST FLORIDA HOSPITAL,FL,0.0011135173522718173,0.007189137803436625,0.0035437655327377406,2307.0
WEST HILLS HOSPITAL & MEDICAL CENTER,CA,-0.03861691249049642,-0.5502751141663976,-0.24328019316085692,3777.0
WEST HOLT MEMORIAL HOSPITAL,NE,0.27094935336774045,-0.19102037400806005,0.08616146241742025,1778.0
WEST HOUSTON MEDICAL CENTER,TX,-0.17270711320983986,-0.45117035826064944,-0.2840924112301637,3895.0
WEST JEFFERSON MEDICAL CENTER,LA,-0.2049880874570891,-0.2570902112785591,-0.22582893698567708,3689.0
WEST KENDALL BAPTIST HOSPITAL,FL,0.28750369913556045,-0.10182609369288671,0.13177178200418158,1544.0
WEST PALM HOSPITAL,FL,0.035877643464694055,0.12611484489033445,0.07197252403495022,1873.0
WEST PARK HOSPITAL DISTRICT,WY,-0.3051418793524012,0.2611450748119167,-0.07862709768667404,2862.0
WEST RIVER REGIONAL MEDICAL CENTER-CAH,ND,0.296111958934827,-0.19721442125216926,0.09878140686002848,1712.0
WEST SHORE MEDICAL CENTER,MI,-0.03365060876015035,0.1806224606384961,0.052058618999308234,1989.0
WEST SUBURBAN MEDICAL CENTER,IL,0.04864813877129833,-0.1563337094410483,-0.03334460051364032,2551.0
WEST VALLEY HOSPITAL,OR,-0.09324625352430309,1.2955509645781644,0.462272633716684,276.0
WEST VALLEY MEDICAL CENTER,ID,-0.1358145712129835,0.08647294252803525,-0.04689956571657599,2640.0
WEST VIRGINIA UNIVERSITY HOSPITALS,WV,0.05822601025125139,0.00718913780343657,0.03781126127212546,2087.0
WESTCHESTER GENERAL HOSPITAL,FL,0.8006884179379854,-0.19721442125216937,0.40152728226192347,435.0
WESTCHESTER MEDICAL CENTER,NY,0.0060798210826178145,-0.20753783332568498,-0.0793672406807033,2869.0
WESTERLY HOSPITAL,RI,-0.10743569275386321,-0.012631813377713196,-0.0695141410034032,2808.0
WESTERN ARIZONA REGIONAL MEDICAL CENTER,AZ,0.05432391446312219,0.32927959449711863,0.16430618647672077,1397.0
WESTERN MISSOURI MEDICAL CENTER,MO,-0.12503059739851774,0.2983093582765722,0.044305384871518236,2045.0
WESTERN PENNSYLVANIA HOSPITAL,PA,-0.16029135388397459,-0.2736076705961837,-0.2056178805688582,3608.0
WESTERN PLAINS MEDICAL COMPLEX,KS,-0.2237890944362562,0.3738767346547053,0.015277237200128385,2235.0
WESTFIELDS HOSPITAL AND CLINIC,WI,-0.12503059739851768,-0.23231402230212173,-0.1679439673599593,3408.0
WESTLAKE COMMUNITY HOSPITAL,IL,0.17162327876081931,-0.10678133148817404,0.060261434661221976,1934.0
WESTON COUNTY HEALTH SERVICES,WY,-0.1528418982884558,1.2955509645781644,0.42651524685819237,360.0
WESTSIDE REGIONAL MEDICAL CENTER,FL,0.06567546584677038,-0.12907990156696736,-0.01222668111872472,2405.0
WETZEL COUNTY HOSPITAL,WV,0.4878112829261845,-0.017587051173000634,0.28565194928651044,867.0
WHEATON FRANCISCAN HEALTHCARE ALL SAINTS,WI,-0.1056620128501682,-0.2901251299138084,-0.1794472596756243,3473.0
WHEATON FRANCISCAN HEALTHCARE FRANKLIN,WI,0.3984178157799555,-0.17450291469043544,0.16924952359179912,1370.0
WHEATON FRANCISCAN HEALTHCARE ST FRANCIS,WI,-0.2074712393222622,-0.5461457493369913,-0.3429410433281539,4005.0
WHEATON FRANCISCAN ST JOSEPH,WI,-0.19008917626605099,-0.17863227951984162,-0.18550641756756725,3501.0
WHEELING HOSPITAL,WV,0.1650015404536913,0.26320975722661966,0.20428482716286267,1204.0
WHIDBEY GENERAL HOSPITAL,WA,-0.23892449628112047,0.6117281488285011,0.1013365617627282,1692.0
WHITE COUNTY MEDICAL CENTER,AR,-0.05635371152744685,0.5919071976473514,0.2029506521424725,1208.0
WHITE MEMORIAL MEDICAL CENTER,CA,0.048648138771298255,-0.45860321495358053,-0.15425240271865326,3333.0
WHITE MOUNTAIN REGIONAL MEDICAL CENTER,AZ,-0.01378539383876625,0.8248033740258602,0.3216501133070844,708.0
WHITE PLAINS HOSPITAL CENTER,NY,0.09973011999771485,-0.13155752046461117,0.007215063812784438,2284.0
WHITE RIVER MEDICAL CENTER,AR,0.11108167138136278,0.393697685835855,0.2241280771631597,1137.0
WHITERIVER PHS INDIAN HOSPITAL,AZ,0.03587764346469404,0.7752509960729859,0.33162698450801076,663.0
WHITESBURG ARH HOSPITAL,KY,0.7649310310794938,-0.06218419133058735,0.43408494211546134,332.0
WHITFIELD MEDICAL SURGICAL HOSPITAL,MS,0.006079821082617859,1.6671937992247206,0.670525412339459,52.0
WHITMAN HOSPITAL AND MEDICAL CENTER,WA,-0.2442218869268229,0.1475875420032465,-0.08749811535479513,2918.0
WHITTIER HOSPITAL MEDICAL CENTER,CA,0.12527111061092305,-0.2554384653467965,-0.027012719772164767,2501.0
WICHITA COUNTY HEALTH CENTER,KS,-0.1131114684456872,0.0,-0.06786688106741232,2794.0
WICKENBURG COMMUNITY HOSPITAL,AZ,0.2245971852178439,-0.463558452748868,-0.050665069968840876,2673.0
WILBARGER GENERAL HOSPITAL,TX,-0.20250493559191607,0.8991319409551711,0.23814981502691884,1086.0
WILCOX MEMORIAL HOSPITAL,HI,-0.19541021597713604,0.3540557834735557,0.02437618380314069,2174.0
WILKES REGIONAL MEDICAL CENTER,NC,0.22459718521784397,0.6451760039466912,0.3928287127093829,463.0
WILKES-BARRE GENERAL HOSPITAL,PA,-0.11807777217603338,0.023706597121061285,-0.06136402445719551,2739.0
WILLAMETTE VALLEY MEDICAL CENTER,OR,-0.10743569275386312,0.14593579607148408,-0.00608709722372424,2366.0
WILLAPA HARBOR HOSPITAL,WA,0.27094935336774034,0.564653389773271,0.3884309679299526,475.0
WILLIAM BEE RIRIE HOSPITAL,NV,0.537474320229645,0.007189137803436422,0.3253602472591616,694.0
WILLIAM NEWTON HOSPITAL,KS,0.13321719657947667,0.47174268111163187,0.26862739039233874,940.0
WILLIAM W BACKUS HOSPITAL,CT,-0.07338103860291885,-0.20588608739392228,-0.1263830581193202,3168.0
WILLIAMSBURG REGIONAL HOSPITAL,SC,0.6070025724544894,0.048482786097498454,0.383594657911693,484.0
WILLIAMSON MEDICAL CENTER,TN,-0.2039238795148721,0.21035388741022065,-0.03821277274483499,2582.0
WILLIAMSON MEMORIAL HOSPITAL,WV,0.7063286470614105,-0.0753981587846871,0.3936379247229715,456.0
WILLIAMSPORT REGIONAL MEDICAL CENTER,PA,-0.2894152508729719,0.0030597729740304467,-0.17242524133417095,3436.0
WILLIS KNIGHTON BOSSIER HEALTH CENTER,LA,-0.2819657952774528,-0.38097115616074423,-0.32156793963076935,3970.0
WILLIS KNIGHTON MEDICAL CENTER,LA,-0.3688761105585088,-0.5626632086546163,-0.44639094979695176,4095.0
WILLS MEMORIAL HOSPITAL,GA,0.4530471568137623,-0.24057275196093422,0.17559919330388368,1333.0
WILSON MEDICAL CENTER,KS,0.2709493533677405,0.4407724448910854,0.3388785899770785,636.0
WILSON MEDICAL CENTER,NC,-0.10175991706203913,0.2648615031583822,0.044888651026129406,2042.0
WILSON MEMORIAL HOSPITAL,OH,-0.28196579527745297,0.3738767346547053,-0.01962878330458967,2457.0
WILSON N JONES REGIONAL MEDICAL CENTER,TX,-0.0435832162208426,-0.3438068726960886,-0.16367267881094102,3379.0
WINCHESTER HOSPITAL,MA,-0.1414903469048075,-0.42887178818185606,-0.2564429234156269,3815.0
WINCHESTER MEDICAL CENTER,VA,0.1501026292626531,-0.1992791036668724,0.010349936090842893,2265.0
WINDBER HOSPITAL,PA,0.35372108220684123,-0.32316004854905783,0.08296862990448159,1804.0
WINDHAM COMM MEM HOSP & HATCH HOSP,CT,-0.07905681429474296,0.20044341181964578,0.032743276151012544,2118.0
WINDOM AREA HOSPITAL,MN,-0.01378539383876626,0.9239081299316082,0.3612920156693835,553.0
WINN PARISH MEDICAL CENTER,LA,0.5871373575331055,-0.05888069946706235,0.3287301347330383,677.0
WINNER REGIONAL HEALTHCARE CENTER - CAH,SD,0.4960884558100945,0.6513700511908006,0.5582010939623769,126.0
WINNESHIEK MEDICAL CENTER,IA,-0.1556797861343677,0.299548167725394,0.026411395409536992,2161.0
WINONA HEALTH SERVICES,MN,-0.13297668336707152,-0.09191561810231183,-0.11655225726116764,3103.0
WINSTON MEDICAL CENTER & SWINGBED,MS,0.4927775866565303,0.35405578347355543,0.43728886538334033,323.0
WINTER HAVEN HOSPITAL,FL,-0.08579679792878395,-0.06713942912587473,-0.07833385040762025,2860.0
WINTHROP-UNIVERSITY HOSPITAL,NY,0.0011135173522717479,-0.6535092349015522,-0.26073558354925785,3821.0
WIREGRASS MEDICAL CENTER,AL,0.3785526008585714,0.18062246063849619,0.2993805447705413,794.0
WISE REGIONAL HEALTH SYSTEM,TX,-0.17022396134466677,-0.18276164434924771,-0.17523903454649914,3452.0
WISHEK COMMUNITY HOSPITAL,ND,0.46960150258158234,0.13107008268562192,0.33418893462319815,652.0
WITHAM HEALTH SERVICES,IN,-0.18122077674757583,0.21035388741022049,-0.024590911084457295,2493.0
WOMAN'S CHRISTIAN ASSOCIATION,NY,-0.07338103860291888,0.23017483859137017,0.048041312274796744,2023.0
WOMAN'S HOSPITAL,LA,-0.07338103860291896,0.0,-0.04402862316175137,2628.0
"WOMANS HOSPITAL OF TEXAS,THE",TX,-0.09324625352430307,0.0,-0.05594775211458184,2706.0
WOMEN AND INFANTS HOSPITAL OF RHODE ISLAND,RI,-0.1131114684456872,0.0,-0.06786688106741232,2794.0
WOMEN'S AND CHILDREN'S HOSPITAL,LA,0.3750052410511814,-0.21579656298449712,0.13868451943690996,1512.0
WOOD COUNTY HOSPITAL,OH,-0.1760179823634039,0.205398649614933,-0.023451329572069135,2483.0
WOODHULL MEDICAL AND MENTAL HEALTH CENTER,NY,0.6060093117084204,0.31441388111125623,0.48937113946955474,228.0
WOODLAND HEIGHTS MEDICAL CENTER,TX,-0.1379429870974176,-0.2694783057667774,-0.1905571145651615,3531.0
WOODLAND MEMORIAL HOSPITAL,CA,-0.19919406643835194,0.9734605078844825,0.2698677632907819,931.0
WOODLAWN HOSPITAL,IN,-0.17270711320983975,0.01544786746224902,-0.09744512094100424,2979.0
WOOSTER COMMUNITY HOSPITAL,OH,-0.1727071132098399,0.16575674725263373,-0.03732156902485044,2576.0
WRAY COMMUNITY DISTRICT HOSPITAL,CO,-0.709067916087213,0.4036081614264297,-0.26399748508175586,3830.0
WRIGHT MEMORIAL HOSPITAL,MO,0.5126428015779146,-0.01758705117300045,0.3005508604775486,785.0
WUESTHOFF MEDICAL CENTER-MELBOURNE,FL,-0.019461169530590357,-0.0076765755824256265,-0.014747331951324464,2426.0
WUESTHOFF MEDICAL CENTER-ROCKLEDGE,FL,0.08305752890298163,-0.24470211679034035,-0.04804632937434717,2651.0
WYANDOT MEMORIAL HOSPITAL,OH,-0.1369497263513481,-0.025845780831812954,-0.09250814814353404,2951.0
WYCKOFF HEIGHTS MEDICAL CENTER,NY,0.8801492776235221,0.3391900700876933,0.6637655946091905,55.0
WYOMING COUNTY COMMUNITY HOSPITAL,NY,0.6219014836455278,-0.21579656298449723,0.28682226499351776,856.0
WYOMING MEDICAL CENTER,WY,-0.08331364606361084,-0.07539815878468703,-0.08014745115204132,2875.0
WYTHE COUNTY COMMUNITY HOSPITAL,VA,-0.20108599166896016,0.34414530788298076,0.01700652815181622,2219.0
YAKIMA REGIONAL MEDICAL AND CARDIAC CENTER,WA,-0.09572940538947618,-0.08365688844349935,-0.09090039861108545,2940.0
YAKIMA VALLEY MEMORIAL HOSPITAL,WA,-0.2578437485872005,0.82480337402586,0.17521510045802374,1334.0
YALE-NEW HAVEN HOSPITAL,CT,0.15755208485817235,-0.7773901797837376,-0.21642482099859167,3652.0
YALOBUSHA GENERAL HOSPITAL,MS,0.5225754090386068,-0.0010695918553756307,0.3131174086810138,750.0
YAMPA VALLEY MEDICAL CENTER,CO,-0.2819657952774529,0.10629389370918493,-0.12666191968279777,3169.0
YAVAPAI REGIONAL MEDICAL CENTER,AZ,-0.15532505015362874,0.3003740406912754,0.026954586184332927,2156.0
YAVAPAI REGIONAL MEDICAL CENTER-EAST CAMPUS,AZ,-0.1443282347507196,0.2797272165442444,0.025293945767266,2166.0
YOAKUM COMMUNITY HOSPITAL,TX,0.5821710538027591,-0.09191561810231173,0.3125363850407308,751.0
YOAKUM COUNTY HOSPITAL,TX,0.44808085308341594,-0.08365688844349939,0.23538575647264978,1104.0
YORK GENERAL HOSPITAL,NE,-0.11642233759925143,0.45316053937930384,0.1114108131921707,1645.0
YORK HOSPITAL,ME,-0.10175991706203917,-0.20588608739392228,-0.14341038519479243,3274.0
YORK HOSPITAL,PA,-0.1379429870974175,-0.1373386312257798,-0.13770124474876244,3234.0
YUKON KUSKOKWIM DELTA REG HOSPITAL,AK,0.3586873859371872,-0.4057473451371812,0.05291349350743982,1984.0
YUMA DISTRICT HOSPITAL,CO,0.5474069276903369,-0.30251322440202677,0.20743886685339147,1190.0
YUMA REGIONAL MEDICAL CENTER,AZ,-0.07089788673774584,-0.26121957610796515,-0.14702656248583357,3295.0
ZUNI COMPREHENSIVE COMMUNITY HEALTH CENTER,NM,0.07560807330746261,0.7504748070965488,0.3455547668230971,606.0
